2026-09-24T17:37:54.844135378Z AWSTOE version AWSTaskOrchestratorAndExecutor-1.0.20577.0 (built 2026-09-21_04:50:15PM) starting
2026-09-24T17:37:54.846752334Z Setup: Currently validating document arn:aws:imagebuilder:us-east-1:242193017400:component/cofre-t003-20260924-invoke-kiwi-ng/1.0.0/1
2026-09-24T17:37:55.413267301Z Using state directory /var/lib/amazon/toe
2026-09-24T17:37:55.708051426Z Executor: STARTED EXECUTION OF ALL DOCUMENTS
2026-09-24T17:37:55.708617189Z Document arn:aws:imagebuilder:us-east-1:242193017400:component/cofre-t003-20260924-invoke-kiwi-ng/1.0.0/1
2026-09-24T17:37:55.709000317Z Phase build
2026-09-24T17:37:55.709477311Z Step RemoveTrailingSlash
2026-09-24T17:37:55.710088890Z ExecuteBash: STARTED EXECUTION
2026-09-24T17:37:55.712973653Z Stdout: local:/usr/share/kiwi-image-descriptions-examples/al2023/attestable-image-example
2026-09-24T17:37:55.713625216Z CmdExecution: Command execution has been completed
2026-09-24T17:37:55.713628918Z CmdExecution: Command execution was completed successfully
2026-09-24T17:37:55.713631800Z CmdExecution: Stderr: 
2026-09-24T17:37:55.713635175Z CmdExecution: ExitCode 0
2026-09-24T17:37:55.713684519Z ExecuteBash: FINISHED EXECUTION
2026-09-24T17:37:55.718130370Z Step CheckRecipeType
2026-09-24T17:37:55.718834863Z ExecuteBash: STARTED EXECUTION
2026-09-24T17:37:55.720168836Z Stdout: local
2026-09-24T17:37:55.720237593Z CmdExecution: Command execution has been completed
2026-09-24T17:37:55.720240454Z CmdExecution: Command execution was completed successfully
2026-09-24T17:37:55.720243364Z CmdExecution: Stderr: 
2026-09-24T17:37:55.720247033Z CmdExecution: ExitCode 0
2026-09-24T17:37:55.720309127Z ExecuteBash: FINISHED EXECUTION
2026-09-24T17:37:55.725745190Z Step AssertS3Source
2026-09-24T17:37:55.725868949Z If: StringEquals: Is 'local' equal to 's3'? false
2026-09-24T17:37:55.725874831Z If: condition evaluated to 'false' and 'Else' defines the action as Skip
2026-09-24T17:37:55.727074482Z Executor: ACTION MODULE EXECUTION SKIPPED
2026-09-24T17:37:55.730927613Z Step InstallPreRequisites
2026-09-24T17:37:55.731508800Z ExecuteBash: STARTED EXECUTION
2026-09-24T17:37:56.049481392Z Stdout: Last metadata expiration check: 0:02:49 ago on Thu Sep 24 17:35:07 2026.
2026-09-24T17:37:56.167734702Z Stdout: Dependencies resolved.
2026-09-24T17:37:56.230317583Z Stdout: ==========================================================================================
2026-09-24T17:37:56.230324110Z Stdout:  Package                         Arch    Version                        Repository    Size
2026-09-24T17:37:56.230329033Z Stdout: ==========================================================================================
2026-09-24T17:37:56.230332159Z Stdout: Installing:
2026-09-24T17:37:56.230334674Z Stdout:  aws-nitro-tpm-tools             x86_64  1.1.2-1.amzn2023               amazonlinux  1.9 M
2026-09-24T17:37:56.230337339Z Stdout:  cargo                           x86_64  1.98.0-1.amzn2023              amazonlinux  8.3 M
2026-09-24T17:37:56.230353745Z Stdout:  erofs-utils                     x86_64  1.8.6-1.amzn2023.0.1           amazonlinux  154 k
2026-09-24T17:37:56.230358004Z Stdout:  git                             x86_64  2.50.1-1.amzn2023.0.1          amazonlinux   53 k
2026-09-24T17:37:56.230361508Z Stdout:  kiwi-cli                        noarch  10.3.0-1.amzn2023              amazonlinux   36 k
2026-09-24T17:37:56.230365762Z Stdout:  python3-poetry-core             noarch  1.6.1-1.amzn2023.0.1           amazonlinux  710 k
2026-09-24T17:37:56.230368392Z Stdout:  qemu-img                        x86_64  2:11.0.0-1.amzn2023            amazonlinux  2.6 M
2026-09-24T17:37:56.230371418Z Stdout:  veritysetup                     x86_64  2.6.1-1.amzn2023.0.1           amazonlinux   37 k
2026-09-24T17:37:56.230374045Z Stdout: Installing dependencies:
2026-09-24T17:37:56.230376537Z Stdout:  aardvark-dns                    x86_64  2:1.17.1-1.amzn2023.0.1        amazonlinux  969 k
2026-09-24T17:37:56.230381290Z Stdout:  annobin-docs                    noarch  12.69-1.amzn2023.0.1           amazonlinux   93 k
2026-09-24T17:37:56.230397950Z Stdout:  annobin-plugin-gcc              x86_64  12.69-1.amzn2023.0.1           amazonlinux  974 k
2026-09-24T17:37:56.230400890Z Stdout:  brotli                          x86_64  1.0.9-4.amzn2023.0.2           amazonlinux  314 k
2026-09-24T17:37:56.230403840Z Stdout:  brotli-devel                    x86_64  1.0.9-4.amzn2023.0.2           amazonlinux   31 k
2026-09-24T17:37:56.230406859Z Stdout:  buildah                         x86_64  2:1.43.1-1.amzn2023.0.1        amazonlinux   10 M
2026-09-24T17:37:56.230409695Z Stdout:  cairo                           x86_64  1.18.0-4.amzn2023.0.3          amazonlinux  717 k
2026-09-24T17:37:56.230412365Z Stdout:  cmake-filesystem                x86_64  3.22.2-1.amzn2023.0.6          amazonlinux   12 k
2026-09-24T17:37:56.230415009Z Stdout:  container-selinux               noarch  4:2.245.0-1.amzn2023           amazonlinux   58 k
2026-09-24T17:37:56.230421478Z Stdout:  containers-common               x86_64  5:0.67.0-1.amzn2023.0.2        amazonlinux   97 k
2026-09-24T17:37:56.230424383Z Stdout:  containers-common-extra         x86_64  5:0.67.0-1.amzn2023.0.2        amazonlinux  9.2 k
2026-09-24T17:37:56.230427043Z Stdout:  cpp                             x86_64  11.5.0-5.amzn2023.0.5          amazonlinux   11 M
2026-09-24T17:37:56.230430078Z Stdout:  device-mapper-event             x86_64  1.02.185-1.amzn2023.0.5        amazonlinux   31 k
2026-09-24T17:37:56.230433301Z Stdout:  device-mapper-event-libs        x86_64  1.02.185-1.amzn2023.0.5        amazonlinux   30 k
2026-09-24T17:37:56.230436014Z Stdout:  device-mapper-persistent-data   x86_64  0.9.0-7.amzn2023.0.4           amazonlinux  791 k
2026-09-24T17:37:56.230438779Z Stdout:  fontconfig                      x86_64  2.13.94-2.amzn2023.0.2         amazonlinux  273 k
2026-09-24T17:37:56.230441358Z Stdout:  fonts-filesystem                noarch  1:2.0.5-12.amzn2023.0.2        amazonlinux  9.5 k
2026-09-24T17:37:56.230454335Z Stdout:  freetype                        x86_64  2.13.2-5.amzn2023.0.2          amazonlinux  422 k
2026-09-24T17:37:56.230457294Z Stdout:  fuse3-libs                      x86_64  3.10.4-1.amzn2023.0.2          amazonlinux   92 k
2026-09-24T17:37:56.230460078Z Stdout:  gc                              x86_64  8.0.4-5.amzn2023.0.2           amazonlinux  105 k
2026-09-24T17:37:56.230463263Z Stdout:  gcc                             x86_64  11.5.0-5.amzn2023.0.5          amazonlinux   36 M
2026-09-24T17:37:56.230466091Z Stdout:  gcc-plugin-annobin              x86_64  11.5.0-5.amzn2023.0.5          amazonlinux   38 k
2026-09-24T17:37:56.230468863Z Stdout:  git-core                        x86_64  2.50.1-1.amzn2023.0.1          amazonlinux  4.9 M
2026-09-24T17:37:56.230473831Z Stdout:  git-core-doc                    noarch  2.50.1-1.amzn2023.0.1          amazonlinux  2.8 M
2026-09-24T17:37:56.230476425Z Stdout:  glibc-devel                     x86_64  2.34-231.amzn2023.0.5          amazonlinux   33 k
2026-09-24T17:37:56.230479647Z Stdout:  glibc-headers-x86               noarch  2.34-231.amzn2023.0.5          amazonlinux  439 k
2026-09-24T17:37:56.230482536Z Stdout:  google-noto-fonts-common        noarch  20240401-1.amzn2023.0.2        amazonlinux   17 k
2026-09-24T17:37:56.230485147Z Stdout:  google-noto-sans-vf-fonts       noarch  20240401-1.amzn2023.0.2        amazonlinux  593 k
2026-09-24T17:37:56.230489062Z Stdout:  graphite2                       x86_64  1.3.14-7.amzn2023.0.3          amazonlinux   97 k
2026-09-24T17:37:56.230491744Z Stdout:  grub2-efi-x64                   x86_64  1:2.06-61.amzn2023.0.22        amazonlinux  1.3 M
2026-09-24T17:37:56.230495111Z Stdout:  grub2-efi-x64-modules           noarch  1:2.06-61.amzn2023.0.22        amazonlinux  1.0 M
2026-09-24T17:37:56.230497849Z Stdout:  grub2-pc                        x86_64  1:2.06-61.amzn2023.0.22        amazonlinux   10 k
2026-09-24T17:37:56.230500792Z Stdout:  grub2-tools-efi                 x86_64  1:2.06-61.amzn2023.0.22        amazonlinux  538 k
2026-09-24T17:37:56.230506045Z Stdout:  grub2-tools-extra               x86_64  1:2.06-61.amzn2023.0.22        amazonlinux  838 k
2026-09-24T17:37:56.230510258Z Stdout:  guile22                         x86_64  2.2.7-2.amzn2023.0.3           amazonlinux  6.4 M
2026-09-24T17:37:56.230512927Z Stdout:  harfbuzz                        x86_64  7.0.0-2.amzn2023.0.2           amazonlinux  873 k
2026-09-24T17:37:56.230515560Z Stdout:  iptables-libs                   x86_64  1.8.8-3.amzn2023.0.2           amazonlinux  401 k
2026-09-24T17:37:56.230518225Z Stdout:  iptables-nft                    x86_64  1.8.8-3.amzn2023.0.2           amazonlinux  183 k
2026-09-24T17:37:56.230520838Z Stdout:  json-c-devel                    x86_64  0.14-8.amzn2023.0.2            amazonlinux   43 k
2026-09-24T17:37:56.230523440Z Stdout:  kernel6.18-headers              x86_64  1:6.18.48-109.150.amzn2023     amazonlinux  1.5 M
2026-09-24T17:37:56.230527020Z Stdout:  keyutils-libs-devel             x86_64  1.6.3-1.amzn2023.0.2           amazonlinux   55 k
2026-09-24T17:37:56.230529594Z Stdout:  kiwi-systemdeps-bootloaders     x86_64  10.3.0-1.amzn2023              amazonlinux   13 k
2026-09-24T17:37:56.230532205Z Stdout:  kiwi-systemdeps-containers      x86_64  10.3.0-1.amzn2023              amazonlinux   13 k
2026-09-24T17:37:56.230535557Z Stdout:  kiwi-systemdeps-core            x86_64  10.3.0-1.amzn2023              amazonlinux   14 k
2026-09-24T17:37:56.230539109Z Stdout:  kiwi-systemdeps-disk-images     x86_64  10.3.0-1.amzn2023              amazonlinux   13 k
2026-09-24T17:37:56.230541466Z Stdout:  kiwi-systemdeps-filesystems     x86_64  10.3.0-1.amzn2023              amazonlinux   13 k
2026-09-24T17:37:56.230550054Z Stdout:  kpartx                          x86_64  0.8.7-16.amzn2023.0.2          amazonlinux   50 k
2026-09-24T17:37:56.230552373Z Stdout:  krb5-devel                      x86_64  1.21.3-8.amzn2023.0.1          amazonlinux  133 k
2026-09-24T17:37:56.230555776Z Stdout:  langpacks-core-font-en          noarch  3.0-21.amzn2023.0.4            amazonlinux   10 k
2026-09-24T17:37:56.230558161Z Stdout:  libX11                          x86_64  1.8.10-2.amzn2023.0.1          amazonlinux  659 k
2026-09-24T17:37:56.230560469Z Stdout:  libX11-common                   noarch  1.8.10-2.amzn2023.0.1          amazonlinux  147 k
2026-09-24T17:37:56.230562916Z Stdout:  libXau                          x86_64  1.0.11-6.amzn2023.0.1          amazonlinux   33 k
2026-09-24T17:37:56.230565249Z Stdout:  libXext                         x86_64  1.3.6-1.amzn2023.0.1           amazonlinux   42 k
2026-09-24T17:37:56.230568513Z Stdout:  libXrender                      x86_64  0.9.11-6.amzn2023.0.1          amazonlinux   29 k
2026-09-24T17:37:56.230570931Z Stdout:  libbrotli                       x86_64  1.0.9-4.amzn2023.0.2           amazonlinux  315 k
2026-09-24T17:37:56.230573252Z Stdout:  libcom_err-devel                x86_64  1.46.5-2.amzn2023.0.2          amazonlinux   17 k
2026-09-24T17:37:56.230575646Z Stdout:  libcurl-devel                   x86_64  8.21.0-5.amzn2023.0.1          amazonlinux  847 k
2026-09-24T17:37:56.230577946Z Stdout:  libidn2-devel                   x86_64  2.3.2-1.amzn2023.0.5           amazonlinux   59 k
2026-09-24T17:37:56.230580376Z Stdout:  libkadm5                        x86_64  1.21.3-8.amzn2023.0.1          amazonlinux   77 k
2026-09-24T17:37:56.230582681Z Stdout:  libmpc                          x86_64  1.2.1-2.amzn2023.0.2           amazonlinux   62 k
2026-09-24T17:37:56.230584996Z Stdout:  libnetfilter_conntrack          x86_64  1.0.8-2.amzn2023.0.2           amazonlinux   58 k
2026-09-24T17:37:56.230587332Z Stdout:  libnfnetlink                    x86_64  1.0.1-19.amzn2023.0.2          amazonlinux   30 k
2026-09-24T17:37:56.230589613Z Stdout:  libnftnl                        x86_64  1.2.2-2.amzn2023.0.2           amazonlinux   84 k
2026-09-24T17:37:56.230591918Z Stdout:  libnghttp2-devel                x86_64  1.59.0-3.amzn2023.0.2          amazonlinux   53 k
2026-09-24T17:37:56.230594322Z Stdout:  libnghttp3                      x86_64  1.15.0-1.amzn2023.0.1          amazonlinux   72 k
2026-09-24T17:37:56.230598182Z Stdout:  libnghttp3-devel                x86_64  1.15.0-1.amzn2023.0.1          amazonlinux   28 k
2026-09-24T17:37:56.230600601Z Stdout:  libpng                          x86_64  2:1.6.37-10.amzn2023.0.13      amazonlinux  128 k
2026-09-24T17:37:56.230603448Z Stdout:  libpsl-devel                    x86_64  0.21.5-1.amzn2023.0.1          amazonlinux   33 k
2026-09-24T17:37:56.230605762Z Stdout:  libselinux-devel                x86_64  3.4-5.amzn2023.0.2             amazonlinux  115 k
2026-09-24T17:37:56.230608087Z Stdout:  libsepol-devel                  x86_64  3.4-3.amzn2023.0.3             amazonlinux   42 k
2026-09-24T17:37:56.230610571Z Stdout:  libssh                          x86_64  0.10.6-1.amzn2023.0.8          amazonlinux  215 k
2026-09-24T17:37:56.230612877Z Stdout:  libssh-config                   noarch  0.10.6-1.amzn2023.0.8          amazonlinux  9.1 k
2026-09-24T17:37:56.230616137Z Stdout:  libssh-devel                    x86_64  0.10.6-1.amzn2023.0.8          amazonlinux   39 k
2026-09-24T17:37:56.230618476Z Stdout:  libtool-ltdl                    x86_64  2.4.7-1.amzn2023.0.3           amazonlinux   38 k
2026-09-24T17:37:56.230620831Z Stdout:  liburing                        x86_64  2.6-2.amzn2023.0.1             amazonlinux   42 k
2026-09-24T17:37:56.230623157Z Stdout:  libuuid-devel                   x86_64  2.37.4-1.amzn2023.0.6          amazonlinux   22 k
2026-09-24T17:37:56.230625850Z Stdout:  libverto-devel                  x86_64  0.3.2-1.amzn2023.0.2           amazonlinux   15 k
2026-09-24T17:37:56.230628269Z Stdout:  libxcb                          x86_64  1.17.0-1.amzn2023.0.1          amazonlinux  235 k
2026-09-24T17:37:56.230633401Z Stdout:  libxcrypt-devel                 x86_64  4.4.33-7.amzn2023              amazonlinux   32 k
2026-09-24T17:37:56.230636762Z Stdout:  lvm2                            x86_64  2.03.16-1.amzn2023.0.5         amazonlinux  1.5 M
2026-09-24T17:37:56.230640437Z Stdout:  lvm2-libs                       x86_64  2.03.16-1.amzn2023.0.5         amazonlinux  985 k
2026-09-24T17:37:56.230643030Z Stdout:  lzo                             x86_64  2.10-4.amzn2023.0.2            amazonlinux   76 k
2026-09-24T17:37:56.230645523Z Stdout:  make                            x86_64  1:4.3-5.amzn2023.0.2           amazonlinux  534 k
2026-09-24T17:37:56.230647828Z Stdout:  mdadm                           x86_64  4.2-3.amzn2023.0.5             amazonlinux  425 k
2026-09-24T17:37:56.230650228Z Stdout:  mtools                          x86_64  4.0.35-1.amzn2023.0.3          amazonlinux  215 k
2026-09-24T17:37:56.230652594Z Stdout:  netavark                        x86_64  2:1.17.2-1.amzn2023.0.1        amazonlinux  3.4 M
2026-09-24T17:37:56.230654927Z Stdout:  ngtcp2                          x86_64  1.21.0-1.amzn2023.0.2          amazonlinux  148 k
2026-09-24T17:37:56.230658100Z Stdout:  ngtcp2-crypto-ossl              x86_64  1.21.0-1.amzn2023.0.2          amazonlinux   27 k
2026-09-24T17:37:56.230660409Z Stdout:  ngtcp2-crypto-ossl-devel        x86_64  1.21.0-1.amzn2023.0.2          amazonlinux   12 k
2026-09-24T17:37:56.230662840Z Stdout:  ngtcp2-devel                    x86_64  1.21.0-1.amzn2023.0.2          amazonlinux   51 k
2026-09-24T17:37:56.230665165Z Stdout:  open-vmdk                       x86_64  0.3.6-1.amzn2023               amazonlinux   34 k
2026-09-24T17:37:56.230667959Z Stdout:  openssl-devel                   x86_64  1:3.5.8-1.amzn2023.0.1         amazonlinux  3.5 M
2026-09-24T17:37:56.230671102Z Stdout:  passt-selinux                   noarch  0^20260716.g090d739-2.amzn2023 amazonlinux   31 k
2026-09-24T17:37:56.230673440Z Stdout:  pcre2-devel                     x86_64  10.40-1.amzn2023.0.3           amazonlinux  473 k
2026-09-24T17:37:56.230675854Z Stdout:  pcre2-utf16                     x86_64  10.40-1.amzn2023.0.3           amazonlinux  216 k
2026-09-24T17:37:56.230678211Z Stdout:  pcre2-utf32                     x86_64  10.40-1.amzn2023.0.3           amazonlinux  205 k
2026-09-24T17:37:56.230680549Z Stdout:  perl-Error                      noarch  1:0.17030-2.amzn2023.0.1       amazonlinux   42 k
2026-09-24T17:37:56.230684294Z Stdout:  perl-File-Find                  noarch  1.37-477.amzn2023.0.9          amazonlinux   26 k
2026-09-24T17:37:56.230686602Z Stdout:  perl-Git                        noarch  2.50.1-1.amzn2023.0.1          amazonlinux   41 k
2026-09-24T17:37:56.230688912Z Stdout:  perl-TermReadKey                x86_64  2.38-9.amzn2023.0.3            amazonlinux   36 k
2026-09-24T17:37:56.230691586Z Stdout:  perl-lib                        x86_64  0.65-477.amzn2023.0.9          amazonlinux   15 k
2026-09-24T17:37:56.230693900Z Stdout:  pixman                          x86_64  0.43.4-1.amzn2023.0.4          amazonlinux  296 k
2026-09-24T17:37:56.230696277Z Stdout:  publicsuffix-list               noarch  20260116-1.amzn2023.0.1        amazonlinux   92 k
2026-09-24T17:37:56.230698593Z Stdout:  python3-docopt                  noarch  0.6.2-19.amzn2023.0.3          amazonlinux   30 k
2026-09-24T17:37:56.230701173Z Stdout:  python3-kiwi                    noarch  10.3.0-1.amzn2023              amazonlinux  778 k
2026-09-24T17:37:56.230704166Z Stdout:  python3-simplejson              x86_64  3.17.6-111.amzn2023.0.2        amazonlinux  267 k
2026-09-24T17:37:56.230706482Z Stdout:  runc                            x86_64  1.3.6-1.amzn2023.0.1           amazonlinux  4.0 M
2026-09-24T17:37:56.230723872Z Stdout:  rust                            x86_64  1.98.0-1.amzn2023              amazonlinux   61 M
2026-09-24T17:37:56.230726260Z Stdout:  rust-std-static                 x86_64  1.98.0-1.amzn2023              amazonlinux   40 M
2026-09-24T17:37:56.230728643Z Stdout:  shadow-utils-subid              x86_64  2:4.9-12.amzn2023.0.4          amazonlinux   88 k
2026-09-24T17:37:56.230731047Z Stdout:  skopeo                          x86_64  2:1.22.2-1.amzn2023.0.1        amazonlinux  7.9 M
2026-09-24T17:37:56.230735117Z Stdout:  squashfs-tools                  x86_64  4.5-3.amzn2023.0.2             amazonlinux  208 k
2026-09-24T17:37:56.230737698Z Stdout:  tpm2-tss                        x86_64  4.0.2-1.amzn2023.0.1           amazonlinux  411 k
2026-09-24T17:37:56.230740796Z Stdout:  tpm2-tss-devel                  x86_64  4.0.2-1.amzn2023.0.1           amazonlinux  318 k
2026-09-24T17:37:56.230743198Z Stdout:  tpm2-tss-fapi                   x86_64  4.0.2-1.amzn2023.0.1           amazonlinux  345 k
2026-09-24T17:37:56.230745750Z Stdout:  xml-common                      noarch  0.6.3-56.amzn2023.0.2          amazonlinux   32 k
2026-09-24T17:37:56.230748033Z Stdout:  zlib-devel                      x86_64  1.2.11-33.amzn2023.0.6         amazonlinux   44 k
2026-09-24T17:37:56.230750894Z Stdout: Installing weak dependencies:
2026-09-24T17:37:56.230753312Z Stdout:  distribution-gpg-keys           noarch  1.104-1.amzn2023.0.2           amazonlinux  631 k
2026-09-24T17:37:56.230755996Z Stdout:  kiwi-systemdeps                 x86_64  10.3.0-1.amzn2023              amazonlinux   13 k
2026-09-24T17:37:56.230759436Z Stdout:  passt                           x86_64  0^20260716.g090d739-2.amzn2023 amazonlinux  328 k
2026-09-24T17:37:56.230762501Z Stdout: 
2026-09-24T17:37:56.230765090Z Stdout: Transaction Summary
2026-09-24T17:37:56.230767529Z Stdout: ==========================================================================================
2026-09-24T17:37:56.230771446Z Stdout: Install  128 Packages
2026-09-24T17:37:56.230774795Z Stdout: 
2026-09-24T17:37:56.233165426Z Stdout: Total download size: 230 M
2026-09-24T17:37:56.233169948Z Stdout: Installed size: 840 M
2026-09-24T17:37:56.233643176Z Stdout: Downloading Packages:
2026-09-24T17:37:56.310891905Z Stdout: (1/128): annobin-docs-12.69-1.amzn2023.0.1.noar 3.3 MB/s |  93 kB     00:00    
2026-09-24T17:37:56.316258559Z Stdout: (2/128): aardvark-dns-1.17.1-1.amzn2023.0.1.x86  27 MB/s | 969 kB     00:00    
2026-09-24T17:37:56.325440901Z Stdout: (3/128): annobin-plugin-gcc-12.69-1.amzn2023.0.  22 MB/s | 974 kB     00:00    
2026-09-24T17:37:56.348240485Z Stdout: (4/128): brotli-1.0.9-4.amzn2023.0.2.x86_64.rpm 9.7 MB/s | 314 kB     00:00    
2026-09-24T17:37:56.350446240Z Stdout: (5/128): brotli-devel-1.0.9-4.amzn2023.0.2.x86_ 1.2 MB/s |  31 kB     00:00    
2026-09-24T17:37:56.378748272Z Stdout: (6/128): cairo-1.18.0-4.amzn2023.0.3.x86_64.rpm  25 MB/s | 717 kB     00:00    
2026-09-24T17:37:56.455424059Z Stdout: (7/128): aws-nitro-tpm-tools-1.1.2-1.amzn2023.x  13 MB/s | 1.9 MB     00:00    
2026-09-24T17:37:56.483264379Z Stdout: (8/128): cmake-filesystem-3.22.2-1.amzn2023.0.6 432 kB/s |  12 kB     00:00    
2026-09-24T17:37:56.508540310Z Stdout: (9/128): container-selinux-2.245.0-1.amzn2023.n 2.3 MB/s |  58 kB     00:00    
2026-09-24T17:37:56.530337800Z Stdout: (10/128): buildah-1.43.1-1.amzn2023.0.1.x86_64.  56 MB/s |  10 MB     00:00    
2026-09-24T17:37:56.549224075Z Stdout: (11/128): cargo-1.98.0-1.amzn2023.x86_64.rpm     49 MB/s | 8.3 MB     00:00    
2026-09-24T17:37:56.584339849Z Stdout: (12/128): containers-common-0.67.0-1.amzn2023.0 1.3 MB/s |  97 kB     00:00    
2026-09-24T17:37:56.588068586Z Stdout: (13/128): containers-common-extra-0.67.0-1.amzn 161 kB/s | 9.2 kB     00:00    
2026-09-24T17:37:56.612256431Z Stdout: (14/128): device-mapper-event-libs-1.02.185-1.a 1.2 MB/s |  30 kB     00:00    
2026-09-24T17:37:56.615261495Z Stdout: (15/128): device-mapper-event-1.02.185-1.amzn20 1.0 MB/s |  31 kB     00:00    
2026-09-24T17:37:56.648925409Z Stdout: (16/128): device-mapper-persistent-data-0.9.0-7  21 MB/s | 791 kB     00:00    
2026-09-24T17:37:56.688869039Z Stdout: (17/128): cpp-11.5.0-5.amzn2023.0.5.x86_64.rpm   77 MB/s |  11 MB     00:00    
2026-09-24T17:37:56.717958904Z Stdout: (18/128): distribution-gpg-keys-1.104-1.amzn202 6.0 MB/s | 631 kB     00:00    
2026-09-24T17:37:56.730444235Z Stdout: (19/128): fontconfig-2.13.94-2.amzn2023.0.2.x86 6.5 MB/s | 273 kB     00:00    
2026-09-24T17:37:56.742244035Z Stdout: (20/128): erofs-utils-1.8.6-1.amzn2023.0.1.x86_ 1.6 MB/s | 154 kB     00:00    
2026-09-24T17:37:56.745371994Z Stdout: (21/128): fonts-filesystem-2.0.5-12.amzn2023.0. 353 kB/s | 9.5 kB     00:00    
2026-09-24T17:37:56.761100041Z Stdout: (22/128): freetype-2.13.2-5.amzn2023.0.2.x86_64  14 MB/s | 422 kB     00:00    
2026-09-24T17:37:56.770782079Z Stdout: (23/128): gc-8.0.4-5.amzn2023.0.2.x86_64.rpm    4.1 MB/s | 105 kB     00:00    
2026-09-24T17:37:56.773879040Z Stdout: (24/128): fuse3-libs-3.10.4-1.amzn2023.0.2.x86_ 2.9 MB/s |  92 kB     00:00    
2026-09-24T17:37:56.796160193Z Stdout: (25/128): gcc-plugin-annobin-11.5.0-5.amzn2023. 1.5 MB/s |  38 kB     00:00    
2026-09-24T17:37:56.799966551Z Stdout: (26/128): git-2.50.1-1.amzn2023.0.1.x86_64.rpm  2.0 MB/s |  53 kB     00:00    
2026-09-24T17:37:56.851319591Z Stdout: (27/128): git-core-doc-2.50.1-1.amzn2023.0.1.no  56 MB/s | 2.8 MB     00:00    
2026-09-24T17:37:56.868477707Z Stdout: (28/128): git-core-2.50.1-1.amzn2023.0.1.x86_64  68 MB/s | 4.9 MB     00:00    
2026-09-24T17:37:56.882002791Z Stdout: (29/128): glibc-devel-2.34-231.amzn2023.0.5.x86 1.1 MB/s |  33 kB     00:00    
2026-09-24T17:37:56.898714421Z Stdout: (30/128): glibc-headers-x86-2.34-231.amzn2023.0  15 MB/s | 439 kB     00:00    
2026-09-24T17:37:56.907741855Z Stdout: (31/128): google-noto-fonts-common-20240401-1.a 663 kB/s |  17 kB     00:00    
2026-09-24T17:37:56.925727468Z Stdout: (32/128): google-noto-sans-vf-fonts-20240401-1.  22 MB/s | 593 kB     00:00    
2026-09-24T17:37:56.930881867Z Stdout: (33/128): graphite2-1.3.14-7.amzn2023.0.3.x86_6 4.2 MB/s |  97 kB     00:00    
2026-09-24T17:37:56.981557850Z Stdout: (34/128): grub2-efi-x64-modules-2.06-61.amzn202  21 MB/s | 1.0 MB     00:00    
2026-09-24T17:37:57.013867845Z Stdout: (35/128): grub2-efi-x64-2.06-61.amzn2023.0.22.x  15 MB/s | 1.3 MB     00:00    
2026-09-24T17:37:57.016616098Z Stdout: (36/128): grub2-pc-2.06-61.amzn2023.0.22.x86_64 293 kB/s |  10 kB     00:00    
2026-09-24T17:37:57.105071489Z Stdout: (37/128): grub2-tools-extra-2.06-61.amzn2023.0. 9.3 MB/s | 838 kB     00:00    
2026-09-24T17:37:57.109714667Z Stdout: (38/128): grub2-tools-efi-2.06-61.amzn2023.0.22 5.5 MB/s | 538 kB     00:00    
2026-09-24T17:37:57.387209322Z Stdout: (39/128): gcc-11.5.0-5.amzn2023.0.5.x86_64.rpm   58 MB/s |  36 MB     00:00    
2026-09-24T17:37:57.400467565Z Stdout: (40/128): harfbuzz-7.0.0-2.amzn2023.0.2.x86_64. 2.9 MB/s | 873 kB     00:00    
2026-09-24T17:37:57.460517510Z Stdout: (41/128): guile22-2.2.7-2.amzn2023.0.3.x86_64.r  18 MB/s | 6.4 MB     00:00    
2026-09-24T17:37:57.467444335Z Stdout: (42/128): iptables-nft-1.8.8-3.amzn2023.0.2.x86 2.7 MB/s | 183 kB     00:00    
2026-09-24T17:37:57.474823940Z Stdout: (43/128): iptables-libs-1.8.8-3.amzn2023.0.2.x8 4.5 MB/s | 401 kB     00:00    
2026-09-24T17:37:57.504389963Z Stdout: (44/128): keyutils-libs-devel-1.6.3-1.amzn2023. 1.8 MB/s |  55 kB     00:00    
2026-09-24T17:37:57.509005760Z Stdout: (45/128): json-c-devel-0.14-8.amzn2023.0.2.x86_ 910 kB/s |  43 kB     00:00    
2026-09-24T17:37:57.518433405Z Stdout: (46/128): kernel6.18-headers-6.18.48-109.150.am  31 MB/s | 1.5 MB     00:00    
2026-09-24T17:37:57.565338148Z Stdout: (47/128): kiwi-systemdeps-10.3.0-1.amzn2023.x86 235 kB/s |  13 kB     00:00    
2026-09-24T17:37:57.581918036Z Stdout: (48/128): kiwi-cli-10.3.0-1.amzn2023.noarch.rpm 463 kB/s |  36 kB     00:00    
2026-09-24T17:37:57.585191726Z Stdout: (49/128): kiwi-systemdeps-bootloaders-10.3.0-1. 199 kB/s |  13 kB     00:00    
2026-09-24T17:37:57.638445940Z Stdout: (50/128): kiwi-systemdeps-core-10.3.0-1.amzn202 256 kB/s |  14 kB     00:00    
2026-09-24T17:37:57.641352498Z Stdout: (51/128): kiwi-systemdeps-containers-10.3.0-1.a 177 kB/s |  13 kB     00:00    
2026-09-24T17:37:57.643474632Z Stdout: (52/128): kiwi-systemdeps-disk-images-10.3.0-1. 233 kB/s |  13 kB     00:00    
2026-09-24T17:37:57.672391543Z Stdout: (53/128): kpartx-0.8.7-16.amzn2023.0.2.x86_64.r 1.7 MB/s |  50 kB     00:00    
2026-09-24T17:37:57.675402754Z Stdout: (54/128): krb5-devel-1.21.3-8.amzn2023.0.1.x86_ 4.1 MB/s | 133 kB     00:00    
2026-09-24T17:37:57.697421574Z Stdout: (55/128): langpacks-core-font-en-3.0-21.amzn202 425 kB/s |  10 kB     00:00    
2026-09-24T17:37:57.700413347Z Stdout: (56/128): kiwi-systemdeps-filesystems-10.3.0-1. 219 kB/s |  13 kB     00:00    
2026-09-24T17:37:57.705192354Z Stdout: (57/128): libX11-1.8.10-2.amzn2023.0.1.x86_64.r  22 MB/s | 659 kB     00:00    
2026-09-24T17:37:57.724662219Z Stdout: (58/128): libXau-1.0.11-6.amzn2023.0.1.x86_64.r 1.4 MB/s |  33 kB     00:00    
2026-09-24T17:37:57.727726610Z Stdout: (59/128): libX11-common-1.8.10-2.amzn2023.0.1.n 4.8 MB/s | 147 kB     00:00    
2026-09-24T17:37:57.734375426Z Stdout: (60/128): libXext-1.3.6-1.amzn2023.0.1.x86_64.r 1.4 MB/s |  42 kB     00:00    
2026-09-24T17:37:57.750899565Z Stdout: (61/128): libXrender-0.9.11-6.amzn2023.0.1.x86_ 1.1 MB/s |  29 kB     00:00    
2026-09-24T17:37:57.757814520Z Stdout: (62/128): libbrotli-1.0.9-4.amzn2023.0.2.x86_64  10 MB/s | 315 kB     00:00    
2026-09-24T17:37:57.762442957Z Stdout: (63/128): libcom_err-devel-1.46.5-2.amzn2023.0. 606 kB/s |  17 kB     00:00    
2026-09-24T17:37:57.783144010Z Stdout: (64/128): libcurl-devel-8.21.0-5.amzn2023.0.1.x  26 MB/s | 847 kB     00:00    
2026-09-24T17:37:57.786075281Z Stdout: (65/128): libidn2-devel-2.3.2-1.amzn2023.0.5.x8 2.0 MB/s |  59 kB     00:00    
2026-09-24T17:37:57.792117908Z Stdout: (66/128): libkadm5-1.21.3-8.amzn2023.0.1.x86_64 2.6 MB/s |  77 kB     00:00    
2026-09-24T17:37:57.810684111Z Stdout: (67/128): libmpc-1.2.1-2.amzn2023.0.2.x86_64.rp 2.2 MB/s |  62 kB     00:00    
2026-09-24T17:37:57.814456047Z Stdout: (68/128): libnetfilter_conntrack-1.0.8-2.amzn20 2.0 MB/s |  58 kB     00:00    
2026-09-24T17:37:57.817748636Z Stdout: (69/128): libnfnetlink-1.0.1-19.amzn2023.0.2.x8 1.1 MB/s |  30 kB     00:00    
2026-09-24T17:37:57.843551883Z Stdout: (70/128): libnghttp3-1.15.0-1.amzn2023.0.1.x86_ 2.8 MB/s |  72 kB     00:00    
2026-09-24T17:37:57.846420570Z Stdout: (71/128): libnftnl-1.2.2-2.amzn2023.0.2.x86_64. 2.3 MB/s |  84 kB     00:00    
2026-09-24T17:37:57.848899813Z Stdout: (72/128): libnghttp2-devel-1.59.0-3.amzn2023.0. 1.5 MB/s |  53 kB     00:00    
2026-09-24T17:37:57.869731482Z Stdout: (73/128): libnghttp3-devel-1.15.0-1.amzn2023.0. 1.0 MB/s |  28 kB     00:00    
2026-09-24T17:37:57.877495083Z Stdout: (74/128): libpsl-devel-0.21.5-1.amzn2023.0.1.x8 1.2 MB/s |  33 kB     00:00    
2026-09-24T17:37:57.881336587Z Stdout: (75/128): libpng-1.6.37-10.amzn2023.0.13.x86_64 3.9 MB/s | 128 kB     00:00    
2026-09-24T17:37:57.901903150Z Stdout: (76/128): libselinux-devel-3.4-5.amzn2023.0.2.x 3.5 MB/s | 115 kB     00:00    
2026-09-24T17:37:57.904813984Z Stdout: (77/128): libsepol-devel-3.4-3.amzn2023.0.3.x86 1.5 MB/s |  42 kB     00:00    
2026-09-24T17:37:57.909542625Z Stdout: (78/128): libssh-0.10.6-1.amzn2023.0.8.x86_64.r 7.5 MB/s | 215 kB     00:00    
2026-09-24T17:37:57.932690634Z Stdout: (79/128): libssh-devel-0.10.6-1.amzn2023.0.8.x8 1.4 MB/s |  39 kB     00:00    
2026-09-24T17:37:57.935279997Z Stdout: (80/128): libtool-ltdl-2.4.7-1.amzn2023.0.3.x86 1.4 MB/s |  38 kB     00:00    
2026-09-24T17:37:57.947083220Z Stdout: (81/128): libssh-config-0.10.6-1.amzn2023.0.8.n 203 kB/s | 9.1 kB     00:00    
2026-09-24T17:37:57.959808189Z Stdout: (82/128): liburing-2.6-2.amzn2023.0.1.x86_64.rp 1.6 MB/s |  42 kB     00:00    
2026-09-24T17:37:57.964332777Z Stdout: (83/128): libuuid-devel-2.37.4-1.amzn2023.0.6.x 782 kB/s |  22 kB     00:00    
2026-09-24T17:37:57.975037380Z Stdout: (84/128): libverto-devel-0.3.2-1.amzn2023.0.2.x 548 kB/s |  15 kB     00:00    
2026-09-24T17:37:57.987185826Z Stdout: (85/128): libxcrypt-devel-4.4.33-7.amzn2023.x86 1.4 MB/s |  32 kB     00:00    
2026-09-24T17:37:58.008068353Z Stdout: (86/128): lvm2-2.03.16-1.amzn2023.0.5.x86_64.rp  45 MB/s | 1.5 MB     00:00    
2026-09-24T17:37:58.012000220Z Stdout: (87/128): libxcb-1.17.0-1.amzn2023.0.1.x86_64.r 4.4 MB/s | 235 kB     00:00    
2026-09-24T17:37:58.021716049Z Stdout: (88/128): lvm2-libs-2.03.16-1.amzn2023.0.5.x86_  28 MB/s | 985 kB     00:00    
2026-09-24T17:37:58.033208266Z Stdout: (89/128): lzo-2.10-4.amzn2023.0.2.x86_64.rpm    3.0 MB/s |  76 kB     00:00    
2026-09-24T17:37:58.054320587Z Stdout: (90/128): make-4.3-5.amzn2023.0.2.x86_64.rpm     13 MB/s | 534 kB     00:00    
2026-09-24T17:37:58.060716481Z Stdout: (91/128): mdadm-4.2-3.amzn2023.0.5.x86_64.rpm    11 MB/s | 425 kB     00:00    
2026-09-24T17:37:58.101182730Z Stdout: (92/128): ngtcp2-1.21.0-1.amzn2023.0.2.x86_64.r 3.6 MB/s | 148 kB     00:00    
2026-09-24T17:37:58.127724802Z Stdout: (93/128): ngtcp2-crypto-ossl-1.21.0-1.amzn2023. 1.0 MB/s |  27 kB     00:00    
2026-09-24T17:37:58.136219722Z Stdout: (94/128): mtools-4.0.35-1.amzn2023.0.3.x86_64.r 2.0 MB/s | 215 kB     00:00    
2026-09-24T17:37:58.152841782Z Stdout: (95/128): ngtcp2-crypto-ossl-devel-1.21.0-1.amz 492 kB/s |  12 kB     00:00    
2026-09-24T17:37:58.163080339Z Stdout: (96/128): ngtcp2-devel-1.21.0-1.amzn2023.0.2.x8 1.9 MB/s |  51 kB     00:00    
2026-09-24T17:37:58.196521242Z Stdout: (97/128): open-vmdk-0.3.6-1.amzn2023.x86_64.rpm 779 kB/s |  34 kB     00:00    
2026-09-24T17:37:58.220232797Z Stdout: (98/128): netavark-1.17.2-1.amzn2023.0.1.x86_64  21 MB/s | 3.4 MB     00:00    
2026-09-24T17:37:58.233609396Z Stdout: (99/128): passt-0^20260716.g090d739-2.amzn2023. 8.7 MB/s | 328 kB     00:00    
2026-09-24T17:37:58.247469258Z Stdout: (100/128): passt-selinux-0^20260716.g090d739-2. 1.1 MB/s |  31 kB     00:00    
2026-09-24T17:37:58.261752780Z Stdout: (101/128): openssl-devel-3.5.8-1.amzn2023.0.1.x  35 MB/s | 3.5 MB     00:00    
2026-09-24T17:37:58.277151688Z Stdout: (102/128): pcre2-utf16-10.40-1.amzn2023.0.3.x86 7.2 MB/s | 216 kB     00:00    
2026-09-24T17:37:58.294481468Z Stdout: (103/128): pcre2-devel-10.40-1.amzn2023.0.3.x86 7.7 MB/s | 473 kB     00:00    
2026-09-24T17:37:58.308359318Z Stdout: (104/128): perl-Error-0.17030-2.amzn2023.0.1.no 1.3 MB/s |  42 kB     00:00    
2026-09-24T17:37:58.321739350Z Stdout: (105/128): perl-File-Find-1.37-477.amzn2023.0.9 955 kB/s |  26 kB     00:00    
2026-09-24T17:37:58.336951371Z Stdout: (106/128): perl-Git-2.50.1-1.amzn2023.0.1.noarc 1.4 MB/s |  41 kB     00:00    
2026-09-24T17:37:58.341137515Z Stdout: (107/128): pcre2-utf32-10.40-1.amzn2023.0.3.x86 2.5 MB/s | 205 kB     00:00    
2026-09-24T17:37:58.346830464Z Stdout: (108/128): perl-TermReadKey-2.38-9.amzn2023.0.3 1.4 MB/s |  36 kB     00:00    
2026-09-24T17:37:58.364295910Z Stdout: (109/128): perl-lib-0.65-477.amzn2023.0.9.x86_6 567 kB/s |  15 kB     00:00    
2026-09-24T17:37:58.367924012Z Stdout: (110/128): pixman-0.43.4-1.amzn2023.0.4.x86_64.  11 MB/s | 296 kB     00:00    
2026-09-24T17:37:58.370218758Z Stdout: (111/128): publicsuffix-list-20260116-1.amzn202 3.9 MB/s |  92 kB     00:00    
2026-09-24T17:37:58.422140042Z Stdout: (112/128): python3-docopt-0.6.2-19.amzn2023.0.3 518 kB/s |  30 kB     00:00    
2026-09-24T17:37:58.465708917Z Stdout: (113/128): python3-kiwi-10.3.0-1.amzn2023.noarc 7.8 MB/s | 778 kB     00:00    
2026-09-24T17:37:58.529343787Z Stdout: (114/128): python3-poetry-core-1.6.1-1.amzn2023 4.4 MB/s | 710 kB     00:00    
2026-09-24T17:37:58.537650733Z Stdout: (115/128): python3-simplejson-3.17.6-111.amzn20 2.3 MB/s | 267 kB     00:00    
2026-09-24T17:37:58.585820429Z Stdout: (116/128): runc-1.3.6-1.amzn2023.0.1.x86_64.rpm  71 MB/s | 4.0 MB     00:00    
2026-09-24T17:37:58.667489862Z Stdout: (117/128): qemu-img-11.0.0-1.amzn2023.x86_64.rp  13 MB/s | 2.6 MB     00:00    
2026-09-24T17:37:58.697195336Z Stdout: (118/128): shadow-utils-subid-4.9-12.amzn2023.0 2.9 MB/s |  88 kB     00:00    
2026-09-24T17:37:58.889087399Z Stdout: (119/128): skopeo-1.22.2-1.amzn2023.0.1.x86_64.  42 MB/s | 7.9 MB     00:00    
2026-09-24T17:37:58.920789491Z Stdout: (120/128): squashfs-tools-4.5-3.amzn2023.0.2.x8 6.5 MB/s | 208 kB     00:00    
2026-09-24T17:37:58.987631180Z Stdout: (121/128): tpm2-tss-4.0.2-1.amzn2023.0.1.x86_64 6.0 MB/s | 411 kB     00:00    
2026-09-24T17:37:59.078092373Z Stdout: (122/128): tpm2-tss-devel-4.0.2-1.amzn2023.0.1. 3.5 MB/s | 318 kB     00:00    
2026-09-24T17:37:59.211495816Z Stdout: (123/128): rust-std-static-1.98.0-1.amzn2023.x8  64 MB/s |  40 MB     00:00    
2026-09-24T17:37:59.217066613Z Stdout: (124/128): tpm2-tss-fapi-4.0.2-1.amzn2023.0.1.x 2.4 MB/s | 345 kB     00:00    
2026-09-24T17:37:59.240831603Z Stdout: (125/128): veritysetup-2.6.1-1.amzn2023.0.1.x86 1.3 MB/s |  37 kB     00:00    
2026-09-24T17:37:59.267324290Z Stdout: (126/128): zlib-devel-1.2.11-33.amzn2023.0.6.x8 1.6 MB/s |  44 kB     00:00    
2026-09-24T17:37:59.270113979Z Stdout: (127/128): xml-common-0.6.3-56.amzn2023.0.2.noa 603 kB/s |  32 kB     00:00    
2026-09-24T17:37:59.782092006Z Stdout: (128/128): rust-1.98.0-1.amzn2023.x86_64.rpm     49 MB/s |  61 MB     00:01    
2026-09-24T17:37:59.783998007Z Stdout: --------------------------------------------------------------------------------
2026-09-24T17:37:59.784002814Z Stdout: Total                                            65 MB/s | 230 MB     00:03     
2026-09-24T17:38:01.790532279Z Stdout: Running transaction check
2026-09-24T17:38:01.847912143Z Stdout: Transaction check succeeded.
2026-09-24T17:38:01.847925296Z Stdout: Running transaction test
2026-09-24T17:38:03.133860684Z Stdout: Transaction test succeeded.
2026-09-24T17:38:03.134193118Z Stdout: Running transaction
2026-09-24T17:38:04.915466169Z Stdout:   Preparing        :                                                        1/1 
2026-09-24T17:38:05.026278925Z Stdout:   Running scriptlet: tpm2-tss-4.0.2-1.amzn2023.0.1.x86_64                 1/128 
2026-09-24T17:38:05.034228323Z Stdout:   Installing       : tpm2-tss-4.0.2-1.amzn2023.0.1.x86_64                 1/128 
2026-09-24T17:38:05.545501220Z Stdout:   Running scriptlet: tpm2-tss-4.0.2-1.amzn2023.0.1.x86_64                 1/128 
2026-09-24T17:38:05.592897023Z Stdout:   Installing       : openssl-devel-1:3.5.8-1.amzn2023.0.1.x86_64          2/128 
2026-09-24T17:38:05.600015584Z Stdout:   Installing       : libbrotli-1.0.9-4.amzn2023.0.2.x86_64                3/128 
2026-09-24T17:38:05.607478324Z Stdout:   Installing       : device-mapper-event-libs-1.02.185-1.amzn2023.0.5     4/128 
2026-09-24T17:38:05.616935369Z Stdout:   Installing       : shadow-utils-subid-2:4.9-12.amzn2023.0.4.x86_64      5/128 
2026-09-24T17:38:05.623420780Z Stdout:   Installing       : ngtcp2-1.21.0-1.amzn2023.0.2.x86_64                  6/128 
2026-09-24T17:38:05.641063074Z Stdout:   Installing       : ngtcp2-devel-1.21.0-1.amzn2023.0.2.x86_64            7/128 
2026-09-24T17:38:05.650160569Z Stdout:   Installing       : mtools-4.0.35-1.amzn2023.0.3.x86_64                  8/128 
2026-09-24T17:38:05.656902425Z Stdout:   Installing       : libpng-2:1.6.37-10.amzn2023.0.13.x86_64              9/128 
2026-09-24T17:38:05.762300334Z Stdout:   Installing       : libmpc-1.2.1-2.amzn2023.0.2.x86_64                  10/128 
2026-09-24T17:38:05.855269541Z Stdout:   Installing       : cpp-11.5.0-5.amzn2023.0.5.x86_64                    11/128 
2026-09-24T17:38:05.865517257Z Stdout:   Installing       : git-core-2.50.1-1.amzn2023.0.1.x86_64               12/128 
2026-09-24T17:38:05.868958424Z Stdout:   Installing       : fonts-filesystem-1:2.0.5-12.amzn2023.0.2.noarch     13/128 
2026-09-24T17:38:05.883895376Z Stdout:   Running scriptlet: container-selinux-4:2.245.0-1.amzn2023.noarch       14/128 
2026-09-24T17:38:05.888053095Z Stdout:   Installing       : container-selinux-4:2.245.0-1.amzn2023.noarch       14/128 
2026-09-24T17:38:14.627710502Z Stdout:   Running scriptlet: container-selinux-4:2.245.0-1.amzn2023.noarch       14/128 
2026-09-24T17:38:14.638293211Z Stdout:   Installing       : containers-common-5:0.67.0-1.amzn2023.0.2.x86_64    15/128 
2026-09-24T17:38:14.649886880Z Stdout:   Installing       : cmake-filesystem-3.22.2-1.amzn2023.0.6.x86_64       16/128 
2026-09-24T17:38:14.725395634Z Stdout:   Installing       : json-c-devel-0.14-8.amzn2023.0.2.x86_64             17/128 
2026-09-24T17:38:14.731076924Z Stdout:   Installing       : skopeo-2:1.22.2-1.amzn2023.0.1.x86_64               18/128 
2026-09-24T17:38:14.741498874Z Stdout:   Running scriptlet: passt-selinux-0^20260716.g090d739-2.amzn2023.noa    19/128 
2026-09-24T17:38:14.744358885Z Stdout:   Installing       : passt-selinux-0^20260716.g090d739-2.amzn2023.noa    19/128 
2026-09-24T17:38:17.910217323Z Stdout:   Running scriptlet: passt-selinux-0^20260716.g090d739-2.amzn2023.noa    19/128 
2026-09-24T17:38:17.910224269Z Stdout: Failed to resolve allow statement at /var/lib/selinux/targeted/tmp/modules/200/passt/cil:112
2026-09-24T17:38:17.910227485Z Stdout: Failed to resolve AST
2026-09-24T17:38:17.910230388Z Stdout: /usr/sbin/semodule:  Failed!
2026-09-24T17:38:17.910233927Z Stdout: 
2026-09-24T17:38:18.337766967Z Stdout:   Installing       : passt-0^20260716.g090d739-2.amzn2023.x86_64         20/128 
2026-09-24T17:38:18.349795285Z Stdout:   Installing       : git-core-doc-2.50.1-1.amzn2023.0.1.noarch           21/128 
2026-09-24T17:38:18.354355977Z Stdout:   Installing       : ngtcp2-crypto-ossl-1.21.0-1.amzn2023.0.2.x86_64     22/128 
2026-09-24T17:38:18.358942065Z Stdout:   Installing       : ngtcp2-crypto-ossl-devel-1.21.0-1.amzn2023.0.2.x    23/128 
2026-09-24T17:38:18.362168925Z Stdout:   Installing       : device-mapper-event-1.02.185-1.amzn2023.0.5.x86_    24/128 
2026-09-24T17:38:18.563794937Z Stdout:   Running scriptlet: device-mapper-event-1.02.185-1.amzn2023.0.5.x86_    24/128 
2026-09-24T17:38:18.563801521Z Stdout: Created symlink /etc/systemd/system/sockets.target.wants/dm-event.socket → /usr/lib/systemd/system/dm-event.socket.
2026-09-24T17:38:18.563804351Z Stdout: 
2026-09-24T17:38:18.584792891Z Stdout:   Installing       : lvm2-libs-2.03.16-1.amzn2023.0.5.x86_64             25/128 
2026-09-24T17:38:18.592367735Z Stdout:   Installing       : brotli-1.0.9-4.amzn2023.0.2.x86_64                  26/128 
2026-09-24T17:38:18.599976639Z Stdout:   Installing       : brotli-devel-1.0.9-4.amzn2023.0.2.x86_64            27/128 
2026-09-24T17:38:18.605535750Z Stdout:   Installing       : tpm2-tss-fapi-4.0.2-1.amzn2023.0.1.x86_64           28/128 
2026-09-24T17:38:18.609805702Z Stdout:   Installing       : zlib-devel-1.2.11-33.amzn2023.0.6.x86_64            29/128 
2026-09-24T17:38:18.620346074Z Stdout:   Running scriptlet: xml-common-0.6.3-56.amzn2023.0.2.noarch             30/128 
2026-09-24T17:38:18.626078743Z Stdout:   Installing       : xml-common-0.6.3-56.amzn2023.0.2.noarch             30/128 
2026-09-24T17:38:18.664946178Z Stdout:   Installing       : veritysetup-2.6.1-1.amzn2023.0.1.x86_64             31/128 
2026-09-24T17:38:18.720781093Z Stdout:   Installing       : runc-1.3.6-1.amzn2023.0.1.x86_64                    32/128 
2026-09-24T17:38:18.730105913Z Stdout:   Installing       : python3-simplejson-3.17.6-111.amzn2023.0.2.x86_6    33/128 
2026-09-24T17:38:18.735695211Z Stdout:   Installing       : python3-docopt-0.6.2-19.amzn2023.0.3.noarch         34/128 
2026-09-24T17:38:18.743934698Z Stdout:   Installing       : publicsuffix-list-20260116-1.amzn2023.0.1.noarch    35/128 
2026-09-24T17:38:18.751877748Z Stdout:   Installing       : libpsl-devel-0.21.5-1.amzn2023.0.1.x86_64           36/128 
2026-09-24T17:38:18.756064793Z Stdout:   Installing       : pixman-0.43.4-1.amzn2023.0.4.x86_64                 37/128 
2026-09-24T17:38:18.762954298Z Stdout:   Installing       : perl-lib-0.65-477.amzn2023.0.9.x86_64               38/128 
2026-09-24T17:38:18.769108102Z Stdout:   Installing       : perl-TermReadKey-2.38-9.amzn2023.0.3.x86_64         39/128 
2026-09-24T17:38:18.778200172Z Stdout:   Installing       : perl-File-Find-1.37-477.amzn2023.0.9.noarch         40/128 
2026-09-24T17:38:18.784747181Z Stdout:   Installing       : perl-Error-1:0.17030-2.amzn2023.0.1.noarch          41/128 
2026-09-24T17:38:18.792404372Z Stdout:   Installing       : perl-Git-2.50.1-1.amzn2023.0.1.noarch               42/128 
2026-09-24T17:38:18.799869225Z Stdout:   Installing       : git-2.50.1-1.amzn2023.0.1.x86_64                    43/128 
2026-09-24T17:38:18.806110956Z Stdout:   Installing       : pcre2-utf32-10.40-1.amzn2023.0.3.x86_64             44/128 
2026-09-24T17:38:18.865066101Z Stdout:   Installing       : pcre2-utf16-10.40-1.amzn2023.0.3.x86_64             45/128 
2026-09-24T17:38:18.876718967Z Stdout:   Installing       : pcre2-devel-10.40-1.amzn2023.0.3.x86_64             46/128 
2026-09-24T17:38:18.893127453Z Stdout:   Installing       : open-vmdk-0.3.6-1.amzn2023.x86_64                   47/128 
2026-09-24T17:38:18.899076785Z Stdout:   Installing       : mdadm-4.2-3.amzn2023.0.5.x86_64                     48/128 
2026-09-24T17:38:18.916789407Z Stdout:   Running scriptlet: mdadm-4.2-3.amzn2023.0.5.x86_64                     48/128 
2026-09-24T17:38:18.916797758Z Stdout: Created symlink /etc/systemd/system/multi-user.target.wants/mdmonitor.service → /usr/lib/systemd/system/mdmonitor.service.
2026-09-24T17:38:18.916808480Z Stdout: Created symlink /etc/systemd/system/timers.target.wants/raid-check.timer → /usr/lib/systemd/system/raid-check.timer.
2026-09-24T17:38:18.916812177Z Stdout: 
2026-09-24T17:38:18.931337312Z Stdout:   Installing       : lzo-2.10-4.amzn2023.0.2.x86_64                      49/128 
2026-09-24T17:38:18.938438259Z Stdout:   Installing       : squashfs-tools-4.5-3.amzn2023.0.2.x86_64            50/128 
2026-09-24T17:38:18.944977772Z Stdout:   Installing       : libverto-devel-0.3.2-1.amzn2023.0.2.x86_64          51/128 
2026-09-24T17:38:18.953053895Z Stdout:   Installing       : libuuid-devel-2.37.4-1.amzn2023.0.6.x86_64          52/128 
2026-09-24T17:38:18.958303889Z Stdout:   Installing       : liburing-2.6-2.amzn2023.0.1.x86_64                  53/128 
2026-09-24T17:38:18.961657039Z Stdout:   Installing       : libtool-ltdl-2.4.7-1.amzn2023.0.3.x86_64            54/128 
2026-09-24T17:38:18.969416917Z Stdout:   Installing       : libssh-config-0.10.6-1.amzn2023.0.8.noarch          55/128 
2026-09-24T17:38:18.978332566Z Stdout:   Installing       : libssh-0.10.6-1.amzn2023.0.8.x86_64                 56/128 
2026-09-24T17:38:18.994314567Z Stdout:   Installing       : libssh-devel-0.10.6-1.amzn2023.0.8.x86_64           57/128 
2026-09-24T17:38:19.053484962Z Stdout:   Installing       : libsepol-devel-3.4-3.amzn2023.0.3.x86_64            58/128 
2026-09-24T17:38:19.062503540Z Stdout:   Installing       : libselinux-devel-3.4-5.amzn2023.0.2.x86_64          59/128 
2026-09-24T17:38:19.069050006Z Stdout:   Installing       : libnghttp3-1.15.0-1.amzn2023.0.1.x86_64             60/128 
2026-09-24T17:38:19.073993341Z Stdout:   Installing       : libnghttp3-devel-1.15.0-1.amzn2023.0.1.x86_64       61/128 
2026-09-24T17:38:19.080786877Z Stdout:   Installing       : libnghttp2-devel-1.59.0-3.amzn2023.0.2.x86_64       62/128 
2026-09-24T17:38:19.086318499Z Stdout:   Installing       : libnftnl-1.2.2-2.amzn2023.0.2.x86_64                63/128 
2026-09-24T17:38:19.092206825Z Stdout:   Installing       : libnfnetlink-1.0.1-19.amzn2023.0.2.x86_64           64/128 
2026-09-24T17:38:19.164272331Z Stdout:   Installing       : libnetfilter_conntrack-1.0.8-2.amzn2023.0.2.x86_    65/128 
2026-09-24T17:38:19.188749787Z Stdout:   Installing       : iptables-libs-1.8.8-3.amzn2023.0.2.x86_64           66/128 
2026-09-24T17:38:19.196719760Z Stdout:   Installing       : iptables-nft-1.8.8-3.amzn2023.0.2.x86_64            67/128 
2026-09-24T17:38:19.223906642Z Stdout:   Running scriptlet: iptables-nft-1.8.8-3.amzn2023.0.2.x86_64            67/128 
2026-09-24T17:38:19.242740937Z Stdout:   Installing       : libkadm5-1.21.3-8.amzn2023.0.1.x86_64               68/128 
2026-09-24T17:38:19.254016803Z Stdout:   Installing       : libidn2-devel-2.3.2-1.amzn2023.0.5.x86_64           69/128 
2026-09-24T17:38:19.264662325Z Stdout:   Installing       : libcom_err-devel-1.46.5-2.amzn2023.0.2.x86_64       70/128 
2026-09-24T17:38:19.298353034Z Stdout:   Installing       : libXau-1.0.11-6.amzn2023.0.1.x86_64                 71/128 
2026-09-24T17:38:19.354224491Z Stdout:   Installing       : libxcb-1.17.0-1.amzn2023.0.1.x86_64                 72/128 
2026-09-24T17:38:19.364980976Z Stdout:   Installing       : libX11-common-1.8.10-2.amzn2023.0.1.noarch          73/128 
2026-09-24T17:38:19.371090727Z Stdout:   Installing       : libX11-1.8.10-2.amzn2023.0.1.x86_64                 74/128 
2026-09-24T17:38:19.376479377Z Stdout:   Installing       : libXext-1.3.6-1.amzn2023.0.1.x86_64                 75/128 
2026-09-24T17:38:19.383478676Z Stdout:   Installing       : libXrender-0.9.11-6.amzn2023.0.1.x86_64             76/128 
2026-09-24T17:38:19.400075609Z Stdout:   Installing       : kpartx-0.8.7-16.amzn2023.0.2.x86_64                 77/128 
2026-09-24T17:38:19.420591786Z Stdout:   Installing       : keyutils-libs-devel-1.6.3-1.amzn2023.0.2.x86_64     78/128 
2026-09-24T17:38:19.600908205Z Stdout:   Installing       : krb5-devel-1.21.3-8.amzn2023.0.1.x86_64             79/128 
2026-09-24T17:38:19.662398623Z Stdout:   Installing       : libcurl-devel-8.21.0-5.amzn2023.0.1.x86_64          80/128 
2026-09-24T17:38:19.925965253Z Stdout:   Installing       : tpm2-tss-devel-4.0.2-1.amzn2023.0.1.x86_64          81/128 
2026-09-24T17:38:19.943699630Z Stdout:   Installing       : kernel6.18-headers-1:6.18.48-109.150.amzn2023.x8    82/128 
2026-09-24T17:38:19.949654028Z Stdout:   Installing       : grub2-tools-efi-1:2.06-61.amzn2023.0.22.x86_64      83/128 
2026-09-24T17:38:20.041389495Z Stdout:   Installing       : grub2-pc-1:2.06-61.amzn2023.0.22.x86_64             84/128 
2026-09-24T17:38:20.056892890Z Stdout:   Installing       : grub2-efi-x64-modules-1:2.06-61.amzn2023.0.22.no    85/128 
2026-09-24T17:38:20.063369750Z Stdout:   Installing       : grub2-efi-x64-1:2.06-61.amzn2023.0.22.x86_64        86/128 
2026-09-24T17:38:20.069155670Z Stdout:   Installing       : graphite2-1.3.14-7.amzn2023.0.3.x86_64              87/128 
2026-09-24T17:38:20.077389360Z Stdout:   Installing       : google-noto-fonts-common-20240401-1.amzn2023.0.2    88/128 
2026-09-24T17:38:20.081308240Z Stdout:   Installing       : google-noto-sans-vf-fonts-20240401-1.amzn2023.0.    89/128 
2026-09-24T17:38:20.093028535Z Stdout:   Installing       : langpacks-core-font-en-3.0-21.amzn2023.0.4.noarc    90/128 
2026-09-24T17:38:20.108060944Z Stdout:   Installing       : cairo-1.18.0-4.amzn2023.0.3.x86_64                  91/128 
2026-09-24T17:38:20.118497151Z Stdout:   Installing       : harfbuzz-7.0.0-2.amzn2023.0.2.x86_64                92/128 
2026-09-24T17:38:20.147591951Z Stdout:   Installing       : freetype-2.13.2-5.amzn2023.0.2.x86_64               93/128 
2026-09-24T17:38:20.153246315Z Stdout:   Installing       : fontconfig-2.13.94-2.amzn2023.0.2.x86_64            94/128 
2026-09-24T17:38:21.191717729Z Stdout:   Running scriptlet: fontconfig-2.13.94-2.amzn2023.0.2.x86_64            94/128 
2026-09-24T17:38:21.305925885Z Stdout:   Installing       : grub2-tools-extra-1:2.06-61.amzn2023.0.22.x86_64    95/128 
2026-09-24T17:38:21.317555151Z Stdout:   Installing       : glibc-headers-x86-2.34-231.amzn2023.0.5.noarch      96/128 
2026-09-24T17:38:21.326405625Z Stdout:   Installing       : libxcrypt-devel-4.4.33-7.amzn2023.x86_64            97/128 
2026-09-24T17:38:21.334802475Z Stdout:   Installing       : glibc-devel-2.34-231.amzn2023.0.5.x86_64            98/128 
2026-09-24T17:38:21.617224507Z Stdout:   Installing       : gc-8.0.4-5.amzn2023.0.2.x86_64                      99/128 
2026-09-24T17:38:21.652517145Z Stdout:   Installing       : guile22-2.2.7-2.amzn2023.0.3.x86_64                100/128 
2026-09-24T17:38:21.974472539Z Stdout:   Installing       : make-1:4.3-5.amzn2023.0.2.x86_64                   101/128 
2026-09-24T17:38:21.982834403Z Stdout:   Installing       : gcc-11.5.0-5.amzn2023.0.5.x86_64                   102/128 
2026-09-24T17:38:22.369814472Z Stdout:   Running scriptlet: gcc-11.5.0-5.amzn2023.0.5.x86_64                   102/128 
2026-09-24T17:38:22.938849006Z Stdout:   Installing       : rust-std-static-1.98.0-1.amzn2023.x86_64           103/128 
2026-09-24T17:38:22.947453732Z Stdout:   Installing       : rust-1.98.0-1.amzn2023.x86_64                      104/128 
2026-09-24T17:38:22.997723646Z Stdout:   Installing       : fuse3-libs-3.10.4-1.amzn2023.0.2.x86_64            105/128 
2026-09-24T17:38:23.008757906Z Stdout:   Installing       : qemu-img-2:11.0.0-1.amzn2023.x86_64                106/128 
2026-09-24T17:38:23.125340930Z Stdout:   Installing       : erofs-utils-1.8.6-1.amzn2023.0.1.x86_64            107/128 
2026-09-24T17:38:23.131755171Z Stdout:   Installing       : distribution-gpg-keys-1.104-1.amzn2023.0.2.noarc   108/128 
2026-09-24T17:38:23.135133780Z Stdout:   Installing       : kiwi-systemdeps-core-10.3.0-1.amzn2023.x86_64      109/128 
2026-09-24T17:38:23.138072157Z Stdout:   Installing       : kiwi-systemdeps-bootloaders-10.3.0-1.amzn2023.x8   110/128 
2026-09-24T17:38:23.156327645Z Stdout:   Installing       : kiwi-systemdeps-filesystems-10.3.0-1.amzn2023.x8   111/128 
2026-09-24T17:38:23.195560737Z Stdout:   Installing       : device-mapper-persistent-data-0.9.0-7.amzn2023.0   112/128 
2026-09-24T17:38:23.201155716Z Stdout:   Installing       : lvm2-2.03.16-1.amzn2023.0.5.x86_64                 113/128 
2026-09-24T17:38:23.625152024Z Stdout:   Running scriptlet: lvm2-2.03.16-1.amzn2023.0.5.x86_64                 113/128 
2026-09-24T17:38:23.625160986Z Stdout: Created symlink /etc/systemd/system/sysinit.target.wants/lvm2-monitor.service → /usr/lib/systemd/system/lvm2-monitor.service.
2026-09-24T17:38:23.625164731Z Stdout: Created symlink /etc/systemd/system/sysinit.target.wants/lvm2-lvmpolld.socket → /usr/lib/systemd/system/lvm2-lvmpolld.socket.
2026-09-24T17:38:23.625168958Z Stdout: 
2026-09-24T17:38:23.632914771Z Stdout:   Installing       : kiwi-systemdeps-disk-images-10.3.0-1.amzn2023.x8   114/128 
2026-09-24T17:38:23.647188958Z Stdout:   Installing       : annobin-docs-12.69-1.amzn2023.0.1.noarch           115/128 
2026-09-24T17:38:23.687061953Z Stdout:   Installing       : aardvark-dns-2:1.17.1-1.amzn2023.0.1.x86_64        116/128 
2026-09-24T17:38:23.692617671Z Stdout:   Installing       : netavark-2:1.17.2-1.amzn2023.0.1.x86_64            117/128 
2026-09-24T17:38:23.796276411Z Stdout:   Installing       : containers-common-extra-5:0.67.0-1.amzn2023.0.2.   118/128 
2026-09-24T17:38:23.801853935Z Stdout:   Installing       : buildah-2:1.43.1-1.amzn2023.0.1.x86_64             119/128 
2026-09-24T17:38:23.805393281Z Stdout:   Installing       : kiwi-systemdeps-containers-10.3.0-1.amzn2023.x86   120/128 
2026-09-24T17:38:24.044140008Z Stdout:   Installing       : kiwi-systemdeps-10.3.0-1.amzn2023.x86_64           121/128 
2026-09-24T17:38:24.058247798Z Stdout:   Installing       : python3-kiwi-10.3.0-1.amzn2023.noarch              122/128 
2026-09-24T17:38:24.062379512Z Stdout:   Installing       : kiwi-cli-10.3.0-1.amzn2023.noarch                  123/128 
2026-09-24T17:38:30.903290688Z Stdout:   Running scriptlet: kiwi-cli-10.3.0-1.amzn2023.noarch                  123/128 
2026-09-24T17:38:30.910780936Z Stdout:   Installing       : annobin-plugin-gcc-12.69-1.amzn2023.0.1.x86_64     124/128 
2026-09-24T17:38:31.014212387Z Stdout:   Running scriptlet: annobin-plugin-gcc-12.69-1.amzn2023.0.1.x86_64     124/128 
2026-09-24T17:38:31.022099610Z Stdout:   Installing       : cargo-1.98.0-1.amzn2023.x86_64                     125/128 
2026-09-24T17:38:31.047123673Z Stdout:   Installing       : gcc-plugin-annobin-11.5.0-5.amzn2023.0.5.x86_64    126/128 
2026-09-24T17:38:31.270918056Z Stdout:   Installing       : aws-nitro-tpm-tools-1.1.2-1.amzn2023.x86_64        127/128 
2026-09-24T17:38:31.280178478Z Stdout:   Installing       : python3-poetry-core-1.6.1-1.amzn2023.0.1.noarch    128/128 
2026-09-24T17:38:43.203541020Z Stdout:   Running scriptlet: container-selinux-4:2.245.0-1.amzn2023.noarch      128/128 
2026-09-24T17:38:43.210456641Z Stdout:   Running scriptlet: passt-selinux-0^20260716.g090d739-2.amzn2023.noa   128/128 
2026-09-24T17:38:43.263699273Z Stdout:   Running scriptlet: grub2-efi-x64-1:2.06-61.amzn2023.0.22.x86_64       128/128 
2026-09-24T17:38:43.292472818Z Stdout:   Running scriptlet: fontconfig-2.13.94-2.amzn2023.0.2.x86_64           128/128 
2026-09-24T17:38:43.859907374Z Stdout:   Running scriptlet: python3-poetry-core-1.6.1-1.amzn2023.0.1.noarch    128/128 
2026-09-24T17:38:43.859914773Z Stdout:   Verifying        : aardvark-dns-2:1.17.1-1.amzn2023.0.1.x86_64          1/128 
2026-09-24T17:38:43.859919396Z Stdout:   Verifying        : annobin-docs-12.69-1.amzn2023.0.1.noarch             2/128 
2026-09-24T17:38:43.859922999Z Stdout:   Verifying        : annobin-plugin-gcc-12.69-1.amzn2023.0.1.x86_64       3/128 
2026-09-24T17:38:43.859928582Z Stdout:   Verifying        : aws-nitro-tpm-tools-1.1.2-1.amzn2023.x86_64          4/128 
2026-09-24T17:38:43.859931722Z Stdout:   Verifying        : brotli-1.0.9-4.amzn2023.0.2.x86_64                   5/128 
2026-09-24T17:38:43.859936376Z Stdout:   Verifying        : brotli-devel-1.0.9-4.amzn2023.0.2.x86_64             6/128 
2026-09-24T17:38:43.859958199Z Stdout:   Verifying        : buildah-2:1.43.1-1.amzn2023.0.1.x86_64               7/128 
2026-09-24T17:38:43.859984602Z Stdout:   Verifying        : cairo-1.18.0-4.amzn2023.0.3.x86_64                   8/128 
2026-09-24T17:38:43.860030190Z Stdout:   Verifying        : cargo-1.98.0-1.amzn2023.x86_64                       9/128 
2026-09-24T17:38:43.860067295Z Stdout:   Verifying        : cmake-filesystem-3.22.2-1.amzn2023.0.6.x86_64       10/128 
2026-09-24T17:38:43.860094258Z Stdout:   Verifying        : container-selinux-4:2.245.0-1.amzn2023.noarch       11/128 
2026-09-24T17:38:43.860123568Z Stdout:   Verifying        : containers-common-5:0.67.0-1.amzn2023.0.2.x86_64    12/128 
2026-09-24T17:38:43.860147104Z Stdout:   Verifying        : containers-common-extra-5:0.67.0-1.amzn2023.0.2.    13/128 
2026-09-24T17:38:43.860170548Z Stdout:   Verifying        : cpp-11.5.0-5.amzn2023.0.5.x86_64                    14/128 
2026-09-24T17:38:43.860216377Z Stdout:   Verifying        : device-mapper-event-1.02.185-1.amzn2023.0.5.x86_    15/128 
2026-09-24T17:38:43.860262474Z Stdout:   Verifying        : device-mapper-event-libs-1.02.185-1.amzn2023.0.5    16/128 
2026-09-24T17:38:43.860313775Z Stdout:   Verifying        : device-mapper-persistent-data-0.9.0-7.amzn2023.0    17/128 
2026-09-24T17:38:43.860350223Z Stdout:   Verifying        : distribution-gpg-keys-1.104-1.amzn2023.0.2.noarc    18/128 
2026-09-24T17:38:43.860385719Z Stdout:   Verifying        : erofs-utils-1.8.6-1.amzn2023.0.1.x86_64             19/128 
2026-09-24T17:38:43.860430886Z Stdout:   Verifying        : fontconfig-2.13.94-2.amzn2023.0.2.x86_64            20/128 
2026-09-24T17:38:43.860469493Z Stdout:   Verifying        : fonts-filesystem-1:2.0.5-12.amzn2023.0.2.noarch     21/128 
2026-09-24T17:38:43.860516809Z Stdout:   Verifying        : freetype-2.13.2-5.amzn2023.0.2.x86_64               22/128 
2026-09-24T17:38:43.860541285Z Stdout:   Verifying        : fuse3-libs-3.10.4-1.amzn2023.0.2.x86_64             23/128 
2026-09-24T17:38:43.860564033Z Stdout:   Verifying        : gc-8.0.4-5.amzn2023.0.2.x86_64                      24/128 
2026-09-24T17:38:43.860590389Z Stdout:   Verifying        : gcc-11.5.0-5.amzn2023.0.5.x86_64                    25/128 
2026-09-24T17:38:43.860622683Z Stdout:   Verifying        : gcc-plugin-annobin-11.5.0-5.amzn2023.0.5.x86_64     26/128 
2026-09-24T17:38:43.860650318Z Stdout:   Verifying        : git-2.50.1-1.amzn2023.0.1.x86_64                    27/128 
2026-09-24T17:38:43.860675227Z Stdout:   Verifying        : git-core-2.50.1-1.amzn2023.0.1.x86_64               28/128 
2026-09-24T17:38:43.860707177Z Stdout:   Verifying        : git-core-doc-2.50.1-1.amzn2023.0.1.noarch           29/128 
2026-09-24T17:38:43.860758517Z Stdout:   Verifying        : glibc-devel-2.34-231.amzn2023.0.5.x86_64            30/128 
2026-09-24T17:38:43.860795941Z Stdout:   Verifying        : glibc-headers-x86-2.34-231.amzn2023.0.5.noarch      31/128 
2026-09-24T17:38:43.860837835Z Stdout:   Verifying        : google-noto-fonts-common-20240401-1.amzn2023.0.2    32/128 
2026-09-24T17:38:43.860873119Z Stdout:   Verifying        : google-noto-sans-vf-fonts-20240401-1.amzn2023.0.    33/128 
2026-09-24T17:38:43.860914300Z Stdout:   Verifying        : graphite2-1.3.14-7.amzn2023.0.3.x86_64              34/128 
2026-09-24T17:38:43.860967003Z Stdout:   Verifying        : grub2-efi-x64-1:2.06-61.amzn2023.0.22.x86_64        35/128 
2026-09-24T17:38:43.861043177Z Stdout:   Verifying        : grub2-efi-x64-modules-1:2.06-61.amzn2023.0.22.no    36/128 
2026-09-24T17:38:43.861080860Z Stdout:   Verifying        : grub2-pc-1:2.06-61.amzn2023.0.22.x86_64             37/128 
2026-09-24T17:38:43.861119771Z Stdout:   Verifying        : grub2-tools-efi-1:2.06-61.amzn2023.0.22.x86_64      38/128 
2026-09-24T17:38:43.861142081Z Stdout:   Verifying        : grub2-tools-extra-1:2.06-61.amzn2023.0.22.x86_64    39/128 
2026-09-24T17:38:43.861167904Z Stdout:   Verifying        : guile22-2.2.7-2.amzn2023.0.3.x86_64                 40/128 
2026-09-24T17:38:43.861199662Z Stdout:   Verifying        : harfbuzz-7.0.0-2.amzn2023.0.2.x86_64                41/128 
2026-09-24T17:38:43.861224759Z Stdout:   Verifying        : iptables-libs-1.8.8-3.amzn2023.0.2.x86_64           42/128 
2026-09-24T17:38:43.861250914Z Stdout:   Verifying        : iptables-nft-1.8.8-3.amzn2023.0.2.x86_64            43/128 
2026-09-24T17:38:43.861280971Z Stdout:   Verifying        : json-c-devel-0.14-8.amzn2023.0.2.x86_64             44/128 
2026-09-24T17:38:43.861306282Z Stdout:   Verifying        : kernel6.18-headers-1:6.18.48-109.150.amzn2023.x8    45/128 
2026-09-24T17:38:43.861328034Z Stdout:   Verifying        : keyutils-libs-devel-1.6.3-1.amzn2023.0.2.x86_64     46/128 
2026-09-24T17:38:43.861352605Z Stdout:   Verifying        : kiwi-cli-10.3.0-1.amzn2023.noarch                   47/128 
2026-09-24T17:38:43.861380458Z Stdout:   Verifying        : kiwi-systemdeps-10.3.0-1.amzn2023.x86_64            48/128 
2026-09-24T17:38:43.861407246Z Stdout:   Verifying        : kiwi-systemdeps-bootloaders-10.3.0-1.amzn2023.x8    49/128 
2026-09-24T17:38:43.861432343Z Stdout:   Verifying        : kiwi-systemdeps-containers-10.3.0-1.amzn2023.x86    50/128 
2026-09-24T17:38:43.861458232Z Stdout:   Verifying        : kiwi-systemdeps-core-10.3.0-1.amzn2023.x86_64       51/128 
2026-09-24T17:38:43.861485212Z Stdout:   Verifying        : kiwi-systemdeps-disk-images-10.3.0-1.amzn2023.x8    52/128 
2026-09-24T17:38:43.861509528Z Stdout:   Verifying        : kiwi-systemdeps-filesystems-10.3.0-1.amzn2023.x8    53/128 
2026-09-24T17:38:43.861533074Z Stdout:   Verifying        : kpartx-0.8.7-16.amzn2023.0.2.x86_64                 54/128 
2026-09-24T17:38:43.861560668Z Stdout:   Verifying        : krb5-devel-1.21.3-8.amzn2023.0.1.x86_64             55/128 
2026-09-24T17:38:43.861584053Z Stdout:   Verifying        : langpacks-core-font-en-3.0-21.amzn2023.0.4.noarc    56/128 
2026-09-24T17:38:43.861609569Z Stdout:   Verifying        : libX11-1.8.10-2.amzn2023.0.1.x86_64                 57/128 
2026-09-24T17:38:43.861634130Z Stdout:   Verifying        : libX11-common-1.8.10-2.amzn2023.0.1.noarch          58/128 
2026-09-24T17:38:43.861657666Z Stdout:   Verifying        : libXau-1.0.11-6.amzn2023.0.1.x86_64                 59/128 
2026-09-24T17:38:43.861683271Z Stdout:   Verifying        : libXext-1.3.6-1.amzn2023.0.1.x86_64                 60/128 
2026-09-24T17:38:43.861709295Z Stdout:   Verifying        : libXrender-0.9.11-6.amzn2023.0.1.x86_64             61/128 
2026-09-24T17:38:43.861740304Z Stdout:   Verifying        : libbrotli-1.0.9-4.amzn2023.0.2.x86_64               62/128 
2026-09-24T17:38:43.861761597Z Stdout:   Verifying        : libcom_err-devel-1.46.5-2.amzn2023.0.2.x86_64       63/128 
2026-09-24T17:38:43.861787630Z Stdout:   Verifying        : libcurl-devel-8.21.0-5.amzn2023.0.1.x86_64          64/128 
2026-09-24T17:38:43.861813836Z Stdout:   Verifying        : libidn2-devel-2.3.2-1.amzn2023.0.5.x86_64           65/128 
2026-09-24T17:38:43.861836577Z Stdout:   Verifying        : libkadm5-1.21.3-8.amzn2023.0.1.x86_64               66/128 
2026-09-24T17:38:43.861890914Z Stdout:   Verifying        : libmpc-1.2.1-2.amzn2023.0.2.x86_64                  67/128 
2026-09-24T17:38:43.861921173Z Stdout:   Verifying        : libnetfilter_conntrack-1.0.8-2.amzn2023.0.2.x86_    68/128 
2026-09-24T17:38:43.861945686Z Stdout:   Verifying        : libnfnetlink-1.0.1-19.amzn2023.0.2.x86_64           69/128 
2026-09-24T17:38:43.861968318Z Stdout:   Verifying        : libnftnl-1.2.2-2.amzn2023.0.2.x86_64                70/128 
2026-09-24T17:38:43.861995615Z Stdout:   Verifying        : libnghttp2-devel-1.59.0-3.amzn2023.0.2.x86_64       71/128 
2026-09-24T17:38:43.862031407Z Stdout:   Verifying        : libnghttp3-1.15.0-1.amzn2023.0.1.x86_64             72/128 
2026-09-24T17:38:43.862076158Z Stdout:   Verifying        : libnghttp3-devel-1.15.0-1.amzn2023.0.1.x86_64       73/128 
2026-09-24T17:38:43.862125068Z Stdout:   Verifying        : libpng-2:1.6.37-10.amzn2023.0.13.x86_64             74/128 
2026-09-24T17:38:43.862172470Z Stdout:   Verifying        : libpsl-devel-0.21.5-1.amzn2023.0.1.x86_64           75/128 
2026-09-24T17:38:43.862222641Z Stdout:   Verifying        : libselinux-devel-3.4-5.amzn2023.0.2.x86_64          76/128 
2026-09-24T17:38:43.862265691Z Stdout:   Verifying        : libsepol-devel-3.4-3.amzn2023.0.3.x86_64            77/128 
2026-09-24T17:38:43.862317797Z Stdout:   Verifying        : libssh-0.10.6-1.amzn2023.0.8.x86_64                 78/128 
2026-09-24T17:38:43.862358351Z Stdout:   Verifying        : libssh-config-0.10.6-1.amzn2023.0.8.noarch          79/128 
2026-09-24T17:38:43.862394727Z Stdout:   Verifying        : libssh-devel-0.10.6-1.amzn2023.0.8.x86_64           80/128 
2026-09-24T17:38:43.862422062Z Stdout:   Verifying        : libtool-ltdl-2.4.7-1.amzn2023.0.3.x86_64            81/128 
2026-09-24T17:38:43.862451104Z Stdout:   Verifying        : liburing-2.6-2.amzn2023.0.1.x86_64                  82/128 
2026-09-24T17:38:43.862478750Z Stdout:   Verifying        : libuuid-devel-2.37.4-1.amzn2023.0.6.x86_64          83/128 
2026-09-24T17:38:43.862514384Z Stdout:   Verifying        : libverto-devel-0.3.2-1.amzn2023.0.2.x86_64          84/128 
2026-09-24T17:38:43.862541970Z Stdout:   Verifying        : libxcb-1.17.0-1.amzn2023.0.1.x86_64                 85/128 
2026-09-24T17:38:43.862573409Z Stdout:   Verifying        : libxcrypt-devel-4.4.33-7.amzn2023.x86_64            86/128 
2026-09-24T17:38:43.862595379Z Stdout:   Verifying        : lvm2-2.03.16-1.amzn2023.0.5.x86_64                  87/128 
2026-09-24T17:38:43.862633663Z Stdout:   Verifying        : lvm2-libs-2.03.16-1.amzn2023.0.5.x86_64             88/128 
2026-09-24T17:38:43.862673942Z Stdout:   Verifying        : lzo-2.10-4.amzn2023.0.2.x86_64                      89/128 
2026-09-24T17:38:43.862713981Z Stdout:   Verifying        : make-1:4.3-5.amzn2023.0.2.x86_64                    90/128 
2026-09-24T17:38:43.862900111Z Stdout:   Verifying        : mdadm-4.2-3.amzn2023.0.5.x86_64                     91/128 
2026-09-24T17:38:43.862904774Z Stdout:   Verifying        : mtools-4.0.35-1.amzn2023.0.3.x86_64                 92/128 
2026-09-24T17:38:43.862910430Z Stdout:   Verifying        : netavark-2:1.17.2-1.amzn2023.0.1.x86_64             93/128 
2026-09-24T17:38:43.862914216Z Stdout:   Verifying        : ngtcp2-1.21.0-1.amzn2023.0.2.x86_64                 94/128 
2026-09-24T17:38:43.862919097Z Stdout:   Verifying        : ngtcp2-crypto-ossl-1.21.0-1.amzn2023.0.2.x86_64     95/128 
2026-09-24T17:38:43.863137716Z Stdout:   Verifying        : ngtcp2-crypto-ossl-devel-1.21.0-1.amzn2023.0.2.x    96/128 
2026-09-24T17:38:43.863141643Z Stdout:   Verifying        : ngtcp2-devel-1.21.0-1.amzn2023.0.2.x86_64           97/128 
2026-09-24T17:38:43.863144678Z Stdout:   Verifying        : open-vmdk-0.3.6-1.amzn2023.x86_64                   98/128 
2026-09-24T17:38:43.863147433Z Stdout:   Verifying        : openssl-devel-1:3.5.8-1.amzn2023.0.1.x86_64         99/128 
2026-09-24T17:38:43.863150100Z Stdout:   Verifying        : passt-0^20260716.g090d739-2.amzn2023.x86_64        100/128 
2026-09-24T17:38:43.863153331Z Stdout:   Verifying        : passt-selinux-0^20260716.g090d739-2.amzn2023.noa   101/128 
2026-09-24T17:38:43.863155765Z Stdout:   Verifying        : pcre2-devel-10.40-1.amzn2023.0.3.x86_64            102/128 
2026-09-24T17:38:43.863158230Z Stdout:   Verifying        : pcre2-utf16-10.40-1.amzn2023.0.3.x86_64            103/128 
2026-09-24T17:38:43.863161564Z Stdout:   Verifying        : pcre2-utf32-10.40-1.amzn2023.0.3.x86_64            104/128 
2026-09-24T17:38:43.863164035Z Stdout:   Verifying        : perl-Error-1:0.17030-2.amzn2023.0.1.noarch         105/128 
2026-09-24T17:38:43.863195183Z Stdout:   Verifying        : perl-File-Find-1.37-477.amzn2023.0.9.noarch        106/128 
2026-09-24T17:38:43.863402896Z Stdout:   Verifying        : perl-Git-2.50.1-1.amzn2023.0.1.noarch              107/128 
2026-09-24T17:38:43.863406685Z Stdout:   Verifying        : perl-TermReadKey-2.38-9.amzn2023.0.3.x86_64        108/128 
2026-09-24T17:38:43.863409401Z Stdout:   Verifying        : perl-lib-0.65-477.amzn2023.0.9.x86_64              109/128 
2026-09-24T17:38:43.863417810Z Stdout:   Verifying        : pixman-0.43.4-1.amzn2023.0.4.x86_64                110/128 
2026-09-24T17:38:43.863420987Z Stdout:   Verifying        : publicsuffix-list-20260116-1.amzn2023.0.1.noarch   111/128 
2026-09-24T17:38:43.863425091Z Stdout:   Verifying        : python3-docopt-0.6.2-19.amzn2023.0.3.noarch        112/128 
2026-09-24T17:38:43.863427729Z Stdout:   Verifying        : python3-kiwi-10.3.0-1.amzn2023.noarch              113/128 
2026-09-24T17:38:43.863434200Z Stdout:   Verifying        : python3-poetry-core-1.6.1-1.amzn2023.0.1.noarch    114/128 
2026-09-24T17:38:43.863437743Z Stdout:   Verifying        : python3-simplejson-3.17.6-111.amzn2023.0.2.x86_6   115/128 
2026-09-24T17:38:43.863440499Z Stdout:   Verifying        : qemu-img-2:11.0.0-1.amzn2023.x86_64                116/128 
2026-09-24T17:38:43.863443642Z Stdout:   Verifying        : runc-1.3.6-1.amzn2023.0.1.x86_64                   117/128 
2026-09-24T17:38:43.863772355Z Stdout:   Verifying        : rust-1.98.0-1.amzn2023.x86_64                      118/128 
2026-09-24T17:38:43.863776195Z Stdout:   Verifying        : rust-std-static-1.98.0-1.amzn2023.x86_64           119/128 
2026-09-24T17:38:43.863778750Z Stdout:   Verifying        : shadow-utils-subid-2:4.9-12.amzn2023.0.4.x86_64    120/128 
2026-09-24T17:38:43.863781527Z Stdout:   Verifying        : skopeo-2:1.22.2-1.amzn2023.0.1.x86_64              121/128 
2026-09-24T17:38:43.863784237Z Stdout:   Verifying        : squashfs-tools-4.5-3.amzn2023.0.2.x86_64           122/128 
2026-09-24T17:38:43.863786830Z Stdout:   Verifying        : tpm2-tss-4.0.2-1.amzn2023.0.1.x86_64               123/128 
2026-09-24T17:38:43.863793505Z Stdout:   Verifying        : tpm2-tss-devel-4.0.2-1.amzn2023.0.1.x86_64         124/128 
2026-09-24T17:38:43.863795980Z Stdout:   Verifying        : tpm2-tss-fapi-4.0.2-1.amzn2023.0.1.x86_64          125/128 
2026-09-24T17:38:43.863798509Z Stdout:   Verifying        : veritysetup-2.6.1-1.amzn2023.0.1.x86_64            126/128 
2026-09-24T17:38:43.863801337Z Stdout:   Verifying        : xml-common-0.6.3-56.amzn2023.0.2.noarch            127/128 
2026-09-24T17:38:44.270843900Z Stdout:   Verifying        : zlib-devel-1.2.11-33.amzn2023.0.6.x86_64           128/128 
2026-09-24T17:38:44.270854688Z Stdout: 
2026-09-24T17:38:44.270859348Z Stdout: Installed:
2026-09-24T17:38:44.270863583Z Stdout:   aardvark-dns-2:1.17.1-1.amzn2023.0.1.x86_64                                   
2026-09-24T17:38:44.270871004Z Stdout:   annobin-docs-12.69-1.amzn2023.0.1.noarch                                      
2026-09-24T17:38:44.270875138Z Stdout:   annobin-plugin-gcc-12.69-1.amzn2023.0.1.x86_64                                
2026-09-24T17:38:44.270879152Z Stdout:   aws-nitro-tpm-tools-1.1.2-1.amzn2023.x86_64                                   
2026-09-24T17:38:44.270885445Z Stdout:   brotli-1.0.9-4.amzn2023.0.2.x86_64                                            
2026-09-24T17:38:44.270889610Z Stdout:   brotli-devel-1.0.9-4.amzn2023.0.2.x86_64                                      
2026-09-24T17:38:44.270894160Z Stdout:   buildah-2:1.43.1-1.amzn2023.0.1.x86_64                                        
2026-09-24T17:38:44.270896914Z Stdout:   cairo-1.18.0-4.amzn2023.0.3.x86_64                                            
2026-09-24T17:38:44.270899752Z Stdout:   cargo-1.98.0-1.amzn2023.x86_64                                                
2026-09-24T17:38:44.270902734Z Stdout:   cmake-filesystem-3.22.2-1.amzn2023.0.6.x86_64                                 
2026-09-24T17:38:44.270905614Z Stdout:   container-selinux-4:2.245.0-1.amzn2023.noarch                                 
2026-09-24T17:38:44.270908288Z Stdout:   containers-common-5:0.67.0-1.amzn2023.0.2.x86_64                              
2026-09-24T17:38:44.270913918Z Stdout:   containers-common-extra-5:0.67.0-1.amzn2023.0.2.x86_64                        
2026-09-24T17:38:44.270924676Z Stdout:   cpp-11.5.0-5.amzn2023.0.5.x86_64                                              
2026-09-24T17:38:44.270927927Z Stdout:   device-mapper-event-1.02.185-1.amzn2023.0.5.x86_64                            
2026-09-24T17:38:44.270937754Z Stdout:   device-mapper-event-libs-1.02.185-1.amzn2023.0.5.x86_64                       
2026-09-24T17:38:44.270941705Z Stdout:   device-mapper-persistent-data-0.9.0-7.amzn2023.0.4.x86_64                     
2026-09-24T17:38:44.270945916Z Stdout:   distribution-gpg-keys-1.104-1.amzn2023.0.2.noarch                             
2026-09-24T17:38:44.270950337Z Stdout:   erofs-utils-1.8.6-1.amzn2023.0.1.x86_64                                       
2026-09-24T17:38:44.270954565Z Stdout:   fontconfig-2.13.94-2.amzn2023.0.2.x86_64                                      
2026-09-24T17:38:44.270960075Z Stdout:   fonts-filesystem-1:2.0.5-12.amzn2023.0.2.noarch                               
2026-09-24T17:38:44.270963099Z Stdout:   freetype-2.13.2-5.amzn2023.0.2.x86_64                                         
2026-09-24T17:38:44.270965738Z Stdout:   fuse3-libs-3.10.4-1.amzn2023.0.2.x86_64                                       
2026-09-24T17:38:44.270968563Z Stdout:   gc-8.0.4-5.amzn2023.0.2.x86_64                                                
2026-09-24T17:38:44.270971215Z Stdout:   gcc-11.5.0-5.amzn2023.0.5.x86_64                                              
2026-09-24T17:38:44.270973946Z Stdout:   gcc-plugin-annobin-11.5.0-5.amzn2023.0.5.x86_64                               
2026-09-24T17:38:44.270977635Z Stdout:   git-2.50.1-1.amzn2023.0.1.x86_64                                              
2026-09-24T17:38:44.270980496Z Stdout:   git-core-2.50.1-1.amzn2023.0.1.x86_64                                         
2026-09-24T17:38:44.270984910Z Stdout:   git-core-doc-2.50.1-1.amzn2023.0.1.noarch                                     
2026-09-24T17:38:44.270987634Z Stdout:   glibc-devel-2.34-231.amzn2023.0.5.x86_64                                      
2026-09-24T17:38:44.270990213Z Stdout:   glibc-headers-x86-2.34-231.amzn2023.0.5.noarch                                
2026-09-24T17:38:44.270992843Z Stdout:   google-noto-fonts-common-20240401-1.amzn2023.0.2.noarch                       
2026-09-24T17:38:44.270995448Z Stdout:   google-noto-sans-vf-fonts-20240401-1.amzn2023.0.2.noarch                      
2026-09-24T17:38:44.271026509Z Stdout:   graphite2-1.3.14-7.amzn2023.0.3.x86_64                                        
2026-09-24T17:38:44.271032999Z Stdout:   grub2-efi-x64-1:2.06-61.amzn2023.0.22.x86_64                                  
2026-09-24T17:38:44.271035682Z Stdout:   grub2-efi-x64-modules-1:2.06-61.amzn2023.0.22.noarch                          
2026-09-24T17:38:44.271038270Z Stdout:   grub2-pc-1:2.06-61.amzn2023.0.22.x86_64                                       
2026-09-24T17:38:44.271040717Z Stdout:   grub2-tools-efi-1:2.06-61.amzn2023.0.22.x86_64                                
2026-09-24T17:38:44.271063362Z Stdout:   grub2-tools-extra-1:2.06-61.amzn2023.0.22.x86_64                              
2026-09-24T17:38:44.271066047Z Stdout:   guile22-2.2.7-2.amzn2023.0.3.x86_64                                           
2026-09-24T17:38:44.271068792Z Stdout:   harfbuzz-7.0.0-2.amzn2023.0.2.x86_64                                          
2026-09-24T17:38:44.271072769Z Stdout:   iptables-libs-1.8.8-3.amzn2023.0.2.x86_64                                     
2026-09-24T17:38:44.271075816Z Stdout:   iptables-nft-1.8.8-3.amzn2023.0.2.x86_64                                      
2026-09-24T17:38:44.271079503Z Stdout:   json-c-devel-0.14-8.amzn2023.0.2.x86_64                                       
2026-09-24T17:38:44.271082046Z Stdout:   kernel6.18-headers-1:6.18.48-109.150.amzn2023.x86_64                          
2026-09-24T17:38:44.271084955Z Stdout:   keyutils-libs-devel-1.6.3-1.amzn2023.0.2.x86_64                               
2026-09-24T17:38:44.271088490Z Stdout:   kiwi-cli-10.3.0-1.amzn2023.noarch                                             
2026-09-24T17:38:44.271091737Z Stdout:   kiwi-systemdeps-10.3.0-1.amzn2023.x86_64                                      
2026-09-24T17:38:44.271094142Z Stdout:   kiwi-systemdeps-bootloaders-10.3.0-1.amzn2023.x86_64                          
2026-09-24T17:38:44.271102302Z Stdout:   kiwi-systemdeps-containers-10.3.0-1.amzn2023.x86_64                           
2026-09-24T17:38:44.271106102Z Stdout:   kiwi-systemdeps-core-10.3.0-1.amzn2023.x86_64                                 
2026-09-24T17:38:44.271110142Z Stdout:   kiwi-systemdeps-disk-images-10.3.0-1.amzn2023.x86_64                          
2026-09-24T17:38:44.271114286Z Stdout:   kiwi-systemdeps-filesystems-10.3.0-1.amzn2023.x86_64                          
2026-09-24T17:38:44.271116816Z Stdout:   kpartx-0.8.7-16.amzn2023.0.2.x86_64                                           
2026-09-24T17:38:44.271119282Z Stdout:   krb5-devel-1.21.3-8.amzn2023.0.1.x86_64                                       
2026-09-24T17:38:44.271121724Z Stdout:   langpacks-core-font-en-3.0-21.amzn2023.0.4.noarch                             
2026-09-24T17:38:44.271124137Z Stdout:   libX11-1.8.10-2.amzn2023.0.1.x86_64                                           
2026-09-24T17:38:44.271126572Z Stdout:   libX11-common-1.8.10-2.amzn2023.0.1.noarch                                    
2026-09-24T17:38:44.271129150Z Stdout:   libXau-1.0.11-6.amzn2023.0.1.x86_64                                           
2026-09-24T17:38:44.271131686Z Stdout:   libXext-1.3.6-1.amzn2023.0.1.x86_64                                           
2026-09-24T17:38:44.271134696Z Stdout:   libXrender-0.9.11-6.amzn2023.0.1.x86_64                                       
2026-09-24T17:38:44.271137181Z Stdout:   libbrotli-1.0.9-4.amzn2023.0.2.x86_64                                         
2026-09-24T17:38:44.271140757Z Stdout:   libcom_err-devel-1.46.5-2.amzn2023.0.2.x86_64                                 
2026-09-24T17:38:44.271143219Z Stdout:   libcurl-devel-8.21.0-5.amzn2023.0.1.x86_64                                    
2026-09-24T17:38:44.271145655Z Stdout:   libidn2-devel-2.3.2-1.amzn2023.0.5.x86_64                                     
2026-09-24T17:38:44.271148075Z Stdout:   libkadm5-1.21.3-8.amzn2023.0.1.x86_64                                         
2026-09-24T17:38:44.271150679Z Stdout:   libmpc-1.2.1-2.amzn2023.0.2.x86_64                                            
2026-09-24T17:38:44.271153097Z Stdout:   libnetfilter_conntrack-1.0.8-2.amzn2023.0.2.x86_64                            
2026-09-24T17:38:44.271155576Z Stdout:   libnfnetlink-1.0.1-19.amzn2023.0.2.x86_64                                     
2026-09-24T17:38:44.271158671Z Stdout:   libnftnl-1.2.2-2.amzn2023.0.2.x86_64                                          
2026-09-24T17:38:44.271161126Z Stdout:   libnghttp2-devel-1.59.0-3.amzn2023.0.2.x86_64                                 
2026-09-24T17:38:44.271163576Z Stdout:   libnghttp3-1.15.0-1.amzn2023.0.1.x86_64                                       
2026-09-24T17:38:44.271166031Z Stdout:   libnghttp3-devel-1.15.0-1.amzn2023.0.1.x86_64                                 
2026-09-24T17:38:44.271168408Z Stdout:   libpng-2:1.6.37-10.amzn2023.0.13.x86_64                                       
2026-09-24T17:38:44.271170974Z Stdout:   libpsl-devel-0.21.5-1.amzn2023.0.1.x86_64                                     
2026-09-24T17:38:44.271173965Z Stdout:   libselinux-devel-3.4-5.amzn2023.0.2.x86_64                                    
2026-09-24T17:38:44.271177896Z Stdout:   libsepol-devel-3.4-3.amzn2023.0.3.x86_64                                      
2026-09-24T17:38:44.271181801Z Stdout:   libssh-0.10.6-1.amzn2023.0.8.x86_64                                           
2026-09-24T17:38:44.271186904Z Stdout:   libssh-config-0.10.6-1.amzn2023.0.8.noarch                                    
2026-09-24T17:38:44.271189485Z Stdout:   libssh-devel-0.10.6-1.amzn2023.0.8.x86_64                                     
2026-09-24T17:38:44.271192604Z Stdout:   libtool-ltdl-2.4.7-1.amzn2023.0.3.x86_64                                      
2026-09-24T17:38:44.271195040Z Stdout:   liburing-2.6-2.amzn2023.0.1.x86_64                                            
2026-09-24T17:38:44.271197482Z Stdout:   libuuid-devel-2.37.4-1.amzn2023.0.6.x86_64                                    
2026-09-24T17:38:44.271200747Z Stdout:   libverto-devel-0.3.2-1.amzn2023.0.2.x86_64                                    
2026-09-24T17:38:44.271203207Z Stdout:   libxcb-1.17.0-1.amzn2023.0.1.x86_64                                           
2026-09-24T17:38:44.271205595Z Stdout:   libxcrypt-devel-4.4.33-7.amzn2023.x86_64                                      
2026-09-24T17:38:44.271208453Z Stdout:   lvm2-2.03.16-1.amzn2023.0.5.x86_64                                            
2026-09-24T17:38:44.271210847Z Stdout:   lvm2-libs-2.03.16-1.amzn2023.0.5.x86_64                                       
2026-09-24T17:38:44.271213365Z Stdout:   lzo-2.10-4.amzn2023.0.2.x86_64                                                
2026-09-24T17:38:44.271215906Z Stdout:   make-1:4.3-5.amzn2023.0.2.x86_64                                              
2026-09-24T17:38:44.271218385Z Stdout:   mdadm-4.2-3.amzn2023.0.5.x86_64                                               
2026-09-24T17:38:44.271220742Z Stdout:   mtools-4.0.35-1.amzn2023.0.3.x86_64                                           
2026-09-24T17:38:44.271223135Z Stdout:   netavark-2:1.17.2-1.amzn2023.0.1.x86_64                                       
2026-09-24T17:38:44.271225562Z Stdout:   ngtcp2-1.21.0-1.amzn2023.0.2.x86_64                                           
2026-09-24T17:38:44.271227929Z Stdout:   ngtcp2-crypto-ossl-1.21.0-1.amzn2023.0.2.x86_64                               
2026-09-24T17:38:44.271230334Z Stdout:   ngtcp2-crypto-ossl-devel-1.21.0-1.amzn2023.0.2.x86_64                         
2026-09-24T17:38:44.271234379Z Stdout:   ngtcp2-devel-1.21.0-1.amzn2023.0.2.x86_64                                     
2026-09-24T17:38:44.271238674Z Stdout:   open-vmdk-0.3.6-1.amzn2023.x86_64                                             
2026-09-24T17:38:44.271242491Z Stdout:   openssl-devel-1:3.5.8-1.amzn2023.0.1.x86_64                                   
2026-09-24T17:38:44.271247936Z Stdout:   passt-0^20260716.g090d739-2.amzn2023.x86_64                                   
2026-09-24T17:38:44.271250751Z Stdout:   passt-selinux-0^20260716.g090d739-2.amzn2023.noarch                           
2026-09-24T17:38:44.271255657Z Stdout:   pcre2-devel-10.40-1.amzn2023.0.3.x86_64                                       
2026-09-24T17:38:44.271259603Z Stdout:   pcre2-utf16-10.40-1.amzn2023.0.3.x86_64                                       
2026-09-24T17:38:44.271264175Z Stdout:   pcre2-utf32-10.40-1.amzn2023.0.3.x86_64                                       
2026-09-24T17:38:44.271266714Z Stdout:   perl-Error-1:0.17030-2.amzn2023.0.1.noarch                                    
2026-09-24T17:38:44.271269116Z Stdout:   perl-File-Find-1.37-477.amzn2023.0.9.noarch                                   
2026-09-24T17:38:44.271271501Z Stdout:   perl-Git-2.50.1-1.amzn2023.0.1.noarch                                         
2026-09-24T17:38:44.271273855Z Stdout:   perl-TermReadKey-2.38-9.amzn2023.0.3.x86_64                                   
2026-09-24T17:38:44.271276210Z Stdout:   perl-lib-0.65-477.amzn2023.0.9.x86_64                                         
2026-09-24T17:38:44.271278609Z Stdout:   pixman-0.43.4-1.amzn2023.0.4.x86_64                                           
2026-09-24T17:38:44.271281015Z Stdout:   publicsuffix-list-20260116-1.amzn2023.0.1.noarch                              
2026-09-24T17:38:44.271283415Z Stdout:   python3-docopt-0.6.2-19.amzn2023.0.3.noarch                                   
2026-09-24T17:38:44.271285804Z Stdout:   python3-kiwi-10.3.0-1.amzn2023.noarch                                         
2026-09-24T17:38:44.271288272Z Stdout:   python3-poetry-core-1.6.1-1.amzn2023.0.1.noarch                               
2026-09-24T17:38:44.271290647Z Stdout:   python3-simplejson-3.17.6-111.amzn2023.0.2.x86_64                             
2026-09-24T17:38:44.271293054Z Stdout:   qemu-img-2:11.0.0-1.amzn2023.x86_64                                           
2026-09-24T17:38:44.271295448Z Stdout:   runc-1.3.6-1.amzn2023.0.1.x86_64                                              
2026-09-24T17:38:44.271298753Z Stdout:   rust-1.98.0-1.amzn2023.x86_64                                                 
2026-09-24T17:38:44.271301645Z Stdout:   rust-std-static-1.98.0-1.amzn2023.x86_64                                      
2026-09-24T17:38:44.271304098Z Stdout:   shadow-utils-subid-2:4.9-12.amzn2023.0.4.x86_64                               
2026-09-24T17:38:44.271306608Z Stdout:   skopeo-2:1.22.2-1.amzn2023.0.1.x86_64                                         
2026-09-24T17:38:44.271309000Z Stdout:   squashfs-tools-4.5-3.amzn2023.0.2.x86_64                                      
2026-09-24T17:38:44.271311431Z Stdout:   tpm2-tss-4.0.2-1.amzn2023.0.1.x86_64                                          
2026-09-24T17:38:44.271313847Z Stdout:   tpm2-tss-devel-4.0.2-1.amzn2023.0.1.x86_64                                    
2026-09-24T17:38:44.271316218Z Stdout:   tpm2-tss-fapi-4.0.2-1.amzn2023.0.1.x86_64                                     
2026-09-24T17:38:44.271318964Z Stdout:   veritysetup-2.6.1-1.amzn2023.0.1.x86_64                                       
2026-09-24T17:38:44.271321371Z Stdout:   xml-common-0.6.3-56.amzn2023.0.2.noarch                                       
2026-09-24T17:38:44.271323862Z Stdout:   zlib-devel-1.2.11-33.amzn2023.0.6.x86_64                                      
2026-09-24T17:38:44.271327419Z Stdout: 
2026-09-24T17:38:44.271331733Z Stdout: Complete!
2026-09-24T17:38:44.700716925Z Stdout:     Updating crates.io index
2026-09-24T17:38:45.086287425Z Stdout:  Downloading crates ...
2026-09-24T17:38:45.110206824Z Stdout:   Downloaded coldsnap v0.12.0
2026-09-24T17:38:45.131789945Z Stdout:   Installing coldsnap v0.12.0
2026-09-24T17:38:45.134874397Z Stdout:     Updating crates.io index
2026-09-24T17:38:46.022164735Z Stdout:     Updating crates.io index
2026-09-24T17:38:46.119016340Z Stdout:  Downloading crates ...
2026-09-24T17:38:46.139491775Z Stdout:   Downloaded anstyle-query v1.1.5
2026-09-24T17:38:46.142060946Z Stdout:   Downloaded argh_shared v0.1.19
2026-09-24T17:38:46.142615495Z Stdout:   Downloaded atomic-waker v1.1.2
2026-09-24T17:38:46.144619030Z Stdout:   Downloaded env_filter v2.0.0
2026-09-24T17:38:46.145631260Z Stdout:   Downloaded fnv v1.0.7
2026-09-24T17:38:46.146092029Z Stdout:   Downloaded anstyle v1.0.14
2026-09-24T17:38:46.147031972Z Stdout:   Downloaded argh_derive v0.1.19
2026-09-24T17:38:46.147721498Z Stdout:   Downloaded block-buffer v0.12.1
2026-09-24T17:38:46.148379493Z Stdout:   Downloaded anstream v1.0.0
2026-09-24T17:38:46.149531941Z Stdout:   Downloaded async-trait v0.1.92
2026-09-24T17:38:46.151336061Z Stdout:   Downloaded aws-smithy-observability v0.3.0
2026-09-24T17:38:46.151965261Z Stdout:   Downloaded crypto-common v0.2.2
2026-09-24T17:38:46.152524093Z Stdout:   Downloaded anstyle-parse v1.0.0
2026-09-24T17:38:46.153767381Z Stdout:   Downloaded argh v0.1.19
2026-09-24T17:38:46.154835750Z Stdout:   Downloaded autocfg v1.5.1
2026-09-24T17:38:46.155670692Z Stdout:   Downloaded dunce v1.0.5
2026-09-24T17:38:46.156148523Z Stdout:   Downloaded bytes-utils v0.1.4
2026-09-24T17:38:46.156902019Z Stdout:   Downloaded cpufeatures v0.3.0
2026-09-24T17:38:46.157621110Z Stdout:   Downloaded deranged v0.5.8
2026-09-24T17:38:46.158563705Z Stdout:   Downloaded getrandom v0.2.17
2026-09-24T17:38:46.159990183Z Stdout:   Downloaded arc-swap v1.9.2
2026-09-24T17:38:46.162247837Z Stdout:   Downloaded futures-core v0.3.34
2026-09-24T17:38:46.162748815Z Stdout:   Downloaded futures-channel v0.3.34
2026-09-24T17:38:46.163700376Z Stdout:   Downloaded aws-config v1.10.1
2026-09-24T17:38:46.167327384Z Stdout:   Downloaded colorchoice v1.0.5
2026-09-24T17:38:46.167911202Z Stdout:   Downloaded futures v0.3.34
2026-09-24T17:38:46.170386097Z Stdout:   Downloaded futures-executor v0.3.34
2026-09-24T17:38:46.171201884Z Stdout:   Downloaded aho-corasick v1.1.5
2026-09-24T17:38:46.174437446Z Stdout:   Downloaded aws-lc-rs v1.18.0
2026-09-24T17:38:46.179817232Z Stdout:   Downloaded env_logger v0.11.11
2026-09-24T17:38:46.181312181Z Stdout:   Downloaded aws-smithy-xml v0.62.0
2026-09-24T17:38:46.183221690Z Stdout:   Downloaded cmake v0.1.58
2026-09-24T17:38:46.183882886Z Stdout:   Downloaded ctutils v0.4.2
2026-09-24T17:38:46.185420813Z Stdout:   Downloaded defmt-parser v1.0.0
2026-09-24T17:38:46.185881021Z Stdout:   Downloaded futures-io v0.3.34
2026-09-24T17:38:46.186332458Z Stdout:   Downloaded futures-macro v0.3.34
2026-09-24T17:38:46.186893065Z Stdout:   Downloaded futures-task v0.3.34
2026-09-24T17:38:46.187502427Z Stdout:   Downloaded h2 v0.4.16
2026-09-24T17:38:46.191126506Z Stdout:   Downloaded http-body-util v0.1.5
2026-09-24T17:38:46.192330104Z Stdout:   Downloaded hybrid-array v0.4.14
2026-09-24T17:38:46.193375881Z Stdout:   Downloaded aws-smithy-http v0.64.0
2026-09-24T17:38:46.194571909Z Stdout:   Downloaded aws-smithy-query v0.62.0
2026-09-24T17:38:46.195322507Z Stdout:   Downloaded aws-smithy-types v1.6.2
2026-09-24T17:38:46.198199567Z Stdout:   Downloaded cfg_aliases v0.2.2
2026-09-24T17:38:46.199143640Z Stdout:   Downloaded http-body v1.1.0
2026-09-24T17:38:46.199828319Z Stdout:   Downloaded idna_adapter v1.2.2
2026-09-24T17:38:46.200623045Z Stdout:   Downloaded errno v0.3.14
2026-09-24T17:38:46.202062127Z Stdout:   Downloaded hex v0.4.3
2026-09-24T17:38:46.203394222Z Stdout:   Downloaded aws-smithy-async v1.3.0
2026-09-24T17:38:46.205189819Z Stdout:   Downloaded find-msvc-tools v0.1.11
2026-09-24T17:38:46.206600959Z Stdout:   Downloaded hmac v0.13.0
2026-09-24T17:38:46.208285909Z Stdout:   Downloaded utf8_iter v1.0.4
2026-09-24T17:38:46.209263472Z Stdout:   Downloaded is_terminal_polyfill v1.70.2
2026-09-24T17:38:46.210412330Z Stdout:   Downloaded num-conv v0.2.2
2026-09-24T17:38:46.211033780Z Stdout:   Downloaded heck v0.5.0
2026-09-24T17:38:46.211742152Z Stdout:   Downloaded http-body v0.4.6
2026-09-24T17:38:46.213035235Z Stdout:   Downloaded outref v0.5.2
2026-09-24T17:38:46.214283497Z Stdout:   Downloaded pin-utils v0.1.0
2026-09-24T17:38:46.215092608Z Stdout:   Downloaded equivalent v1.0.2
2026-09-24T17:38:46.215732265Z Stdout:   Downloaded form_urlencoded v1.2.2
2026-09-24T17:38:46.216573063Z Stdout:   Downloaded potential_utf v0.1.6
2026-09-24T17:38:46.217787497Z Stdout:   Downloaded untrusted v0.9.0
2026-09-24T17:38:46.218920614Z Stdout:   Downloaded zerofrom v0.1.8
2026-09-24T17:38:46.219504612Z Stdout:   Downloaded percent-encoding v2.3.2
2026-09-24T17:38:46.219996347Z Stdout:   Downloaded cmov v0.5.4
2026-09-24T17:38:46.221320200Z Stdout:   Downloaded defmt-macros v1.1.1
2026-09-24T17:38:46.222970789Z Stdout:   Downloaded fastrand v2.5.0
2026-09-24T17:38:46.223737593Z Stdout:   Downloaded futures-sink v0.3.34
2026-09-24T17:38:46.224170561Z Stdout:   Downloaded base64-simd v0.8.0
2026-09-24T17:38:46.224860174Z Stdout:   Downloaded cfg-if v1.0.4
2026-09-24T17:38:46.225469565Z Stdout:   Downloaded aws-smithy-runtime-api-macros v1.1.0
2026-09-24T17:38:46.225828465Z Stdout:   Downloaded defmt v1.1.1
2026-09-24T17:38:46.227932519Z Stdout:   Downloaded jobserver v0.1.35
2026-09-24T17:38:46.228861662Z Stdout:   Downloaded num-integer v0.1.47
2026-09-24T17:38:46.229692860Z Stdout:   Downloaded openssl-probe v0.2.1
2026-09-24T17:38:46.230183528Z Stdout:   Downloaded pkg-config v0.3.34
2026-09-24T17:38:46.230907359Z Stdout:   Downloaded quote v1.0.47
2026-09-24T17:38:46.232210402Z Stdout:   Downloaded aws-credential-types v1.3.0
2026-09-24T17:38:46.233008178Z Stdout:   Downloaded digest v0.11.3
2026-09-24T17:38:46.234169425Z Stdout:   Downloaded either v1.17.0
2026-09-24T17:38:46.234958768Z Stdout:   Downloaded fs_extra v1.3.0
2026-09-24T17:38:46.235826914Z Stdout:   Downloaded httparse v1.10.1
2026-09-24T17:38:46.237090343Z Stdout:   Downloaded hyper-rustls v0.27.9
2026-09-24T17:38:46.237857443Z Stdout:   Downloaded icu_provider v2.3.0
2026-09-24T17:38:46.239404650Z Stdout:   Downloaded zeroize v1.9.0
2026-09-24T17:38:46.240240561Z Stdout:   Downloaded zerovec-derive v0.11.5
2026-09-24T17:38:46.241116308Z Stdout:   Downloaded zmij v1.0.23
2026-09-24T17:38:46.242034915Z Stdout:   Downloaded aws-smithy-schema v0.2.0
2026-09-24T17:38:46.243337755Z Stdout:   Downloaded aws-types v1.5.0
2026-09-24T17:38:46.244341284Z Stdout:   Downloaded bitflags v1.3.2
2026-09-24T17:38:46.245721141Z Stdout:   Downloaded console v0.16.4
2026-09-24T17:38:46.246636292Z Stdout:   Downloaded displaydoc v0.2.7
2026-09-24T17:38:46.247617705Z Stdout:   Downloaded getrandom v0.4.3
2026-09-24T17:38:46.249522387Z Stdout:   Downloaded base64 v0.22.1
2026-09-24T17:38:46.251573555Z Stdout:   Downloaded bitflags v2.13.1
2026-09-24T17:38:46.253594291Z Stdout:   Downloaded bytes v1.12.1
2026-09-24T17:38:46.255501688Z Stdout:   Downloaded const-oid v0.10.2
2026-09-24T17:38:46.256781497Z Stdout:   Downloaded icu_normalizer_data v2.3.0
2026-09-24T17:38:46.257997186Z Stdout:   Downloaded aws-runtime v1.9.1
2026-09-24T17:38:46.260264241Z Stdout:   Downloaded aws-smithy-json v0.63.0
2026-09-24T17:38:46.261533809Z Stdout:   Downloaded aws-smithy-runtime-api v1.14.0
2026-09-24T17:38:46.263658551Z Stdout:   Downloaded icu_locale_core v2.3.0
2026-09-24T17:38:46.266769757Z Stdout:   Downloaded zerotrie v0.2.5
2026-09-24T17:38:46.268939170Z Stdout:   Downloaded aws-sigv4 v1.5.1
2026-09-24T17:38:46.288231811Z Stdout:   Downloaded aws-smithy-http-client v1.3.0
2026-09-24T17:38:46.290624111Z Stdout:   Downloaded base64 v0.23.1
2026-09-24T17:38:46.292831610Z Stdout:   Downloaded cc v1.4.3
2026-09-24T17:38:46.294570637Z Stdout:   Downloaded http v0.2.12
2026-09-24T17:38:46.296454835Z Stdout:   Downloaded http v1.5.0
2026-09-24T17:38:46.298394730Z Stdout:   Downloaded hyper-util v0.1.20
2026-09-24T17:38:46.301458971Z Stdout:   Downloaded icu_collections v2.3.0
2026-09-24T17:38:46.304416025Z Stdout:   Downloaded zerovec v0.11.7
2026-09-24T17:38:46.307548047Z Stdout:   Downloaded hashbrown v0.17.1
2026-09-24T17:38:46.310475220Z Stdout:   Downloaded aws-sdk-ebs v1.106.0
2026-09-24T17:38:46.314904520Z Stdout:   Downloaded aws-smithy-runtime v1.13.1
2026-09-24T17:38:46.318057624Z Stdout:   Downloaded futures-util v0.3.34
2026-09-24T17:38:46.324019662Z Stdout:   Downloaded icu_properties_data v2.3.0
2026-09-24T17:38:46.328920092Z Stdout:   Downloaded aws-sdk-sts v1.111.0
2026-09-24T17:38:46.334762521Z Stdout:   Downloaded hyper v1.11.0
2026-09-24T17:38:46.338397237Z Stdout:   Downloaded itoa v1.0.18
2026-09-24T17:38:46.339129257Z Stdout:   Downloaded tower-service v0.3.3
2026-09-24T17:38:46.339496768Z Stdout:   Downloaded icu_normalizer v2.3.0
2026-09-24T17:38:46.346089973Z Stdout:   Downloaded stable_deref_trait v1.2.1
2026-09-24T17:38:46.346554572Z Stdout:   Downloaded time-core v0.1.9
2026-09-24T17:38:46.347193597Z Stdout:   Downloaded unit-prefix v0.5.2
2026-09-24T17:38:46.347716062Z Stdout:   Downloaded urlencoding v2.1.3
2026-09-24T17:38:46.348140213Z Stdout:   Downloaded pin-project-lite v0.2.17
2026-09-24T17:38:46.350556860Z Stdout:   Downloaded synstructure v0.13.2
2026-09-24T17:38:46.351170698Z Stdout:   Downloaded thiserror-impl v2.0.20
2026-09-24T17:38:46.351892319Z Stdout:   Downloaded xmlparser v0.13.6
2026-09-24T17:38:46.352922622Z Stdout:   Downloaded shlex v2.0.1
2026-09-24T17:38:46.353512875Z Stdout:   Downloaded tokio-macros v2.7.2
2026-09-24T17:38:46.354075773Z Stdout:   Downloaded try-lock v0.2.5
2026-09-24T17:38:46.354466925Z Stdout:   Downloaded utf8parse v0.2.2
2026-09-24T17:38:46.354961397Z Stdout:   Downloaded rustc_version v0.4.1
2026-09-24T17:38:46.355573182Z Stdout:   Downloaded zerofrom-derive v0.1.7
2026-09-24T17:38:46.356132950Z Stdout:   Downloaded subtle v2.6.1
2026-09-24T17:38:46.356695875Z Stdout:   Downloaded tower-layer v0.3.3
2026-09-24T17:38:46.357101363Z Stdout:   Downloaded ipnet v2.12.1
2026-09-24T17:38:46.357991304Z Stdout:   Downloaded litemap v0.8.3
2026-09-24T17:38:46.359296354Z Stdout:   Downloaded powerfmt v0.2.0
2026-09-24T17:38:46.359898234Z Stdout:   Downloaded want v0.3.1
2026-09-24T17:38:46.360292513Z Stdout:   Downloaded writeable v0.6.4
2026-09-24T17:38:46.361467504Z Stdout:   Downloaded thiserror v2.0.20
2026-09-24T17:38:46.364057377Z Stdout:   Downloaded time-macros v0.2.32
2026-09-24T17:38:46.365296525Z Stdout:   Downloaded vsimd v0.8.0
2026-09-24T17:38:46.366318026Z Stdout:   Downloaded yoke-derive v0.8.2
2026-09-24T17:38:46.366973584Z Stdout:   Downloaded semver v1.0.28
2026-09-24T17:38:46.368050760Z Stdout:   Downloaded signal-hook-registry v1.4.8
2026-09-24T17:38:46.368621734Z Stdout:   Downloaded rustls-native-certs v0.8.4
2026-09-24T17:38:46.369323249Z Stdout:   Downloaded rustversion v1.0.23
2026-09-24T17:38:46.370592981Z Stdout:   Downloaded slab v0.4.12
2026-09-24T17:38:46.371250510Z Stdout:   Downloaded tinystr v0.8.4
2026-09-24T17:38:46.372299735Z Stdout:   Downloaded log v0.4.33
2026-09-24T17:38:46.373581945Z Stdout:   Downloaded sha2 v0.11.0
2026-09-24T17:38:46.375242565Z Stdout:   Downloaded snafu-derive v0.9.2
2026-09-24T17:38:46.376372942Z Stdout:   Downloaded tempfile v3.27.0
2026-09-24T17:38:46.377931920Z Stdout:   Downloaded once_cell v1.21.4
2026-09-24T17:38:46.379263275Z Stdout:   Downloaded smallvec v1.15.2
2026-09-24T17:38:46.380075921Z Stdout:   Downloaded unicode-ident v1.0.24
2026-09-24T17:38:46.381464291Z Stdout:   Downloaded serde_derive v1.0.229
2026-09-24T17:38:46.383048869Z Stdout:   Downloaded tokio-rustls v0.26.4
2026-09-24T17:38:46.384068399Z Stdout:   Downloaded tracing-attributes v0.1.31
2026-09-24T17:38:46.385368329Z Stdout:   Downloaded yoke v0.8.3
2026-09-24T17:38:46.386925290Z Stdout:   Downloaded indicatif v0.18.6
2026-09-24T17:38:46.388810838Z Stdout:   Downloaded num-traits v0.2.19
2026-09-24T17:38:46.390092774Z Stdout:   Downloaded rustls-pki-types v1.15.1
2026-09-24T17:38:46.391513179Z Stdout:   Downloaded ryu v1.0.23
2026-09-24T17:38:46.393079234Z Stdout:   Downloaded serde_core v1.0.229
2026-09-24T17:38:46.394511138Z Stdout:   Downloaded tracing-core v0.1.36
2026-09-24T17:38:46.395982487Z Stdout:   Downloaded uuid v1.24.1
2026-09-24T17:38:46.397646752Z Stdout:   Downloaded proc-macro2 v1.0.107
2026-09-24T17:38:46.399289641Z Stdout:   Downloaded snafu v0.9.2
2026-09-24T17:38:46.402446944Z Stdout:   Downloaded regex-lite v0.1.9
2026-09-24T17:38:46.403903236Z Stdout:   Downloaded rustls-webpki v0.103.14
2026-09-24T17:38:46.405633648Z Stdout:   Downloaded socket2 v0.6.5
2026-09-24T17:38:46.406746350Z Stdout:   Downloaded memchr v2.8.3
2026-09-24T17:38:46.409296959Z Stdout:   Downloaded mio v1.2.2
2026-09-24T17:38:46.412283330Z Stdout:   Downloaded serde v1.0.229
2026-09-24T17:38:46.414099173Z Stdout:   Downloaded url v2.5.8
2026-09-24T17:38:46.415710838Z Stdout:   Downloaded icu_properties v2.3.0
2026-09-24T17:38:46.417685184Z Stdout:   Downloaded tower v0.5.3
2026-09-24T17:38:46.422042085Z Stdout:   Downloaded jiff-core v0.1.0
2026-09-24T17:38:46.424053395Z Stdout:   Downloaded typenum v1.20.1
2026-09-24T17:38:46.425972350Z Stdout:   Downloaded idna v1.1.0
2026-09-24T17:38:46.428255459Z Stdout:   Downloaded indexmap v2.14.0
2026-09-24T17:38:46.430550907Z Stdout:   Downloaded tokio-util v0.7.19
2026-09-24T17:38:46.434474495Z Stdout:   Downloaded regex v1.13.1
2026-09-24T17:38:46.437569678Z Stdout:   Downloaded serde_json v1.0.151
2026-09-24T17:38:46.441371702Z Stdout:   Downloaded portable-atomic v1.15.0
2026-09-24T17:38:46.445388885Z Stdout:   Downloaded time v0.3.55
2026-09-24T17:38:46.452676722Z Stdout:   Downloaded syn v2.0.119
2026-09-24T17:38:46.458458453Z Stdout:   Downloaded syn v3.0.3
2026-09-24T17:38:46.464501960Z Stdout:   Downloaded unicode-width v0.2.2
2026-09-24T17:38:46.468296755Z Stdout:   Downloaded nix v0.31.3
2026-09-24T17:38:46.474731000Z Stdout:   Downloaded regex-syntax v0.8.11
2026-09-24T17:38:46.479254515Z Stdout:   Downloaded rustls v0.23.43
2026-09-24T17:38:46.485811453Z Stdout:   Downloaded rustix v1.1.4
2026-09-24T17:38:46.497976557Z Stdout:   Downloaded tracing v0.1.44
2026-09-24T17:38:46.506398110Z Stdout:   Downloaded regex-automata v0.4.18
2026-09-24T17:38:46.515113849Z Stdout:   Downloaded jiff v0.2.35
2026-09-24T17:38:46.524496261Z Stdout:   Downloaded libc v0.2.189
2026-09-24T17:38:46.544271603Z Stdout:   Downloaded tokio v1.53.1
2026-09-24T17:38:46.566431511Z Stdout:   Downloaded ring v0.17.14
2026-09-24T17:38:46.590061577Z Stdout:   Downloaded aws-lc-sys v0.44.0
2026-09-24T17:38:46.734738518Z Stdout:   Downloaded linux-raw-sys v0.12.1
2026-09-24T17:38:46.774409491Z Stdout:   Downloaded aws-sdk-ec2 v1.247.0
2026-09-24T17:38:47.152272936Z Stdout:    Compiling proc-macro2 v1.0.107
2026-09-24T17:38:47.152281969Z Stdout:    Compiling quote v1.0.47
2026-09-24T17:38:47.152287861Z Stdout:    Compiling unicode-ident v1.0.24
2026-09-24T17:38:47.152298325Z Stdout:    Compiling libc v0.2.189
2026-09-24T17:38:47.152302210Z Stdout:    Compiling pin-project-lite v0.2.17
2026-09-24T17:38:47.152365802Z Stdout:    Compiling bytes v1.12.1
2026-09-24T17:38:47.152420759Z Stdout:    Compiling memchr v2.8.3
2026-09-24T17:38:47.154685284Z Stdout:    Compiling futures-core v0.3.34
2026-09-24T17:38:47.209554066Z Stdout:    Compiling futures-sink v0.3.34
2026-09-24T17:38:47.230436313Z Stdout:    Compiling itoa v1.0.18
2026-09-24T17:38:47.260995072Z Stdout:    Compiling once_cell v1.21.4
2026-09-24T17:38:47.273802891Z Stdout:    Compiling slab v0.4.12
2026-09-24T17:38:47.414602850Z Stdout:    Compiling futures-channel v0.3.34
2026-09-24T17:38:47.466264772Z Stdout:    Compiling fnv v1.0.7
2026-09-24T17:38:47.506988573Z Stdout:    Compiling zeroize v1.9.0
2026-09-24T17:38:47.525386141Z Stdout:    Compiling futures-io v0.3.34
2026-09-24T17:38:47.527547489Z Stdout:    Compiling futures-task v0.3.34
2026-09-24T17:38:47.672556624Z Stdout:    Compiling tracing-core v0.1.36
2026-09-24T17:38:47.680562533Z Stdout:    Compiling autocfg v1.5.1
2026-09-24T17:38:47.692500897Z Stdout:    Compiling num-conv v0.2.2
2026-09-24T17:38:47.875971699Z Stdout:    Compiling vsimd v0.8.0
2026-09-24T17:38:48.391132235Z Stdout:    Compiling http v1.5.0
2026-09-24T17:38:48.487439235Z Stdout:    Compiling syn v3.0.3
2026-09-24T17:38:48.536778588Z Stdout:    Compiling syn v2.0.119
2026-09-24T17:38:48.556927922Z Stdout:    Compiling num-traits v0.2.19
2026-09-24T17:38:49.015932414Z Stdout:    Compiling http v0.2.12
2026-09-24T17:38:49.286602677Z Stdout:    Compiling time-core v0.1.9
2026-09-24T17:38:49.522279310Z Stdout:    Compiling deranged v0.5.8
2026-09-24T17:38:49.888698254Z Stdout:    Compiling errno v0.3.14
2026-09-24T17:38:49.907556014Z Stdout:    Compiling mio v1.2.2
2026-09-24T17:38:50.032066702Z Stdout:    Compiling signal-hook-registry v1.4.8
2026-09-24T17:38:50.181677912Z Stdout:    Compiling socket2 v0.6.5
2026-09-24T17:38:50.621505228Z Stdout:    Compiling http-body v1.1.0
2026-09-24T17:38:50.766669325Z Stdout:    Compiling jobserver v0.1.35
2026-09-24T17:38:50.971035333Z Stdout:    Compiling find-msvc-tools v0.1.11
2026-09-24T17:38:51.173505333Z Stdout:    Compiling outref v0.5.2
2026-09-24T17:38:51.224789568Z Stdout:    Compiling either v1.17.0
2026-09-24T17:38:51.249745651Z Stdout:    Compiling powerfmt v0.2.0
2026-09-24T17:38:51.465110023Z Stdout:    Compiling shlex v2.0.1
2026-09-24T17:38:51.469862231Z Stdout:    Compiling bytes-utils v0.1.4
2026-09-24T17:38:51.568492951Z Stdout:    Compiling time v0.3.55
2026-09-24T17:38:51.630075075Z Stdout:    Compiling cc v1.4.3
2026-09-24T17:38:51.741769297Z Stdout:    Compiling base64-simd v0.8.0
2026-09-24T17:38:51.835199829Z Stdout:    Compiling http-body-util v0.1.5
2026-09-24T17:38:51.901570900Z Stdout:    Compiling http-body v0.4.6
2026-09-24T17:38:52.224927085Z Stdout:    Compiling num-integer v0.1.47
2026-09-24T17:38:52.236079497Z Stdout:    Compiling ryu v1.0.23
2026-09-24T17:38:52.390033339Z Stdout:    Compiling pin-utils v0.1.0
2026-09-24T17:38:52.436556238Z Stdout:    Compiling fs_extra v1.3.0
2026-09-24T17:38:52.488351228Z Stdout:    Compiling pkg-config v0.3.34
2026-09-24T17:38:52.683527252Z Stdout:    Compiling dunce v1.0.5
2026-09-24T17:38:52.720011553Z Stdout:    Compiling stable_deref_trait v1.2.1
2026-09-24T17:38:52.735020880Z Stdout:    Compiling smallvec v1.15.2
2026-09-24T17:38:52.754761642Z Stdout:    Compiling aws-lc-rs v1.18.0
2026-09-24T17:38:52.984227581Z Stdout:    Compiling cmake v0.1.58
2026-09-24T17:38:52.989861643Z Stdout:    Compiling percent-encoding v2.3.2
2026-09-24T17:38:53.027210423Z Stdout:    Compiling rustls-pki-types v1.15.1
2026-09-24T17:38:53.144855491Z Stdout:    Compiling equivalent v1.0.2
2026-09-24T17:38:53.194225772Z Stdout:    Compiling httparse v1.10.1
2026-09-24T17:38:53.273647459Z Stdout:    Compiling hashbrown v0.17.1
2026-09-24T17:38:53.453805208Z Stdout:    Compiling typenum v1.20.1
2026-09-24T17:38:53.503608947Z Stdout:    Compiling atomic-waker v1.1.2
2026-09-24T17:38:53.601994518Z Stdout:    Compiling try-lock v0.2.5
2026-09-24T17:38:53.662651265Z Stdout:    Compiling rustls v0.23.43
2026-09-24T17:38:53.797341757Z Stdout:    Compiling synstructure v0.13.2
2026-09-24T17:38:54.040466374Z Stdout:    Compiling aws-lc-sys v0.44.0
2026-09-24T17:38:54.321142639Z Stdout:    Compiling indexmap v2.14.0
2026-09-24T17:38:54.476260282Z Stdout:    Compiling serde_core v1.0.229
2026-09-24T17:38:54.636461618Z Stdout:    Compiling untrusted v0.9.0
2026-09-24T17:38:54.704360384Z Stdout:    Compiling want v0.3.1
2026-09-24T17:38:54.737940293Z Stdout:    Compiling hybrid-array v0.4.14
2026-09-24T17:38:54.863124906Z Stdout:    Compiling cmov v0.5.4
2026-09-24T17:38:55.128499461Z Stdout:    Compiling tower-service v0.3.3
2026-09-24T17:38:55.194917536Z Stdout:    Compiling cfg-if v1.0.4
2026-09-24T17:38:55.234285555Z Stdout:    Compiling subtle v2.6.1
2026-09-24T17:38:55.411199762Z Stdout:    Compiling ctutils v0.4.2
2026-09-24T17:38:55.411793249Z Stdout:    Compiling base64 v0.22.1
2026-09-24T17:38:55.516878436Z Stdout:    Compiling block-buffer v0.12.1
2026-09-24T17:38:55.692027295Z Stdout:    Compiling crypto-common v0.2.2
2026-09-24T17:38:55.698681664Z Stdout:    Compiling semver v1.0.28
2026-09-24T17:38:55.703040166Z Stdout:    Compiling openssl-probe v0.2.1
2026-09-24T17:38:56.016555317Z Stdout:    Compiling const-oid v0.10.2
2026-09-24T17:38:56.073784300Z Stdout:    Compiling ipnet v2.12.1
2026-09-24T17:38:56.133792959Z Stdout:    Compiling tokio-macros v2.7.2
2026-09-24T17:38:56.140454118Z Stdout:    Compiling futures-macro v0.3.34
2026-09-24T17:38:56.243223434Z Stdout:    Compiling zerovec-derive v0.11.5
2026-09-24T17:38:56.393565043Z Stdout:    Compiling displaydoc v0.2.7
2026-09-24T17:38:56.697971140Z Stdout:    Compiling tracing-attributes v0.1.31
2026-09-24T17:38:56.968123783Z Stdout:    Compiling tokio v1.53.1
2026-09-24T17:38:57.144366784Z Stdout:    Compiling futures-util v0.3.34
2026-09-24T17:38:57.302291191Z Stdout:    Compiling aws-smithy-runtime-api-macros v1.1.0
2026-09-24T17:38:57.681597033Z Stdout:    Compiling zerofrom-derive v0.1.7
2026-09-24T17:38:57.766340188Z Stdout:    Compiling yoke-derive v0.8.2
2026-09-24T17:38:57.829860020Z Stdout:    Compiling digest v0.11.3
2026-09-24T17:38:57.902722641Z Stdout:    Compiling rustc_version v0.4.1
2026-09-24T17:38:58.001178085Z Stdout:    Compiling rustls-native-certs v0.8.4
2026-09-24T17:38:58.190995801Z Stdout:    Compiling tower-layer v0.3.3
2026-09-24T17:38:58.295360026Z Stdout:    Compiling tracing v0.1.44
2026-09-24T17:38:58.371132337Z Stdout:    Compiling writeable v0.6.4
2026-09-24T17:38:58.699954638Z Stdout:    Compiling serde v1.0.229
2026-09-24T17:38:58.733122067Z Stdout:    Compiling litemap v0.8.3
2026-09-24T17:38:58.919738314Z Stdout:    Compiling tower v0.5.3
2026-09-24T17:38:58.958773326Z Stdout:    Compiling aws-types v1.5.0
2026-09-24T17:38:58.970608558Z Stdout:    Compiling form_urlencoded v1.2.2
2026-09-24T17:38:59.018087977Z Stdout:    Compiling cpufeatures v0.3.0
2026-09-24T17:38:59.052901431Z Stdout:    Compiling icu_properties_data v2.3.0
2026-09-24T17:38:59.115441515Z Stdout:    Compiling icu_normalizer_data v2.3.0
2026-09-24T17:38:59.171652214Z Stdout:    Compiling fastrand v2.5.0
2026-09-24T17:38:59.208912288Z Stdout:    Compiling rustversion v1.0.23
2026-09-24T17:38:59.233796293Z Stdout:    Compiling utf8_iter v1.0.4
2026-09-24T17:38:59.277390893Z Stdout:    Compiling sha2 v0.11.0
2026-09-24T17:38:59.377695053Z Stdout:    Compiling hmac v0.13.0
2026-09-24T17:38:59.425141156Z Stdout:    Compiling zerofrom v0.1.8
2026-09-24T17:38:59.464583370Z Stdout:    Compiling serde_derive v1.0.229
2026-09-24T17:38:59.470061090Z Stdout:    Compiling hex v0.4.3
2026-09-24T17:38:59.514330859Z Stdout:    Compiling yoke v0.8.3
2026-09-24T17:38:59.690817924Z Stdout:    Compiling zerovec v0.11.7
2026-09-24T17:38:59.822482988Z Stdout:    Compiling zerotrie v0.2.5
2026-09-24T17:39:00.291085336Z Stdout:    Compiling uuid v1.24.1
2026-09-24T17:39:00.371347657Z Stdout:    Compiling xmlparser v0.13.6
2026-09-24T17:39:00.421141191Z Stdout:    Compiling tinystr v0.8.4
2026-09-24T17:39:00.552832224Z Stdout:    Compiling icu_locale_core v2.3.0
2026-09-24T17:39:00.991457966Z Stdout:    Compiling potential_utf v0.1.6
2026-09-24T17:39:01.117217856Z Stdout:    Compiling icu_collections v2.3.0
2026-09-24T17:39:01.770223979Z Stdout:    Compiling icu_provider v2.3.0
2026-09-24T17:39:02.056736758Z Stdout:    Compiling arc-swap v1.9.2
2026-09-24T17:39:02.364145601Z Stdout:    Compiling icu_normalizer v2.3.0
2026-09-24T17:39:02.532065984Z Stdout:    Compiling icu_properties v2.3.0
2026-09-24T17:39:03.711168575Z Stdout:    Compiling tokio-util v0.7.19
2026-09-24T17:39:04.254061223Z Stdout:    Compiling aws-smithy-async v1.3.0
2026-09-24T17:39:04.574661122Z Stdout:    Compiling aws-smithy-types v1.6.2
2026-09-24T17:39:04.652426116Z Stdout:    Compiling h2 v0.4.16
2026-09-24T17:39:04.972674669Z Stdout:    Compiling aho-corasick v1.1.5
2026-09-24T17:39:05.156184007Z Stdout:    Compiling regex-syntax v0.8.11
2026-09-24T17:39:05.177044200Z Stdout:    Compiling regex-lite v0.1.9
2026-09-24T17:39:05.321830019Z Stdout:    Compiling urlencoding v2.1.3
2026-09-24T17:39:06.267530014Z Stdout:    Compiling aws-smithy-runtime-api v1.14.0
2026-09-24T17:39:09.436843281Z Stdout:    Compiling aws-smithy-schema v0.2.0
2026-09-24T17:39:10.868757454Z Stdout:    Compiling hyper v1.11.0
2026-09-24T17:39:12.057184573Z Stdout:    Compiling aws-smithy-http v0.64.0
2026-09-24T17:39:12.953219325Z Stdout:    Compiling hyper-util v0.1.20
2026-09-24T17:39:13.579139921Z Stdout:    Compiling aws-credential-types v1.3.0
2026-09-24T17:39:14.161382323Z Stdout:    Compiling aws-smithy-observability v0.3.0
2026-09-24T17:39:15.001476335Z Stdout:    Compiling aws-sigv4 v1.5.1
2026-09-24T17:39:15.085791496Z Stdout:    Compiling aws-smithy-xml v0.62.0
2026-09-24T17:39:15.571177351Z Stdout:    Compiling aws-smithy-json v0.63.0
2026-09-24T17:39:16.594512802Z Stdout:    Compiling aws-smithy-query v0.62.0
2026-09-24T17:39:16.689742569Z Stdout:    Compiling regex-automata v0.4.18
2026-09-24T17:39:17.105949562Z Stdout:    Compiling idna_adapter v1.2.2
2026-09-24T17:39:17.178989485Z Stdout:    Compiling rustix v1.1.4
2026-09-24T17:39:17.191116909Z Stdout:    Compiling zmij v1.0.23
2026-09-24T17:39:17.402896186Z Stdout:    Compiling bitflags v2.13.1
2026-09-24T17:39:17.482964477Z Stdout:    Compiling portable-atomic v1.15.0
2026-09-24T17:39:17.851048988Z Stdout:    Compiling cfg_aliases v0.2.2
2026-09-24T17:39:17.873218243Z Stdout:    Compiling getrandom v0.4.3
2026-09-24T17:39:17.880532228Z Stdout:    Compiling utf8parse v0.2.2
2026-09-24T17:39:17.940928175Z Stdout:    Compiling anstyle-parse v1.0.0
2026-09-24T17:39:18.037288727Z Stdout:    Compiling nix v0.31.3
2026-09-24T17:39:18.369160010Z Stdout:    Compiling idna v1.1.0
2026-09-24T17:39:18.398814691Z Stdout:    Compiling argh_shared v0.1.19
2026-09-24T17:39:18.557249081Z Stdout:    Compiling is_terminal_polyfill v1.70.2
2026-09-24T17:39:18.597737807Z Stdout:    Compiling colorchoice v1.0.5
2026-09-24T17:39:18.656841147Z Stdout:    Compiling log v0.4.33
2026-09-24T17:39:18.908658652Z Stdout:    Compiling heck v0.5.0
2026-09-24T17:39:19.107224637Z Stdout:    Compiling unicode-width v0.2.2
2026-09-24T17:39:19.212766880Z Stdout:    Compiling linux-raw-sys v0.12.1
2026-09-24T17:39:19.382263544Z Stdout:    Compiling jiff-core v0.1.0
2026-09-24T17:39:19.557800579Z Stdout:    Compiling anstyle v1.0.14
2026-09-24T17:39:19.663099385Z Stdout:    Compiling anstyle-query v1.1.5
2026-09-24T17:39:19.731135533Z Stdout:    Compiling serde_json v1.0.151
2026-09-24T17:39:19.849671063Z Stdout:    Compiling anstream v1.0.0
2026-09-24T17:39:20.475136532Z Stdout:    Compiling regex v1.13.1
2026-09-24T17:39:20.814202896Z Stdout:    Compiling jiff v0.2.35
2026-09-24T17:39:21.061245396Z Stdout:    Compiling env_filter v2.0.0
2026-09-24T17:39:21.746591918Z Stdout:    Compiling console v0.16.4
2026-09-24T17:39:22.371800884Z Stdout:    Compiling snafu-derive v0.9.2
2026-09-24T17:39:22.619063809Z Stdout:    Compiling url v2.5.8
2026-09-24T17:39:22.727647676Z Stdout:    Compiling argh_derive v0.1.19
2026-09-24T17:39:24.485652512Z Stdout:    Compiling futures-executor v0.3.34
2026-09-24T17:39:24.530048628Z Stdout:    Compiling unit-prefix v0.5.2
2026-09-24T17:39:24.598038541Z Stdout:    Compiling argh v0.1.19
2026-09-24T17:39:25.086512518Z Stdout:    Compiling indicatif v0.18.6
2026-09-24T17:39:25.166264874Z Stdout:    Compiling snafu v0.9.2
2026-09-24T17:39:25.166277199Z Stdout:    Compiling env_logger v0.11.11
2026-09-24T17:39:25.393923188Z Stdout:    Compiling futures v0.3.34
2026-09-24T17:39:25.429550558Z Stdout:    Compiling tempfile v3.27.0
2026-09-24T17:39:26.660351669Z Stdout:    Compiling async-trait v0.1.92
2026-09-24T17:39:26.806029325Z Stdout:    Compiling base64 v0.23.1
2026-09-24T17:39:40.952259623Z Stdout:    Compiling rustls-webpki v0.103.14
2026-09-24T17:39:45.359800849Z Stdout:    Compiling tokio-rustls v0.26.4
2026-09-24T17:39:45.641473488Z Stdout:    Compiling hyper-rustls v0.27.9
2026-09-24T17:39:46.089151221Z Stdout:    Compiling aws-smithy-http-client v1.3.0
2026-09-24T17:39:49.781816344Z Stdout:    Compiling aws-smithy-runtime v1.13.1
2026-09-24T17:39:53.665289618Z Stdout:    Compiling aws-runtime v1.9.1
2026-09-24T17:39:55.683672448Z Stdout:    Compiling aws-sdk-sts v1.111.0
2026-09-24T17:39:55.723694309Z Stdout:    Compiling aws-sdk-ebs v1.106.0
2026-09-24T17:39:55.863364875Z Stdout:    Compiling aws-sdk-ec2 v1.247.0
2026-09-24T17:40:00.091159240Z Stdout:    Compiling aws-config v1.10.1
2026-09-24T17:42:40.567868776Z Stdout:    Compiling coldsnap v0.12.0
2026-09-24T17:45:14.905390556Z Stdout:     Finished `release` profile [optimized] target(s) in 6m 30s
2026-09-24T17:45:14.928762041Z Stdout:   Installing /root/.cargo/bin/coldsnap
2026-09-24T17:45:14.929261648Z Stdout:    Installed package `coldsnap v0.12.0` (executable `coldsnap`)
2026-09-24T17:45:14.997133195Z Stdout: warning: be sure to add `/root/.cargo/bin` to your PATH to be able to run the installed binaries
2026-09-24T17:45:15.005416543Z Stderr: Cloning into 'coldsnap'...

2026-09-24T17:45:15.005454286Z CmdExecution: Command execution has been completed
2026-09-24T17:45:15.005457332Z CmdExecution: Command execution was completed successfully
2026-09-24T17:45:15.005461449Z CmdExecution: Stderr: Cloning into 'coldsnap'...

2026-09-24T17:45:15.005465396Z CmdExecution: ExitCode 0
2026-09-24T17:45:15.005541556Z ExecuteBash: FINISHED EXECUTION
2026-09-24T17:45:15.015887174Z Step InstallSampleRecipe
2026-09-24T17:45:15.016173314Z If: StringEquals: Is 'local' equal to 'local'? true
2026-09-24T17:45:15.016323008Z If: condition evaluated to 'true' and 'Then' defines the action as Execute
2026-09-24T17:45:15.021953782Z ExecuteBash: STARTED EXECUTION
2026-09-24T17:45:15.331124358Z Stdout: Last metadata expiration check: 0:10:08 ago on Thu Sep 24 17:35:07 2026.
2026-09-24T17:45:15.431438329Z Stdout: Dependencies resolved.
2026-09-24T17:45:15.482890101Z Stdout: ================================================================================
2026-09-24T17:45:15.482896772Z Stdout:  Package                           Arch    Version           Repository    Size
2026-09-24T17:45:15.482901250Z Stdout: ================================================================================
2026-09-24T17:45:15.482905414Z Stdout: Installing:
2026-09-24T17:45:15.482908073Z Stdout:  kiwi-image-descriptions-examples  noarch  1.0.2-1.amzn2023  amazonlinux   15 k
2026-09-24T17:45:15.482910752Z Stdout: 
2026-09-24T17:45:15.482913460Z Stdout: Transaction Summary
2026-09-24T17:45:15.482916148Z Stdout: ================================================================================
2026-09-24T17:45:15.482918774Z Stdout: Install  1 Package
2026-09-24T17:45:15.482921283Z Stdout: 
2026-09-24T17:45:15.483238348Z Stdout: Total download size: 15 k
2026-09-24T17:45:15.483242743Z Stdout: Installed size: 13 k
2026-09-24T17:45:15.483245504Z Stdout: Downloading Packages:
2026-09-24T17:45:15.566888933Z Stdout: kiwi-image-descriptions-examples-1.0.2-1.amzn20 377 kB/s |  15 kB     00:00    
2026-09-24T17:45:15.568226026Z Stdout: --------------------------------------------------------------------------------
2026-09-24T17:45:15.568231281Z Stdout: Total                                           177 kB/s |  15 kB     00:00     
2026-09-24T17:45:15.579263323Z Stdout: Running transaction check
2026-09-24T17:45:15.581961564Z Stdout: Transaction check succeeded.
2026-09-24T17:45:15.581966154Z Stdout: Running transaction test
2026-09-24T17:45:15.586888881Z Stdout: Transaction test succeeded.
2026-09-24T17:45:15.587223936Z Stdout: Running transaction
2026-09-24T17:45:15.623597372Z Stdout:   Preparing        :                                                        1/1 
2026-09-24T17:45:15.710267256Z Stdout:   Installing       : kiwi-image-descriptions-examples-1.0.2-1.amzn2023.no   1/1 
2026-09-24T17:45:15.929950442Z Stdout:   Verifying        : kiwi-image-descriptions-examples-1.0.2-1.amzn2023.no   1/1 
2026-09-24T17:45:15.929957183Z Stdout: 
2026-09-24T17:45:15.929960619Z Stdout: Installed:
2026-09-24T17:45:15.929971290Z Stdout:   kiwi-image-descriptions-examples-1.0.2-1.amzn2023.noarch                      
2026-09-24T17:45:15.929974399Z Stdout: 
2026-09-24T17:45:15.929978439Z Stdout: Complete!
2026-09-24T17:45:15.987307581Z CmdExecution: Command execution has been completed
2026-09-24T17:45:15.987319488Z CmdExecution: Command execution was completed successfully
2026-09-24T17:45:15.987328805Z CmdExecution: Stderr: 
2026-09-24T17:45:15.987334137Z CmdExecution: ExitCode 0
2026-09-24T17:45:15.987412599Z ExecuteBash: FINISHED EXECUTION
2026-09-24T17:45:15.995816068Z Step TempDir
2026-09-24T17:45:15.999636797Z ExecuteBash: STARTED EXECUTION
2026-09-24T17:45:16.002173584Z Stdout: /tmp/tmp.RhnC8k7iwx
2026-09-24T17:45:16.002528275Z CmdExecution: Command execution has been completed
2026-09-24T17:45:16.002531670Z CmdExecution: Command execution was completed successfully
2026-09-24T17:45:16.002534965Z CmdExecution: Stderr: 
2026-09-24T17:45:16.002538445Z CmdExecution: ExitCode 0
2026-09-24T17:45:16.002960303Z ExecuteBash: FINISHED EXECUTION
2026-09-24T17:45:16.010757572Z Step CreateDirectoryStructure
2026-09-24T17:45:16.010837034Z If: StringEquals: Is 'local' equal to 's3'? false
2026-09-24T17:45:16.010840855Z If: condition evaluated to 'false' and 'Else' defines the action as Skip
2026-09-24T17:45:16.018503519Z Executor: ACTION MODULE EXECUTION SKIPPED
2026-09-24T17:45:16.022140269Z Step DownloadRecipe
2026-09-24T17:45:16.022217083Z If: StringEquals: Is 'local' equal to 's3'? false
2026-09-24T17:45:16.022220665Z If: condition evaluated to 'false' and 'Else' defines the action as Skip
2026-09-24T17:45:16.030394349Z Executor: ACTION MODULE EXECUTION SKIPPED
2026-09-24T17:45:16.034685975Z Step SetRecipePath
2026-09-24T17:45:16.038990859Z ExecuteBash: STARTED EXECUTION
2026-09-24T17:45:16.041675462Z Stdout: /usr/share/kiwi-image-descriptions-examples/al2023/attestable-image-example
2026-09-24T17:45:16.042050392Z CmdExecution: Command execution has been completed
2026-09-24T17:45:16.042053266Z CmdExecution: Command execution was completed successfully
2026-09-24T17:45:16.042056457Z CmdExecution: Stderr: 
2026-09-24T17:45:16.042059444Z CmdExecution: ExitCode 0
2026-09-24T17:45:16.042113565Z ExecuteBash: FINISHED EXECUTION
2026-09-24T17:45:16.049947123Z Step RunKiwi
2026-09-24T17:45:16.053548301Z ExecuteBash: STARTED EXECUTION
2026-09-24T17:45:16.192530266Z Stdout: [ INFO    ]: 17:45:16 | Reading runtime config file: '/etc/kiwi.yml'
2026-09-24T17:45:16.204848520Z Stdout: [2;37m[ DEBUG   ]: 17:45:16 | Creating directory /tmp/build[0m
2026-09-24T17:45:16.205302431Z Stdout: [ INFO    ]: 17:45:16 | Loading XML description: /usr/share/kiwi-image-descriptions-examples/al2023/attestable-image-example/appliance.kiwi
2026-09-24T17:45:16.205583346Z Stdout: [ INFO    ]: 17:45:16 | Support for XML markup available
2026-09-24T17:45:16.482599662Z Stdout: [ INFO    ]: 17:45:16 | --> loaded /usr/share/kiwi-image-descriptions-examples/al2023/attestable-image-example/appliance.kiwi
2026-09-24T17:45:16.482610151Z Stdout: [ INFO    ]: 17:45:16 | --> Selected build type: oem
2026-09-24T17:45:16.486072218Z Stdout: [2;37m[ DEBUG   ]: 17:45:16 | Looking for stat in /usr/local/sbin:/usr/local/bin:/usr/sbin:/usr/bin[0m
2026-09-24T17:45:16.486079357Z Stdout: [2;37m[ DEBUG   ]: 17:45:16 | EXEC: [stat -f -c %T /tmp][0m
2026-09-24T17:45:16.489203983Z Stdout: [ INFO    ]: 17:45:16 | Preparing new root system
2026-09-24T17:45:16.489208203Z Stdout: [ INFO    ]: 17:45:16 | Setup root directory: /tmp/build/image-root
2026-09-24T17:45:16.489505270Z Stdout: [2;37m[ DEBUG   ]: 17:45:16 | Creating directory /tmp/build/image-root[0m
2026-09-24T17:45:16.489997183Z Stdout: [2;37m[ DEBUG   ]: 17:45:16 | Looking for rsync in /usr/local/sbin:/usr/local/bin:/usr/sbin:/usr/bin[0m
2026-09-24T17:45:16.490003513Z Stdout: [2;37m[ DEBUG   ]: 17:45:16 | EXEC: [rsync -a --ignore-existing /var/tmp/kiwi_root.e396s2qh/ /tmp/build/image-root][0m
2026-09-24T17:45:16.542595402Z Stdout: [2;37m[ DEBUG   ]: 17:45:16 | Looking for cp in /usr/local/sbin:/usr/local/bin:/usr/sbin:/usr/bin[0m
2026-09-24T17:45:16.542610905Z Stdout: [2;37m[ DEBUG   ]: 17:45:16 | EXEC: [cp /etc/resolv.conf /tmp/build/image-root/etc/resolv.conf.kiwi][0m
2026-09-24T17:45:16.545711781Z Stdout: [2;37m[ DEBUG   ]: 17:45:16 | Looking for ln in /usr/local/sbin:/usr/local/bin:/usr/sbin:/usr/bin[0m
2026-09-24T17:45:16.545718094Z Stdout: [2;37m[ DEBUG   ]: 17:45:16 | EXEC: [ln -s -f resolv.conf.kiwi /tmp/build/image-root/etc/resolv.conf][0m
2026-09-24T17:45:16.547879682Z Stdout: [2;37m[ DEBUG   ]: 17:45:16 | Looking for cp in /usr/local/sbin:/usr/local/bin:/usr/sbin:/usr/bin[0m
2026-09-24T17:45:16.547885226Z Stdout: [2;37m[ DEBUG   ]: 17:45:16 | EXEC: [cp /etc/hosts /tmp/build/image-root/etc/hosts.kiwi][0m
2026-09-24T17:45:16.550083676Z Stdout: [2;37m[ DEBUG   ]: 17:45:16 | Looking for ln in /usr/local/sbin:/usr/local/bin:/usr/sbin:/usr/bin[0m
2026-09-24T17:45:16.550089031Z Stdout: [2;37m[ DEBUG   ]: 17:45:16 | EXEC: [ln -s -f hosts.kiwi /tmp/build/image-root/etc/hosts][0m
2026-09-24T17:45:16.552290727Z Stdout: [2;37m[ DEBUG   ]: 17:45:16 | Creating directory /tmp/build/image-root[0m
2026-09-24T17:45:16.552592827Z Stdout: [2;37m[ DEBUG   ]: 17:45:16 | Looking for mountpoint in /usr/local/sbin:/usr/local/bin:/usr/sbin:/usr/bin[0m
2026-09-24T17:45:16.552596713Z Stdout: [2;37m[ DEBUG   ]: 17:45:16 | EXEC: [mountpoint -q /tmp/build/image-root][0m
2026-09-24T17:45:16.556823361Z Stdout: [2;37m[ DEBUG   ]: 17:45:16 | Looking for mount in /usr/local/sbin:/usr/local/bin:/usr/sbin:/usr/bin[0m
2026-09-24T17:45:16.556827837Z Stdout: [2;37m[ DEBUG   ]: 17:45:16 | EXEC: [mount -n --bind /tmp/build/image-root /tmp/build/image-root][0m
2026-09-24T17:45:16.559531275Z Stdout: [2;37m[ DEBUG   ]: 17:45:16 | Creating directory /tmp/build/image-root/proc[0m
2026-09-24T17:45:16.559536264Z Stdout: [2;37m[ DEBUG   ]: 17:45:16 | Looking for mountpoint in /usr/local/sbin:/usr/local/bin:/usr/sbin:/usr/bin[0m
2026-09-24T17:45:16.559619534Z Stdout: [2;37m[ DEBUG   ]: 17:45:16 | EXEC: [mountpoint -q /tmp/build/image-root/proc][0m
2026-09-24T17:45:16.562195606Z Stdout: [2;37m[ DEBUG   ]: 17:45:16 | Looking for mount in /usr/local/sbin:/usr/local/bin:/usr/sbin:/usr/bin[0m
2026-09-24T17:45:16.562202557Z Stdout: [2;37m[ DEBUG   ]: 17:45:16 | EXEC: [mount -n --bind /proc /tmp/build/image-root/proc][0m
2026-09-24T17:45:16.564618991Z Stdout: [2;37m[ DEBUG   ]: 17:45:16 | Creating directory /tmp/build/image-root/dev[0m
2026-09-24T17:45:16.564656184Z Stdout: [2;37m[ DEBUG   ]: 17:45:16 | Looking for mountpoint in /usr/local/sbin:/usr/local/bin:/usr/sbin:/usr/bin[0m
2026-09-24T17:45:16.564928351Z Stdout: [2;37m[ DEBUG   ]: 17:45:16 | EXEC: [mountpoint -q /tmp/build/image-root/dev][0m
2026-09-24T17:45:16.566963826Z Stdout: [2;37m[ DEBUG   ]: 17:45:16 | Looking for mount in /usr/local/sbin:/usr/local/bin:/usr/sbin:/usr/bin[0m
2026-09-24T17:45:16.566968887Z Stdout: [2;37m[ DEBUG   ]: 17:45:16 | EXEC: [mount -n --bind /dev /tmp/build/image-root/dev][0m
2026-09-24T17:45:16.569393596Z Stdout: [2;37m[ DEBUG   ]: 17:45:16 | Creating directory /tmp/build/image-root/sys[0m
2026-09-24T17:45:16.569500456Z Stdout: [2;37m[ DEBUG   ]: 17:45:16 | Looking for mountpoint in /usr/local/sbin:/usr/local/bin:/usr/sbin:/usr/bin[0m
2026-09-24T17:45:16.569571191Z Stdout: [2;37m[ DEBUG   ]: 17:45:16 | EXEC: [mountpoint -q /tmp/build/image-root/sys][0m
2026-09-24T17:45:16.572021670Z Stdout: [2;37m[ DEBUG   ]: 17:45:16 | Looking for mount in /usr/local/sbin:/usr/local/bin:/usr/sbin:/usr/bin[0m
2026-09-24T17:45:16.572126597Z Stdout: [2;37m[ DEBUG   ]: 17:45:16 | EXEC: [mount -n --bind /sys /tmp/build/image-root/sys][0m
2026-09-24T17:45:16.574381368Z Stdout: [2;37m[ DEBUG   ]: 17:45:16 | Creating directory /tmp/build/image-root/var/cache/kiwi[0m
2026-09-24T17:45:16.574525643Z Stdout: [2;37m[ DEBUG   ]: 17:45:16 | Creating directory //var/cache/kiwi[0m
2026-09-24T17:45:16.574639039Z Stdout: [2;37m[ DEBUG   ]: 17:45:16 | Creating directory /tmp/build/image-root/var/cache/kiwi[0m
2026-09-24T17:45:16.574724639Z Stdout: [2;37m[ DEBUG   ]: 17:45:16 | Looking for mountpoint in /usr/local/sbin:/usr/local/bin:/usr/sbin:/usr/bin[0m
2026-09-24T17:45:16.574807365Z Stdout: [2;37m[ DEBUG   ]: 17:45:16 | EXEC: [mountpoint -q /tmp/build/image-root/var/cache/kiwi][0m
2026-09-24T17:45:16.577093063Z Stdout: [2;37m[ DEBUG   ]: 17:45:16 | Looking for mount in /usr/local/sbin:/usr/local/bin:/usr/sbin:/usr/bin[0m
2026-09-24T17:45:16.577215447Z Stdout: [2;37m[ DEBUG   ]: 17:45:16 | EXEC: [mount -n --bind /var/cache/kiwi /tmp/build/image-root/var/cache/kiwi][0m
2026-09-24T17:45:16.580195246Z Stdout: [2;37m[ DEBUG   ]: 17:45:16 | Creating directory /var/cache/kiwi/dnf/repos[0m
2026-09-24T17:45:16.580357655Z Stdout: [2;37m[ DEBUG   ]: 17:45:16 | Creating directory /var/cache/kiwi/dnf/cache[0m
2026-09-24T17:45:16.580407662Z Stdout: [2;37m[ DEBUG   ]: 17:45:16 | Creating directory /var/cache/kiwi/dnf/pluginconf[0m
2026-09-24T17:45:16.580458698Z Stdout: [2;37m[ DEBUG   ]: 17:45:16 | Creating directory /var/cache/kiwi/dnf/vars[0m
2026-09-24T17:45:16.580848001Z Stdout: [2;37m[ DEBUG   ]: 17:45:16 | Looking for rpmdb in /tmp/build/image-root/usr/local/sbin:/tmp/build/image-root/usr/local/bin:/tmp/build/image-root/usr/sbin:/tmp/build/image-root/usr/bin[0m
2026-09-24T17:45:16.580918178Z Stdout: [2;37m[ DEBUG   ]: 17:45:16 | Looking for rpmdb in /usr/local/sbin:/usr/local/bin:/usr/sbin:/usr/bin[0m
2026-09-24T17:45:16.581060465Z Stdout: [2;37m[ DEBUG   ]: 17:45:16 | EXEC: [rpmdb --showrc][0m
2026-09-24T17:45:16.588218873Z Stdout: [2;37m[ DEBUG   ]: 17:45:16 | Creating directory /tmp/build/image-root/usr/lib/rpm/macros.d[0m
2026-09-24T17:45:16.588461907Z Stdout: [2;37m[ DEBUG   ]: 17:45:16 | Looking for rpm in /usr/local/sbin:/usr/local/bin:/usr/sbin:/usr/bin[0m
2026-09-24T17:45:16.588545240Z Stdout: [2;37m[ DEBUG   ]: 17:45:16 | EXEC: [rpm --root /tmp/build/image-root --initdb][0m
2026-09-24T17:45:16.596948541Z Stdout: [2;37m[ DEBUG   ]: 17:45:16 | Looking for rpm in /usr/local/sbin:/usr/local/bin:/usr/sbin:/usr/bin[0m
2026-09-24T17:45:16.596954325Z Stdout: [2;37m[ DEBUG   ]: 17:45:16 | EXEC: [rpm -E %_dbpath][0m
2026-09-24T17:45:16.601945649Z Stdout: [ INFO    ]: 17:45:16 | Setting up repository https://cdn.amazonlinux.com/al2023/core/mirrors/latest/$basearch/mirror.list
2026-09-24T17:45:16.601952155Z Stdout: [ INFO    ]: 17:45:16 | --> Type: None
2026-09-24T17:45:16.601954875Z Stdout: [ INFO    ]: 17:45:16 | --> SourceType: mirrorlist
2026-09-24T17:45:16.601957509Z Stdout: [ INFO    ]: 17:45:16 | --> Priority: 2
2026-09-24T17:45:16.602266375Z Stdout: [ INFO    ]: 17:45:16 | --> Translated: https://cdn.amazonlinux.com/al2023/core/mirrors/latest/$basearch/mirror.list
2026-09-24T17:45:16.602270019Z Stdout: [ INFO    ]: 17:45:16 | --> Alias: 0fe36547f70d447dbb727161e90ce57e
2026-09-24T17:45:16.602463901Z Stdout: [2;37m[ DEBUG   ]: 17:45:16 | Looking for bash in /usr/local/sbin:/usr/local/bin:/usr/sbin:/usr/bin[0m
2026-09-24T17:45:16.602772186Z Stdout: [2;37m[ DEBUG   ]: 17:45:16 | EXEC: [bash --norc /usr/share/kiwi-image-descriptions-examples/al2023/attestable-image-example/add-gpg-key.sh /var/cache/kiwi/dnf/repos/0fe36547f70d447dbb727161e90ce57e.repo][0m
2026-09-24T17:45:16.605603261Z Stdout: [ INFO    ]: 17:45:16 | Using package manager backend: dnf4
2026-09-24T17:45:16.605607815Z Stdout: [ INFO    ]: 17:45:16 | Installing bootstrap packages
2026-09-24T17:45:16.605821800Z Stdout: [ INFO    ]: 17:45:16 | --> collection type: onlyRequired
2026-09-24T17:45:16.605827547Z Stdout: [ INFO    ]: 17:45:16 | --> package: dnf
2026-09-24T17:45:16.605830150Z Stdout: [ INFO    ]: 17:45:16 | --> package: system-release
2026-09-24T17:45:16.605837077Z Stdout: [ INFO    ]: 17:45:16 | --> package excluded: curl
2026-09-24T17:45:16.605840482Z Stdout: [ INFO    ]: 17:45:16 | --> package excluded: gnupg2
2026-09-24T17:45:16.605842985Z Stdout: [ INFO    ]: 17:45:16 | --> package excluded: libcurl
2026-09-24T17:45:16.605846645Z Stdout: [2;37m[ DEBUG   ]: 17:45:16 | Looking for dnf4 in /usr/local/sbin:/usr/local/bin:/usr/sbin:/usr/bin[0m
2026-09-24T17:45:16.605944720Z Stdout: [2;37m[ DEBUG   ]: 17:45:16 | Looking for dnf4 in /usr/local/sbin:/usr/local/bin:/usr/sbin:/usr/bin[0m
2026-09-24T17:45:16.605992551Z Stdout: [2;37m[ DEBUG   ]: 17:45:16 | Looking for dnf-3 in /usr/local/sbin:/usr/local/bin:/usr/sbin:/usr/bin[0m
2026-09-24T17:45:16.606053545Z Stdout: [2;37m[ DEBUG   ]: 17:45:16 | EXEC: [dnf-3 --config /tmp/build/image-root/kiwi_dnf4.config -y --enableplugin=priorities --disableplugin=versionlock --releasever=0 makecache][0m
2026-09-24T17:45:29.808559572Z Stdout: [2;37m[ DEBUG   ]: 17:45:29 | EXEC: [dnf-3 --config /tmp/build/image-root/kiwi_dnf4.config -y --enableplugin=priorities --disableplugin=versionlock --installroot /tmp/build/image-root --releasever=0 --setopt=install_weak_deps=False --exclude=curl --exclude=gnupg2 --exclude=libcurl install dnf system-release][0m
2026-09-24T17:45:29.808573066Z Stdout: [2;37m[ DEBUG   ]: 17:45:29 | Looking for dnf-3 in /usr/local/sbin:/usr/local/bin:/usr/sbin:/usr/bin[0m
2026-09-24T17:45:30.185055454Z Stdout: [ INFO    ]: Processing: [                                        ] 0%[2;37m[ DEBUG   ]: 17:45:30 | bootstrap: Last metadata expiration check: 0:00:13 ago on Thu Sep 24 17:45:17 2026.[0m
2026-09-24T17:45:30.189095364Z Stdout: [2;37m[ DEBUG   ]: 17:45:30 | bootstrap: Dependencies resolved.[0m
2026-09-24T17:45:30.207422676Z Stdout: [2;37m[ DEBUG   ]: 17:45:30 | bootstrap: ==================================================================================================================[0m
2026-09-24T17:45:30.225778808Z Stdout: [2;37m[ DEBUG   ]: 17:45:30 | bootstrap:  Package                        Arch    Version                            Repository                         Size[0m
2026-09-24T17:45:30.244124539Z Stdout: [2;37m[ DEBUG   ]: 17:45:30 | bootstrap: ==================================================================================================================[0m
2026-09-24T17:45:30.246021644Z Stdout: [2;37m[ DEBUG   ]: 17:45:30 | bootstrap: Installing:[0m
2026-09-24T17:45:30.264401992Z Stdout: [2;37m[ DEBUG   ]: 17:45:30 | bootstrap:  dnf                            noarch  4.14.0-1.amzn2023.0.7              0fe36547f70d447dbb727161e90ce57e  459 k[0m
2026-09-24T17:45:30.282617195Z Stdout: [2;37m[ DEBUG   ]: 17:45:30 | bootstrap:  system-release                 noarch  2023.12.20260918-0.amzn2023        0fe36547f70d447dbb727161e90ce57e   24 k[0m
2026-09-24T17:45:30.286601804Z Stdout: [2;37m[ DEBUG   ]: 17:45:30 | bootstrap: Installing dependencies:[0m
2026-09-24T17:45:30.305077684Z Stdout: [2;37m[ DEBUG   ]: 17:45:30 | bootstrap:  alternatives                   x86_64  1.15-2.amzn2023.0.2                0fe36547f70d447dbb727161e90ce57e   36 k[0m
2026-09-24T17:45:30.323457410Z Stdout: [2;37m[ DEBUG   ]: 17:45:30 | bootstrap:  amazon-linux-repo-cdn          noarch  2023.12.20260918-0.amzn2023        0fe36547f70d447dbb727161e90ce57e   13 k[0m
2026-09-24T17:45:30.341806562Z Stdout: [2;37m[ DEBUG   ]: 17:45:30 | bootstrap:  audit-libs                     x86_64  3.1.5-1.amzn2023.0.2               0fe36547f70d447dbb727161e90ce57e  121 k[0m
2026-09-24T17:45:30.360157996Z Stdout: [2;37m[ DEBUG   ]: 17:45:30 | bootstrap:  basesystem                     noarch  11-11.amzn2023.0.2                 0fe36547f70d447dbb727161e90ce57e  7.8 k[0m
2026-09-24T17:45:30.378421904Z Stdout: [2;37m[ DEBUG   ]: 17:45:30 | bootstrap:  bash                           x86_64  5.2.15-1.amzn2023.0.2              0fe36547f70d447dbb727161e90ce57e  1.8 M[0m
2026-09-24T17:45:30.396810789Z Stdout: [2;37m[ DEBUG   ]: 17:45:30 | bootstrap:  bzip2-libs                     x86_64  1.0.8-6.amzn2023.0.2               0fe36547f70d447dbb727161e90ce57e   43 k[0m
2026-09-24T17:45:30.415069532Z Stdout: [2;37m[ DEBUG   ]: 17:45:30 | bootstrap:  ca-certificates                noarch  2025.2.76-1.0.amzn2023.0.3         0fe36547f70d447dbb727161e90ce57e  738 k[0m
2026-09-24T17:45:30.433349415Z Stdout: [2;37m[ DEBUG   ]: 17:45:30 | bootstrap:  coreutils                      x86_64  8.32-30.amzn2023.0.5               0fe36547f70d447dbb727161e90ce57e  1.1 M[0m
2026-09-24T17:45:30.451803969Z Stdout: [2;37m[ DEBUG   ]: 17:45:30 | bootstrap:  coreutils-common               x86_64  8.32-30.amzn2023.0.5               0fe36547f70d447dbb727161e90ce57e  2.0 M[0m
2026-09-24T17:45:30.470098418Z Stdout: [2;37m[ DEBUG   ]: 17:45:30 | bootstrap:  crypto-policies                noarch  20260224-1.gitea0f072.amzn2023.0.6 0fe36547f70d447dbb727161e90ce57e   58 k[0m
2026-09-24T17:45:30.488514309Z Stdout: [2;37m[ DEBUG   ]: 17:45:30 | bootstrap:  curl-minimal                   x86_64  8.21.0-5.amzn2023.0.1              0fe36547f70d447dbb727161e90ce57e  194 k[0m
2026-09-24T17:45:30.507351070Z Stdout: [2;37m[ DEBUG   ]: 17:45:30 | bootstrap:  dnf-data                       noarch  4.14.0-1.amzn2023.0.7              0fe36547f70d447dbb727161e90ce57e   33 k[0m
2026-09-24T17:45:30.526183328Z Stdout: [2;37m[ DEBUG   ]: 17:45:30 | bootstrap:  elfutils-default-yama-scope    noarch  0.188-3.amzn2023.0.3               0fe36547f70d447dbb727161e90ce57e  9.7 k[0m
2026-09-24T17:45:30.544670683Z Stdout: [2;37m[ DEBUG   ]: 17:45:30 | bootstrap:  elfutils-libelf                x86_64  0.188-3.amzn2023.0.3               0fe36547f70d447dbb727161e90ce57e  192 k[0m
2026-09-24T17:45:30.563090336Z Stdout: [2;37m[ DEBUG   ]: 17:45:30 | bootstrap:  elfutils-libs                  x86_64  0.188-3.amzn2023.0.3               0fe36547f70d447dbb727161e90ce57e  250 k[0m
2026-09-24T17:45:30.581588888Z Stdout: [2;37m[ DEBUG   ]: 17:45:30 | bootstrap:  expat                          x86_64  2.8.3-1.amzn2023.0.1               0fe36547f70d447dbb727161e90ce57e  134 k[0m
2026-09-24T17:45:30.600027035Z Stdout: [2;37m[ DEBUG   ]: 17:45:30 | bootstrap:  file-libs                      x86_64  5.39-7.amzn2023.0.4                0fe36547f70d447dbb727161e90ce57e  588 k[0m
2026-09-24T17:45:30.618359516Z Stdout: [2;37m[ DEBUG   ]: 17:45:30 | bootstrap:  filesystem                     x86_64  3.14-5.amzn2023.0.3                0fe36547f70d447dbb727161e90ce57e   22 k[0m
2026-09-24T17:45:30.636612668Z Stdout: [2;37m[ DEBUG   ]: 17:45:30 | bootstrap:  gdbm-libs                      x86_64  1:1.19-2.amzn2023.0.2              0fe36547f70d447dbb727161e90ce57e   53 k[0m
2026-09-24T17:45:30.655034235Z Stdout: [2;37m[ DEBUG   ]: 17:45:30 | bootstrap:  glib2                          x86_64  2.82.2-771.amzn2023                0fe36547f70d447dbb727161e90ce57e  3.0 M[0m
2026-09-24T17:45:30.673322614Z Stdout: [2;37m[ DEBUG   ]: 17:45:30 | bootstrap:  glibc                          x86_64  2.34-231.amzn2023.0.5              0fe36547f70d447dbb727161e90ce57e  2.0 M[0m
2026-09-24T17:45:30.691673485Z Stdout: [2;37m[ DEBUG   ]: 17:45:30 | bootstrap:  glibc-common                   x86_64  2.34-231.amzn2023.0.5              0fe36547f70d447dbb727161e90ce57e  297 k[0m
2026-09-24T17:45:30.710001993Z Stdout: [2;37m[ DEBUG   ]: 17:45:30 | bootstrap:  glibc-minimal-langpack         x86_64  2.34-231.amzn2023.0.5              0fe36547f70d447dbb727161e90ce57e   23 k[0m
2026-09-24T17:45:30.728312346Z Stdout: [2;37m[ DEBUG   ]: 17:45:30 | bootstrap:  gmp                            x86_64  1:6.2.1-2.amzn2023.0.2             0fe36547f70d447dbb727161e90ce57e  324 k[0m
2026-09-24T17:45:30.746561659Z Stdout: [2;37m[ DEBUG   ]: 17:45:30 | bootstrap:  gnupg2-minimal                 x86_64  2.3.7-1.amzn2023.0.9               0fe36547f70d447dbb727161e90ce57e  420 k[0m
2026-09-24T17:45:30.764852604Z Stdout: [2;37m[ DEBUG   ]: 17:45:30 | bootstrap:  gpgme                          x86_64  1.23.2-182.amzn2023.0.1            0fe36547f70d447dbb727161e90ce57e  210 k[0m
2026-09-24T17:45:30.783210177Z Stdout: [2;37m[ DEBUG   ]: 17:45:30 | bootstrap:  grep                           x86_64  3.8-1.amzn2023.0.4                 0fe36547f70d447dbb727161e90ce57e  283 k[0m
2026-09-24T17:45:30.801428513Z Stdout: [2;37m[ DEBUG   ]: 17:45:30 | bootstrap:  json-c                         x86_64  0.14-8.amzn2023.0.2                0fe36547f70d447dbb727161e90ce57e   41 k[0m
2026-09-24T17:45:30.819697634Z Stdout: [2;37m[ DEBUG   ]: 17:45:30 | bootstrap:  keyutils-libs                  x86_64  1.6.3-1.amzn2023.0.2               0fe36547f70d447dbb727161e90ce57e   32 k[0m
2026-09-24T17:45:30.838106243Z Stdout: [2;37m[ DEBUG   ]: 17:45:30 | bootstrap:  krb5-libs                      x86_64  1.21.3-8.amzn2023.0.1              0fe36547f70d447dbb727161e90ce57e  759 k[0m
2026-09-24T17:45:30.856499327Z Stdout: [2;37m[ DEBUG   ]: 17:45:30 | bootstrap:  libacl                         x86_64  2.4.0-1.amzn2023.0.1               0fe36547f70d447dbb727161e90ce57e   27 k[0m
2026-09-24T17:45:30.874722096Z Stdout: [2;37m[ DEBUG   ]: 17:45:30 | bootstrap:  libarchive                     x86_64  3.7.4-2.amzn2023.0.4               0fe36547f70d447dbb727161e90ce57e  411 k[0m
2026-09-24T17:45:30.892981214Z Stdout: [2;37m[ DEBUG   ]: 17:45:30 | bootstrap:  libassuan                      x86_64  2.5.5-1.amzn2023.0.2               0fe36547f70d447dbb727161e90ce57e   68 k[0m
2026-09-24T17:45:30.911405360Z Stdout: [2;37m[ DEBUG   ]: 17:45:30 | bootstrap:  libattr                        x86_64  2.5.1-3.amzn2023.0.2               0fe36547f70d447dbb727161e90ce57e   19 k[0m
2026-09-24T17:45:30.929679465Z Stdout: [2;37m[ DEBUG   ]: 17:45:30 | bootstrap:  libblkid                       x86_64  2.37.4-1.amzn2023.0.6              0fe36547f70d447dbb727161e90ce57e  105 k[0m
2026-09-24T17:45:30.948127960Z Stdout: [2;37m[ DEBUG   ]: 17:45:30 | bootstrap:  libcap                         x86_64  2.73-1.amzn2023.0.7                0fe36547f70d447dbb727161e90ce57e   87 k[0m
2026-09-24T17:45:30.966451913Z Stdout: [2;37m[ DEBUG   ]: 17:45:30 | bootstrap:  libcap-ng                      x86_64  0.8.2-4.amzn2023.0.2               0fe36547f70d447dbb727161e90ce57e   33 k[0m
2026-09-24T17:45:30.984743530Z Stdout: [2;37m[ DEBUG   ]: 17:45:30 | bootstrap:  libcom_err                     x86_64  1.46.5-2.amzn2023.0.2              0fe36547f70d447dbb727161e90ce57e   27 k[0m
2026-09-24T17:45:31.003337462Z Stdout: [2;37m[ DEBUG   ]: 17:45:31 | bootstrap:  libcomps                       x86_64  0.1.20-1.amzn2023                  0fe36547f70d447dbb727161e90ce57e   78 k[0m
2026-09-24T17:45:31.022107488Z Stdout: [2;37m[ DEBUG   ]: 17:45:31 | bootstrap:  libcurl-minimal                x86_64  8.21.0-5.amzn2023.0.1              0fe36547f70d447dbb727161e90ce57e  349 k[0m
2026-09-24T17:45:31.040646772Z Stdout: [2;37m[ DEBUG   ]: 17:45:31 | bootstrap:  libdnf                         x86_64  0.69.0-8.amzn2023.0.8              0fe36547f70d447dbb727161e90ce57e  654 k[0m
2026-09-24T17:45:31.059202075Z Stdout: [2;37m[ DEBUG   ]: 17:45:31 | bootstrap:  libffi                         x86_64  3.4.4-1.amzn2023.0.1               0fe36547f70d447dbb727161e90ce57e   39 k[0m
2026-09-24T17:45:31.065952429Z Stdout: [2;37m[ DEBUG   ]: 17:45:31 | bootstrap:  libgcc                         x86_64  14.2.1-7.amzn2023.0.2              0fe36547f70d447dbb727161e90ce57e  140 k[0m
2026-09-24T17:45:31.074454114Z Stdout: [2;37m[ DEBUG   ]: 17:45:31 | bootstrap:  libgcrypt                      x86_64  1.10.2-1.amzn2023.0.3              0fe36547f70d447dbb727161e90ce57e  527 k[0m
2026-09-24T17:45:31.093163247Z Stdout: [2;37m[ DEBUG   ]: 17:45:31 | bootstrap:  libgomp                        x86_64  14.2.1-7.amzn2023.0.2              0fe36547f70d447dbb727161e90ce57e  361 k[0m
2026-09-24T17:45:31.111540610Z Stdout: [2;37m[ DEBUG   ]: 17:45:31 | bootstrap:  libgpg-error                   x86_64  1.42-1.amzn2023.0.2                0fe36547f70d447dbb727161e90ce57e  213 k[0m
2026-09-24T17:45:31.130139685Z Stdout: [2;37m[ DEBUG   ]: 17:45:31 | bootstrap:  libidn2                        x86_64  2.3.2-1.amzn2023.0.5               0fe36547f70d447dbb727161e90ce57e  104 k[0m
2026-09-24T17:45:31.148736134Z Stdout: [2;37m[ DEBUG   ]: 17:45:31 | bootstrap:  libmodulemd                    x86_64  2.13.0-2.amzn2023.0.2              0fe36547f70d447dbb727161e90ce57e  229 k[0m
2026-09-24T17:45:31.167321961Z Stdout: [2;37m[ DEBUG   ]: 17:45:31 | bootstrap:  libmount                       x86_64  2.37.4-1.amzn2023.0.6              0fe36547f70d447dbb727161e90ce57e  131 k[0m
2026-09-24T17:45:31.186227399Z Stdout: [2;37m[ DEBUG   ]: 17:45:31 | bootstrap:  libnghttp2                     x86_64  1.59.0-3.amzn2023.0.2              0fe36547f70d447dbb727161e90ce57e   75 k[0m
2026-09-24T17:45:31.204715795Z Stdout: [2;37m[ DEBUG   ]: 17:45:31 | bootstrap:  libpsl                         x86_64  0.21.5-1.amzn2023.0.1              0fe36547f70d447dbb727161e90ce57e   64 k[0m
2026-09-24T17:45:31.223071909Z Stdout: [2;37m[ DEBUG   ]: 17:45:31 | bootstrap:  librepo                        x86_64  1.14.5-2.amzn2023.0.2              0fe36547f70d447dbb727161e90ce57e   88 k[0m
2026-09-24T17:45:31.241398770Z Stdout: [2;37m[ DEBUG   ]: 17:45:31 | bootstrap:  libreport-filesystem           noarch  2.15.2-2.amzn2023.0.2              0fe36547f70d447dbb727161e90ce57e   10 k[0m
2026-09-24T17:45:31.259653838Z Stdout: [2;37m[ DEBUG   ]: 17:45:31 | bootstrap:  libselinux                     x86_64  3.4-5.amzn2023.0.2                 0fe36547f70d447dbb727161e90ce57e   87 k[0m
2026-09-24T17:45:31.278124330Z Stdout: [2;37m[ DEBUG   ]: 17:45:31 | bootstrap:  libsepol                       x86_64  3.4-3.amzn2023.0.3                 0fe36547f70d447dbb727161e90ce57e  320 k[0m
2026-09-24T17:45:31.296508894Z Stdout: [2;37m[ DEBUG   ]: 17:45:31 | bootstrap:  libsmartcols                   x86_64  2.37.4-1.amzn2023.0.6              0fe36547f70d447dbb727161e90ce57e   62 k[0m
2026-09-24T17:45:31.314851776Z Stdout: [2;37m[ DEBUG   ]: 17:45:31 | bootstrap:  libsolv                        x86_64  0.7.22-1.amzn2023.0.4              0fe36547f70d447dbb727161e90ce57e  391 k[0m
2026-09-24T17:45:31.333141375Z Stdout: [2;37m[ DEBUG   ]: 17:45:31 | bootstrap:  libstdc++                      x86_64  14.2.1-7.amzn2023.0.2              0fe36547f70d447dbb727161e90ce57e  879 k[0m
2026-09-24T17:45:31.351503998Z Stdout: [2;37m[ DEBUG   ]: 17:45:31 | bootstrap:  libtasn1                       x86_64  4.19.0-1.amzn2023.0.6              0fe36547f70d447dbb727161e90ce57e   75 k[0m
2026-09-24T17:45:31.369869273Z Stdout: [2;37m[ DEBUG   ]: 17:45:31 | bootstrap:  libunistring                   x86_64  0.9.10-10.amzn2023.0.2             0fe36547f70d447dbb727161e90ce57e  499 k[0m
2026-09-24T17:45:31.388201130Z Stdout: [2;37m[ DEBUG   ]: 17:45:31 | bootstrap:  libuuid                        x86_64  2.37.4-1.amzn2023.0.6              0fe36547f70d447dbb727161e90ce57e   25 k[0m
2026-09-24T17:45:31.406493387Z Stdout: [2;37m[ DEBUG   ]: 17:45:31 | bootstrap:  libverto                       x86_64  0.3.2-1.amzn2023.0.2               0fe36547f70d447dbb727161e90ce57e   22 k[0m
2026-09-24T17:45:31.424830284Z Stdout: [2;37m[ DEBUG   ]: 17:45:31 | bootstrap:  libxcrypt                      x86_64  4.4.33-7.amzn2023                  0fe36547f70d447dbb727161e90ce57e  121 k[0m
2026-09-24T17:45:31.443253200Z Stdout: [2;37m[ DEBUG   ]: 17:45:31 | bootstrap:  libxml2                        x86_64  2.10.4-1.amzn2023.0.20             0fe36547f70d447dbb727161e90ce57e  704 k[0m
2026-09-24T17:45:31.461445316Z Stdout: [2;37m[ DEBUG   ]: 17:45:31 | bootstrap:  libyaml                        x86_64  0.2.5-5.amzn2023.0.2               0fe36547f70d447dbb727161e90ce57e   61 k[0m
2026-09-24T17:45:31.479857843Z Stdout: [2;37m[ DEBUG   ]: 17:45:31 | bootstrap:  libzstd                        x86_64  1.5.5-1.amzn2023.0.1               0fe36547f70d447dbb727161e90ce57e  309 k[0m
2026-09-24T17:45:31.498241766Z Stdout: [2;37m[ DEBUG   ]: 17:45:31 | bootstrap:  lua-libs                       x86_64  5.4.4-3.amzn2023.0.2               0fe36547f70d447dbb727161e90ce57e  217 k[0m
2026-09-24T17:45:31.516962459Z Stdout: [2;37m[ DEBUG   ]: 17:45:31 | bootstrap:  lz4-libs                       x86_64  1.9.4-1.amzn2023.0.3               0fe36547f70d447dbb727161e90ce57e   80 k[0m
2026-09-24T17:45:31.535662608Z Stdout: [2;37m[ DEBUG   ]: 17:45:31 | bootstrap:  ncurses-base                   noarch  6.6-1.amzn2023.0.1                 0fe36547f70d447dbb727161e90ce57e   65 k[0m
2026-09-24T17:45:31.554414317Z Stdout: [2;37m[ DEBUG   ]: 17:45:31 | bootstrap:  ncurses-libs                   x86_64  6.6-1.amzn2023.0.1                 0fe36547f70d447dbb727161e90ce57e  340 k[0m
2026-09-24T17:45:31.572945372Z Stdout: [2;37m[ DEBUG   ]: 17:45:31 | bootstrap:  npth                           x86_64  1.6-6.amzn2023.0.2                 0fe36547f70d447dbb727161e90ce57e   25 k[0m
2026-09-24T17:45:31.591540176Z Stdout: [2;37m[ DEBUG   ]: 17:45:31 | bootstrap:  openssl-fips-provider-latest   x86_64  1:3.5.8-1.amzn2023.0.1             0fe36547f70d447dbb727161e90ce57e  836 k[0m
2026-09-24T17:45:31.609876546Z Stdout: [2;37m[ DEBUG   ]: 17:45:31 | bootstrap:  openssl-libs                   x86_64  1:3.5.8-1.amzn2023.0.1             0fe36547f70d447dbb727161e90ce57e  2.3 M[0m
2026-09-24T17:45:31.628656416Z Stdout: [2;37m[ DEBUG   ]: 17:45:31 | bootstrap:  p11-kit                        x86_64  0.24.1-2.amzn2023.0.3              0fe36547f70d447dbb727161e90ce57e  357 k[0m
2026-09-24T17:45:31.646985570Z Stdout: [2;37m[ DEBUG   ]: 17:45:31 | bootstrap:  p11-kit-trust                  x86_64  0.24.1-2.amzn2023.0.3              0fe36547f70d447dbb727161e90ce57e  138 k[0m
2026-09-24T17:45:31.665391734Z Stdout: [2;37m[ DEBUG   ]: 17:45:31 | bootstrap:  pcre2                          x86_64  10.40-1.amzn2023.0.3               0fe36547f70d447dbb727161e90ce57e  236 k[0m
2026-09-24T17:45:31.683835214Z Stdout: [2;37m[ DEBUG   ]: 17:45:31 | bootstrap:  pcre2-syntax                   noarch  10.40-1.amzn2023.0.3               0fe36547f70d447dbb727161e90ce57e  142 k[0m
2026-09-24T17:45:31.702185689Z Stdout: [2;37m[ DEBUG   ]: 17:45:31 | bootstrap:  popt                           x86_64  1.18-6.amzn2023.0.2                0fe36547f70d447dbb727161e90ce57e   60 k[0m
2026-09-24T17:45:31.720526058Z Stdout: [2;37m[ DEBUG   ]: 17:45:31 | bootstrap:  publicsuffix-list-dafsa        noarch  20260116-1.amzn2023.0.1            0fe36547f70d447dbb727161e90ce57e   61 k[0m
2026-09-24T17:45:31.738875939Z Stdout: [2;37m[ DEBUG   ]: 17:45:31 | bootstrap:  python3                        x86_64  3.9.25-1.amzn2023.0.9              0fe36547f70d447dbb727161e90ce57e   29 k[0m
2026-09-24T17:45:31.757188189Z Stdout: [2;37m[ DEBUG   ]: 17:45:31 | bootstrap:  python3-dnf                    noarch  4.14.0-1.amzn2023.0.7              0fe36547f70d447dbb727161e90ce57e  409 k[0m
2026-09-24T17:45:31.775508975Z Stdout: [2;37m[ DEBUG   ]: 17:45:31 | bootstrap:  python3-gpg                    x86_64  1.23.2-182.amzn2023.0.1            0fe36547f70d447dbb727161e90ce57e  256 k[0m
2026-09-24T17:45:31.794066353Z Stdout: [2;37m[ DEBUG   ]: 17:45:31 | bootstrap:  python3-hawkey                 x86_64  0.69.0-8.amzn2023.0.8              0fe36547f70d447dbb727161e90ce57e  100 k[0m
2026-09-24T17:45:31.812908785Z Stdout: [2;37m[ DEBUG   ]: 17:45:31 | bootstrap:  python3-libcomps               x86_64  0.1.20-1.amzn2023                  0fe36547f70d447dbb727161e90ce57e   49 k[0m
2026-09-24T17:45:31.831442253Z Stdout: [2;37m[ DEBUG   ]: 17:45:31 | bootstrap:  python3-libdnf                 x86_64  0.69.0-8.amzn2023.0.8              0fe36547f70d447dbb727161e90ce57e  776 k[0m
2026-09-24T17:45:31.849747903Z Stdout: [2;37m[ DEBUG   ]: 17:45:31 | bootstrap:  python3-libs                   x86_64  3.9.25-1.amzn2023.0.9              0fe36547f70d447dbb727161e90ce57e  7.6 M[0m
2026-09-24T17:45:31.868057283Z Stdout: [2;37m[ DEBUG   ]: 17:45:31 | bootstrap:  python3-pip-wheel              noarch  21.3.1-2.amzn2023.0.21             0fe36547f70d447dbb727161e90ce57e  1.1 M[0m
2026-09-24T17:45:31.886420681Z Stdout: [2;37m[ DEBUG   ]: 17:45:31 | bootstrap:  python3-rpm                    x86_64  4.16.1.3-29.amzn2023.0.7           0fe36547f70d447dbb727161e90ce57e   63 k[0m
2026-09-24T17:45:31.904715214Z Stdout: [2;37m[ DEBUG   ]: 17:45:31 | bootstrap:  python3-setuptools-wheel       noarch  59.6.0-2.amzn2023.0.6              0fe36547f70d447dbb727161e90ce57e  505 k[0m
2026-09-24T17:45:31.923141958Z Stdout: [2;37m[ DEBUG   ]: 17:45:31 | bootstrap:  readline                       x86_64  8.1-2.amzn2023.0.2                 0fe36547f70d447dbb727161e90ce57e  212 k[0m
2026-09-24T17:45:31.941379108Z Stdout: [2;37m[ DEBUG   ]: 17:45:31 | bootstrap:  rpm                            x86_64  4.16.1.3-29.amzn2023.0.7           0fe36547f70d447dbb727161e90ce57e  483 k[0m
2026-09-24T17:45:31.959725667Z Stdout: [2;37m[ DEBUG   ]: 17:45:31 | bootstrap:  rpm-build-libs                 x86_64  4.16.1.3-29.amzn2023.0.7           0fe36547f70d447dbb727161e90ce57e   87 k[0m
2026-09-24T17:45:31.978042128Z Stdout: [2;37m[ DEBUG   ]: 17:45:31 | bootstrap:  rpm-libs                       x86_64  4.16.1.3-29.amzn2023.0.7           0fe36547f70d447dbb727161e90ce57e  308 k[0m
2026-09-24T17:45:31.996456075Z Stdout: [2;37m[ DEBUG   ]: 17:45:31 | bootstrap:  rpm-sign-libs                  x86_64  4.16.1.3-29.amzn2023.0.7           0fe36547f70d447dbb727161e90ce57e   18 k[0m
2026-09-24T17:45:32.014934961Z Stdout: [2;37m[ DEBUG   ]: 17:45:32 | bootstrap:  sed                            x86_64  4.8-7.amzn2023.0.2                 0fe36547f70d447dbb727161e90ce57e  297 k[0m
2026-09-24T17:45:32.033058109Z Stdout: [2;37m[ DEBUG   ]: 17:45:32 | bootstrap:  setup                          noarch  2.13.7-3.amzn2023.0.2              0fe36547f70d447dbb727161e90ce57e  141 k[0m
2026-09-24T17:45:32.051430021Z Stdout: [2;37m[ DEBUG   ]: 17:45:32 | bootstrap:  sqlite-libs                    x86_64  3.40.0-1.amzn2023.0.8              0fe36547f70d447dbb727161e90ce57e  659 k[0m
2026-09-24T17:45:32.069676392Z Stdout: [2;37m[ DEBUG   ]: 17:45:32 | bootstrap:  tzdata                         noarch  2026c-1.amzn2023.0.1               0fe36547f70d447dbb727161e90ce57e  429 k[0m
2026-09-24T17:45:32.088024456Z Stdout: [2;37m[ DEBUG   ]: 17:45:32 | bootstrap:  xz-libs                        x86_64  5.2.5-9.amzn2023.0.2               0fe36547f70d447dbb727161e90ce57e   93 k[0m
2026-09-24T17:45:32.106427827Z Stdout: [2;37m[ DEBUG   ]: 17:45:32 | bootstrap:  zlib                           x86_64  1.2.11-33.amzn2023.0.6             0fe36547f70d447dbb727161e90ce57e   92 k[0m
2026-09-24T17:45:32.109760638Z Stdout: [2;37m[ DEBUG   ]: 17:45:32 | bootstrap: Transaction Summary[0m
2026-09-24T17:45:32.128204432Z Stdout: [2;37m[ DEBUG   ]: 17:45:32 | bootstrap: ==================================================================================================================[0m
2026-09-24T17:45:32.131753326Z Stdout: [2;37m[ DEBUG   ]: 17:45:32 | bootstrap: Install  102 Packages[0m
2026-09-24T17:45:32.136116252Z Stdout: [2;37m[ DEBUG   ]: 17:45:32 | bootstrap: Total download size: 41 M[0m
2026-09-24T17:45:32.139667618Z Stdout: [2;37m[ DEBUG   ]: 17:45:32 | bootstrap: Installed size: 151 M[0m
2026-09-24T17:45:32.143264838Z Stdout: [2;37m[ DEBUG   ]: 17:45:32 | bootstrap: Downloading Packages:[0m
2026-09-24T17:45:32.155976737Z Stdout: [2;37m[ DEBUG   ]: 17:45:32 | bootstrap: (1/102): alternatives-1.15-2.amzn2023.0.2.x86_6 3.9 MB/s |  36 kB     00:00    [0m
2026-09-24T17:45:32.168744732Z Stdout: [2;37m[ DEBUG   ]: 17:45:32 | bootstrap: (2/102): amazon-linux-repo-cdn-2023.12.20260918 1.3 MB/s |  13 kB     00:00    [0m
2026-09-24T17:45:32.181519916Z Stdout: [2;37m[ DEBUG   ]: 17:45:32 | bootstrap: (3/102): basesystem-11-11.amzn2023.0.2.noarch.r 1.1 MB/s | 7.8 kB     00:00    [0m
2026-09-24T17:45:32.194311024Z Stdout: [2;37m[ DEBUG   ]: 17:45:32 | bootstrap: (4/102): audit-libs-3.1.5-1.amzn2023.0.2.x86_64 8.2 MB/s | 121 kB     00:00    [0m
2026-09-24T17:45:32.207127411Z Stdout: [2;37m[ DEBUG   ]: 17:45:32 | bootstrap: (5/102): bzip2-libs-1.0.8-6.amzn2023.0.2.x86_64 3.5 MB/s |  43 kB     00:00    [0m
2026-09-24T17:45:32.219974560Z Stdout: [2;37m[ DEBUG   ]: 17:45:32 | bootstrap: (6/102): ca-certificates-2025.2.76-1.0.amzn2023  38 MB/s | 738 kB     00:00    [0m
2026-09-24T17:45:32.232639443Z Stdout: [2;37m[ DEBUG   ]: 17:45:32 | bootstrap: (7/102): bash-5.2.15-1.amzn2023.0.2.x86_64.rpm   58 MB/s | 1.8 MB     00:00    [0m
2026-09-24T17:45:32.245436407Z Stdout: [2;37m[ DEBUG   ]: 17:45:32 | bootstrap: (8/102): coreutils-8.32-30.amzn2023.0.5.x86_64.  49 MB/s | 1.1 MB     00:00    [0m
2026-09-24T17:45:32.258199683Z Stdout: [2;37m[ DEBUG   ]: 17:45:32 | bootstrap: (9/102): crypto-policies-20260224-1.gitea0f072. 4.8 MB/s |  58 kB     00:00    [0m
2026-09-24T17:45:32.271058140Z Stdout: [2;37m[ DEBUG   ]: 17:45:32 | bootstrap: (10/102): coreutils-common-8.32-30.amzn2023.0.5  77 MB/s | 2.0 MB     00:00    [0m
2026-09-24T17:45:32.283766082Z Stdout: [2;37m[ DEBUG   ]: 17:45:32 | bootstrap: (11/102): curl-minimal-8.21.0-5.amzn2023.0.1.x8  13 MB/s | 194 kB     00:00    [0m
2026-09-24T17:45:32.296560451Z Stdout: [2;37m[ DEBUG   ]: 17:45:32 | bootstrap: (12/102): dnf-4.14.0-1.amzn2023.0.7.noarch.rpm   34 MB/s | 459 kB     00:00    [0m
2026-09-24T17:45:32.309336200Z Stdout: [2;37m[ DEBUG   ]: 17:45:32 | bootstrap: (13/102): dnf-data-4.14.0-1.amzn2023.0.7.noarch 3.2 MB/s |  33 kB     00:00    [0m
2026-09-24T17:45:32.322168756Z Stdout: [2;37m[ DEBUG   ]: 17:45:32 | bootstrap: (14/102): elfutils-default-yama-scope-0.188-3.a 1.0 MB/s | 9.7 kB     00:00    [0m
2026-09-24T17:45:32.334957540Z Stdout: [2;37m[ DEBUG   ]: 17:45:32 | bootstrap: (15/102): elfutils-libelf-0.188-3.amzn2023.0.3.  15 MB/s | 192 kB     00:00    [0m
2026-09-24T17:45:32.347743679Z Stdout: [2;37m[ DEBUG   ]: 17:45:32 | bootstrap: (16/102): elfutils-libs-0.188-3.amzn2023.0.3.x8  20 MB/s | 250 kB     00:00    [0m
2026-09-24T17:45:32.360575321Z Stdout: [2;37m[ DEBUG   ]: 17:45:32 | bootstrap: (17/102): expat-2.8.3-1.amzn2023.0.1.x86_64.rpm 9.8 MB/s | 134 kB     00:00    [0m
2026-09-24T17:45:32.373288087Z Stdout: [2;37m[ DEBUG   ]: 17:45:32 | bootstrap: (18/102): file-libs-5.39-7.amzn2023.0.4.x86_64.  41 MB/s | 588 kB     00:00    [0m
2026-09-24T17:45:32.386135726Z Stdout: [2;37m[ DEBUG   ]: 17:45:32 | bootstrap: (19/102): filesystem-3.14-5.amzn2023.0.3.x86_64 1.6 MB/s |  22 kB     00:00    [0m
2026-09-24T17:45:32.398920298Z Stdout: [2;37m[ DEBUG   ]: 17:45:32 | bootstrap: (20/102): gdbm-libs-1.19-2.amzn2023.0.2.x86_64. 4.2 MB/s |  53 kB     00:00    [0m
2026-09-24T17:45:32.411699408Z Stdout: [2;37m[ DEBUG   ]: 17:45:32 | bootstrap: (21/102): glibc-common-2.34-231.amzn2023.0.5.x8  20 MB/s | 297 kB     00:00    [0m
2026-09-24T17:45:32.424495918Z Stdout: [2;37m[ DEBUG   ]: 17:45:32 | bootstrap: (22/102): glibc-2.34-231.amzn2023.0.5.x86_64.rp  66 MB/s | 2.0 MB     00:00    [0m
2026-09-24T17:45:32.437316572Z Stdout: [2;37m[ DEBUG   ]: 17:45:32 | bootstrap: (23/102): glib2-2.82.2-771.amzn2023.x86_64.rpm   70 MB/s | 3.0 MB     00:00    [0m
2026-09-24T17:45:32.450143399Z Stdout: [2;37m[ DEBUG   ]: 17:45:32 | bootstrap: (24/102): glibc-minimal-langpack-2.34-231.amzn2 895 kB/s |  23 kB     00:00    [0m
2026-09-24T17:45:32.463015190Z Stdout: [2;37m[ DEBUG   ]: 17:45:32 | bootstrap: (25/102): gmp-6.2.1-2.amzn2023.0.2.x86_64.rpm    18 MB/s | 324 kB     00:00    [0m
2026-09-24T17:45:32.475946218Z Stdout: [2;37m[ DEBUG   ]: 17:45:32 | bootstrap: (26/102): gpgme-1.23.2-182.amzn2023.0.1.x86_64.  18 MB/s | 210 kB     00:00    [0m
2026-09-24T17:45:32.488888287Z Stdout: [2;37m[ DEBUG   ]: 17:45:32 | bootstrap: (27/102): gnupg2-minimal-2.3.7-1.amzn2023.0.9.x  26 MB/s | 420 kB     00:00    [0m
2026-09-24T17:45:32.501652994Z Stdout: [2;37m[ DEBUG   ]: 17:45:32 | bootstrap: (28/102): grep-3.8-1.amzn2023.0.4.x86_64.rpm     18 MB/s | 283 kB     00:00    [0m
2026-09-24T17:45:32.514439249Z Stdout: [2;37m[ DEBUG   ]: 17:45:32 | bootstrap: (29/102): json-c-0.14-8.amzn2023.0.2.x86_64.rpm 3.6 MB/s |  41 kB     00:00    [0m
2026-09-24T17:45:32.527268109Z Stdout: [2;37m[ DEBUG   ]: 17:45:32 | bootstrap: (30/102): keyutils-libs-1.6.3-1.amzn2023.0.2.x8 2.8 MB/s |  32 kB     00:00    [0m
2026-09-24T17:45:32.539950307Z Stdout: [2;37m[ DEBUG   ]: 17:45:32 | bootstrap: (31/102): krb5-libs-1.21.3-8.amzn2023.0.1.x86_6  53 MB/s | 759 kB     00:00    [0m
2026-09-24T17:45:32.552719540Z Stdout: [2;37m[ DEBUG   ]: 17:45:32 | bootstrap: (32/102): libacl-2.4.0-1.amzn2023.0.1.x86_64.rp 1.9 MB/s |  27 kB     00:00    [0m
2026-09-24T17:45:32.565489216Z Stdout: [2;37m[ DEBUG   ]: 17:45:32 | bootstrap: (33/102): libarchive-3.7.4-2.amzn2023.0.4.x86_6  25 MB/s | 411 kB     00:00    [0m
2026-09-24T17:45:32.578222241Z Stdout: [2;37m[ DEBUG   ]: 17:45:32 | bootstrap: (34/102): libassuan-2.5.5-1.amzn2023.0.2.x86_64 5.6 MB/s |  68 kB     00:00    [0m
2026-09-24T17:45:32.591029627Z Stdout: [2;37m[ DEBUG   ]: 17:45:32 | bootstrap: (35/102): libattr-2.5.1-3.amzn2023.0.2.x86_64.r 1.5 MB/s |  19 kB     00:00    [0m
2026-09-24T17:45:32.603763168Z Stdout: [2;37m[ DEBUG   ]: 17:45:32 | bootstrap: (36/102): libblkid-2.37.4-1.amzn2023.0.6.x86_64  11 MB/s | 105 kB     00:00    [0m
2026-09-24T17:45:32.616561106Z Stdout: [2;37m[ DEBUG   ]: 17:45:32 | bootstrap: (37/102): libcap-2.73-1.amzn2023.0.7.x86_64.rpm 8.1 MB/s |  87 kB     00:00    [0m
2026-09-24T17:45:32.629375612Z Stdout: [2;37m[ DEBUG   ]: 17:45:32 | bootstrap: (38/102): libcap-ng-0.8.2-4.amzn2023.0.2.x86_64 2.9 MB/s |  33 kB     00:00    [0m
2026-09-24T17:45:32.642131529Z Stdout: [2;37m[ DEBUG   ]: 17:45:32 | bootstrap: (39/102): libcom_err-1.46.5-2.amzn2023.0.2.x86_ 2.8 MB/s |  27 kB     00:00    [0m
2026-09-24T17:45:32.654901490Z Stdout: [2;37m[ DEBUG   ]: 17:45:32 | bootstrap: (40/102): libcomps-0.1.20-1.amzn2023.x86_64.rpm 7.2 MB/s |  78 kB     00:00    [0m
2026-09-24T17:45:32.667671653Z Stdout: [2;37m[ DEBUG   ]: 17:45:32 | bootstrap: (41/102): libcurl-minimal-8.21.0-5.amzn2023.0.1  27 MB/s | 349 kB     00:00    [0m
2026-09-24T17:45:32.680460096Z Stdout: [2;37m[ DEBUG   ]: 17:45:32 | bootstrap: (42/102): libdnf-0.69.0-8.amzn2023.0.8.x86_64.r  32 MB/s | 654 kB     00:00    [0m
2026-09-24T17:45:32.693264497Z Stdout: [2;37m[ DEBUG   ]: 17:45:32 | bootstrap: (43/102): libffi-3.4.4-1.amzn2023.0.1.x86_64.rp 2.1 MB/s |  39 kB     00:00    [0m
2026-09-24T17:45:32.706080800Z Stdout: [2;37m[ DEBUG   ]: 17:45:32 | bootstrap: (44/102): libgcc-14.2.1-7.amzn2023.0.2.x86_64.r 9.9 MB/s | 140 kB     00:00    [0m
2026-09-24T17:45:32.718917705Z Stdout: [2;37m[ DEBUG   ]: 17:45:32 | bootstrap: (45/102): libgcrypt-1.10.2-1.amzn2023.0.3.x86_6  43 MB/s | 527 kB     00:00    [0m
2026-09-24T17:45:32.731730397Z Stdout: [2;37m[ DEBUG   ]: 17:45:32 | bootstrap: (46/102): libgomp-14.2.1-7.amzn2023.0.2.x86_64.  26 MB/s | 361 kB     00:00    [0m
2026-09-24T17:45:32.744602475Z Stdout: [2;37m[ DEBUG   ]: 17:45:32 | bootstrap: (47/102): libgpg-error-1.42-1.amzn2023.0.2.x86_  14 MB/s | 213 kB     00:00    [0m
2026-09-24T17:45:32.757425819Z Stdout: [2;37m[ DEBUG   ]: 17:45:32 | bootstrap: (48/102): libidn2-2.3.2-1.amzn2023.0.5.x86_64.r 8.3 MB/s | 104 kB     00:00    [0m
2026-09-24T17:45:32.770193985Z Stdout: [2;37m[ DEBUG   ]: 17:45:32 | bootstrap: (49/102): libmodulemd-2.13.0-2.amzn2023.0.2.x86  18 MB/s | 229 kB     00:00    [0m
2026-09-24T17:45:32.783024033Z Stdout: [2;37m[ DEBUG   ]: 17:45:32 | bootstrap: (50/102): libmount-2.37.4-1.amzn2023.0.6.x86_64  11 MB/s | 131 kB     00:00    [0m
2026-09-24T17:45:32.795862576Z Stdout: [2;37m[ DEBUG   ]: 17:45:32 | bootstrap: (51/102): libnghttp2-1.59.0-3.amzn2023.0.2.x86_ 6.2 MB/s |  75 kB     00:00    [0m
2026-09-24T17:45:32.808670703Z Stdout: [2;37m[ DEBUG   ]: 17:45:32 | bootstrap: (52/102): libpsl-0.21.5-1.amzn2023.0.1.x86_64.r 5.9 MB/s |  64 kB     00:00    [0m
2026-09-24T17:45:32.821403737Z Stdout: [2;37m[ DEBUG   ]: 17:45:32 | bootstrap: (53/102): librepo-1.14.5-2.amzn2023.0.2.x86_64. 8.5 MB/s |  88 kB     00:00    [0m
2026-09-24T17:45:32.834171347Z Stdout: [2;37m[ DEBUG   ]: 17:45:32 | bootstrap: (54/102): libreport-filesystem-2.15.2-2.amzn202 1.0 MB/s |  10 kB     00:00    [0m
2026-09-24T17:45:32.846953468Z Stdout: [2;37m[ DEBUG   ]: 17:45:32 | bootstrap: (55/102): libselinux-3.4-5.amzn2023.0.2.x86_64. 8.5 MB/s |  87 kB     00:00    [0m
2026-09-24T17:45:32.859726114Z Stdout: [2;37m[ DEBUG   ]: 17:45:32 | bootstrap: (56/102): libsepol-3.4-3.amzn2023.0.3.x86_64.rp  27 MB/s | 320 kB     00:00    [0m
2026-09-24T17:45:32.872486200Z Stdout: [2;37m[ DEBUG   ]: 17:45:32 | bootstrap: (57/102): libsmartcols-2.37.4-1.amzn2023.0.6.x8 5.0 MB/s |  62 kB     00:00    [0m
2026-09-24T17:45:32.885297816Z Stdout: [2;37m[ DEBUG   ]: 17:45:32 | bootstrap: (58/102): libsolv-0.7.22-1.amzn2023.0.4.x86_64.  28 MB/s | 391 kB     00:00    [0m
2026-09-24T17:45:32.898035197Z Stdout: [2;37m[ DEBUG   ]: 17:45:32 | bootstrap: (59/102): libstdc++-14.2.1-7.amzn2023.0.2.x86_6  60 MB/s | 879 kB     00:00    [0m
2026-09-24T17:45:32.910837561Z Stdout: [2;37m[ DEBUG   ]: 17:45:32 | bootstrap: (60/102): libtasn1-4.19.0-1.amzn2023.0.6.x86_64 5.1 MB/s |  75 kB     00:00    [0m
2026-09-24T17:45:32.923638793Z Stdout: [2;37m[ DEBUG   ]: 17:45:32 | bootstrap: (61/102): libunistring-0.9.10-10.amzn2023.0.2.x  37 MB/s | 499 kB     00:00    [0m
2026-09-24T17:45:32.936414418Z Stdout: [2;37m[ DEBUG   ]: 17:45:32 | bootstrap: (62/102): libuuid-2.37.4-1.amzn2023.0.6.x86_64. 2.5 MB/s |  25 kB     00:00    [0m
2026-09-24T17:45:32.949144165Z Stdout: [2;37m[ DEBUG   ]: 17:45:32 | bootstrap: (63/102): libverto-0.3.2-1.amzn2023.0.2.x86_64. 2.3 MB/s |  22 kB     00:00    [0m
2026-09-24T17:45:32.961926515Z Stdout: [2;37m[ DEBUG   ]: 17:45:32 | bootstrap: (64/102): libxcrypt-4.4.33-7.amzn2023.x86_64.rp  15 MB/s | 121 kB     00:00    [0m
2026-09-24T17:45:32.974849315Z Stdout: [2;37m[ DEBUG   ]: 17:45:32 | bootstrap: (65/102): libxml2-2.10.4-1.amzn2023.0.20.x86_64  52 MB/s | 704 kB     00:00    [0m
2026-09-24T17:45:32.987629229Z Stdout: [2;37m[ DEBUG   ]: 17:45:32 | bootstrap: (66/102): libyaml-0.2.5-5.amzn2023.0.2.x86_64.r 4.5 MB/s |  61 kB     00:00    [0m
2026-09-24T17:45:33.000350505Z Stdout: [2;37m[ DEBUG   ]: 17:45:33 | bootstrap: (67/102): libzstd-1.5.5-1.amzn2023.0.1.x86_64.r  17 MB/s | 309 kB     00:00    [0m
2026-09-24T17:45:33.013111579Z Stdout: [2;37m[ DEBUG   ]: 17:45:33 | bootstrap: (68/102): lua-libs-5.4.4-3.amzn2023.0.2.x86_64.  13 MB/s | 217 kB     00:00    [0m
2026-09-24T17:45:33.025896569Z Stdout: [2;37m[ DEBUG   ]: 17:45:33 | bootstrap: (69/102): lz4-libs-1.9.4-1.amzn2023.0.3.x86_64. 4.7 MB/s |  80 kB     00:00    [0m
2026-09-24T17:45:33.038847340Z Stdout: [2;37m[ DEBUG   ]: 17:45:33 | bootstrap: (70/102): ncurses-base-6.6-1.amzn2023.0.1.noarc 5.1 MB/s |  65 kB     00:00    [0m
2026-09-24T17:45:33.051500937Z Stdout: [2;37m[ DEBUG   ]: 17:45:33 | bootstrap: (71/102): ncurses-libs-6.6-1.amzn2023.0.1.x86_6  31 MB/s | 340 kB     00:00    [0m
2026-09-24T17:45:33.064238917Z Stdout: [2;37m[ DEBUG   ]: 17:45:33 | bootstrap: (72/102): npth-1.6-6.amzn2023.0.2.x86_64.rpm    2.5 MB/s |  25 kB     00:00    [0m
2026-09-24T17:45:33.077049636Z Stdout: [2;37m[ DEBUG   ]: 17:45:33 | bootstrap: (73/102): openssl-fips-provider-latest-3.5.8-1.  62 MB/s | 836 kB     00:00    [0m
2026-09-24T17:45:33.089888788Z Stdout: [2;37m[ DEBUG   ]: 17:45:33 | bootstrap: (74/102): p11-kit-0.24.1-2.amzn2023.0.3.x86_64.  18 MB/s | 357 kB     00:00    [0m
2026-09-24T17:45:33.102679242Z Stdout: [2;37m[ DEBUG   ]: 17:45:33 | bootstrap: (75/102): openssl-libs-3.5.8-1.amzn2023.0.1.x86  75 MB/s | 2.3 MB     00:00    [0m
2026-09-24T17:45:33.115518341Z Stdout: [2;37m[ DEBUG   ]: 17:45:33 | bootstrap: (76/102): p11-kit-trust-0.24.1-2.amzn2023.0.3.x 4.3 MB/s | 138 kB     00:00    [0m
2026-09-24T17:45:33.128332287Z Stdout: [2;37m[ DEBUG   ]: 17:45:33 | bootstrap: (77/102): pcre2-10.40-1.amzn2023.0.3.x86_64.rpm  10 MB/s | 236 kB     00:00    [0m
2026-09-24T17:45:33.141224957Z Stdout: [2;37m[ DEBUG   ]: 17:45:33 | bootstrap: (78/102): pcre2-syntax-10.40-1.amzn2023.0.3.noa 9.2 MB/s | 142 kB     00:00    [0m
2026-09-24T17:45:33.153950059Z Stdout: [2;37m[ DEBUG   ]: 17:45:33 | bootstrap: (79/102): popt-1.18-6.amzn2023.0.2.x86_64.rpm   5.1 MB/s |  60 kB     00:00    [0m
2026-09-24T17:45:33.166846450Z Stdout: [2;37m[ DEBUG   ]: 17:45:33 | bootstrap: (80/102): publicsuffix-list-dafsa-20260116-1.am 6.1 MB/s |  61 kB     00:00    [0m
2026-09-24T17:45:33.179522337Z Stdout: [2;37m[ DEBUG   ]: 17:45:33 | bootstrap: (81/102): python3-3.9.25-1.amzn2023.0.9.x86_64. 3.3 MB/s |  29 kB     00:00    [0m
2026-09-24T17:45:33.192266111Z Stdout: [2;37m[ DEBUG   ]: 17:45:33 | bootstrap: (82/102): python3-dnf-4.14.0-1.amzn2023.0.7.noa  38 MB/s | 409 kB     00:00    [0m
2026-09-24T17:45:33.205053783Z Stdout: [2;37m[ DEBUG   ]: 17:45:33 | bootstrap: (83/102): python3-gpg-1.23.2-182.amzn2023.0.1.x  22 MB/s | 256 kB     00:00    [0m
2026-09-24T17:45:33.217835013Z Stdout: [2;37m[ DEBUG   ]: 17:45:33 | bootstrap: (84/102): python3-hawkey-0.69.0-8.amzn2023.0.8. 8.2 MB/s | 100 kB     00:00    [0m
2026-09-24T17:45:33.230605200Z Stdout: [2;37m[ DEBUG   ]: 17:45:33 | bootstrap: (85/102): python3-libcomps-0.1.20-1.amzn2023.x8 4.9 MB/s |  49 kB     00:00    [0m
2026-09-24T17:45:33.243399265Z Stdout: [2;37m[ DEBUG   ]: 17:45:33 | bootstrap: (86/102): python3-libdnf-0.69.0-8.amzn2023.0.8.  64 MB/s | 776 kB     00:00    [0m
2026-09-24T17:45:33.256207315Z Stdout: [2;37m[ DEBUG   ]: 17:45:33 | bootstrap: (87/102): python3-pip-wheel-21.3.1-2.amzn2023.0  39 MB/s | 1.1 MB     00:00    [0m
2026-09-24T17:45:33.268963685Z Stdout: [2;37m[ DEBUG   ]: 17:45:33 | bootstrap: (88/102): python3-rpm-4.16.1.3-29.amzn2023.0.7. 2.2 MB/s |  63 kB     00:00    [0m
2026-09-24T17:45:33.281721925Z Stdout: [2;37m[ DEBUG   ]: 17:45:33 | bootstrap: (89/102): python3-setuptools-wheel-59.6.0-2.amz  24 MB/s | 505 kB     00:00    [0m
2026-09-24T17:45:33.294503681Z Stdout: [2;37m[ DEBUG   ]: 17:45:33 | bootstrap: (90/102): python3-libs-3.9.25-1.amzn2023.0.9.x8 102 MB/s | 7.6 MB     00:00    [0m
2026-09-24T17:45:33.307314175Z Stdout: [2;37m[ DEBUG   ]: 17:45:33 | bootstrap: (91/102): readline-8.1-2.amzn2023.0.2.x86_64.rp 5.1 MB/s | 212 kB     00:00    [0m
2026-09-24T17:45:33.320096384Z Stdout: [2;37m[ DEBUG   ]: 17:45:33 | bootstrap: (92/102): rpm-4.16.1.3-29.amzn2023.0.7.x86_64.r  16 MB/s | 483 kB     00:00    [0m
2026-09-24T17:45:33.332941593Z Stdout: [2;37m[ DEBUG   ]: 17:45:33 | bootstrap: (93/102): rpm-build-libs-4.16.1.3-29.amzn2023.0 7.1 MB/s |  87 kB     00:00    [0m
2026-09-24T17:45:33.346124821Z Stdout: [2;37m[ DEBUG   ]: 17:45:33 | bootstrap: (94/102): rpm-libs-4.16.1.3-29.amzn2023.0.7.x86  24 MB/s | 308 kB     00:00    [0m
2026-09-24T17:45:33.359012640Z Stdout: [2;37m[ DEBUG   ]: 17:45:33 | bootstrap: (95/102): rpm-sign-libs-4.16.1.3-29.amzn2023.0. 1.6 MB/s |  18 kB     00:00    [0m
2026-09-24T17:45:33.371712347Z Stdout: [2;37m[ DEBUG   ]: 17:45:33 | bootstrap: (96/102): sed-4.8-7.amzn2023.0.2.x86_64.rpm      24 MB/s | 297 kB     00:00    [0m
2026-09-24T17:45:33.384396506Z Stdout: [2;37m[ DEBUG   ]: 17:45:33 | bootstrap: (97/102): setup-2.13.7-3.amzn2023.0.2.noarch.rp  12 MB/s | 141 kB     00:00    [0m
2026-09-24T17:45:33.397143320Z Stdout: [2;37m[ DEBUG   ]: 17:45:33 | bootstrap: (98/102): sqlite-libs-3.40.0-1.amzn2023.0.8.x86  45 MB/s | 659 kB     00:00    [0m
2026-09-24T17:45:33.409907036Z Stdout: [2;37m[ DEBUG   ]: 17:45:33 | bootstrap: (99/102): system-release-2023.12.20260918-0.amz 2.0 MB/s |  24 kB     00:00    [0m
2026-09-24T17:45:33.422656484Z Stdout: [2;37m[ DEBUG   ]: 17:45:33 | bootstrap: (100/102): tzdata-2026c-1.amzn2023.0.1.noarch.r  31 MB/s | 429 kB     00:00    [0m
2026-09-24T17:45:33.435435810Z Stdout: [2;37m[ DEBUG   ]: 17:45:33 | bootstrap: (101/102): xz-libs-5.2.5-9.amzn2023.0.2.x86_64. 8.8 MB/s |  93 kB     00:00    [0m
2026-09-24T17:45:33.448227244Z Stdout: [2;37m[ DEBUG   ]: 17:45:33 | bootstrap: (102/102): zlib-1.2.11-33.amzn2023.0.6.x86_64.r 8.3 MB/s |  92 kB     00:00    [0m
2026-09-24T17:45:33.461182905Z Stdout: [2;37m[ DEBUG   ]: 17:45:33 | bootstrap: --------------------------------------------------------------------------------[0m
2026-09-24T17:45:33.474099510Z Stdout: [2;37m[ DEBUG   ]: 17:45:33 | bootstrap: Total                                            50 MB/s |  41 MB     00:00     [0m
2026-09-24T17:45:33.486877978Z Stdout: [2;37m[ DEBUG   ]: 17:45:33 | bootstrap: 0fe36547f70d447dbb727161e90ce57e                1.7 MB/s | 1.8 kB     00:00    [0m
2026-09-24T17:45:33.491071632Z Stdout: [2;37m[ DEBUG   ]: 17:45:33 | bootstrap: Key imported successfully[0m
2026-09-24T17:45:33.495255273Z Stdout: [2;37m[ DEBUG   ]: 17:45:33 | bootstrap: Running transaction check[0m
2026-09-24T17:45:33.499915325Z Stdout: [2;37m[ DEBUG   ]: 17:45:33 | bootstrap: Transaction check succeeded.[0m
2026-09-24T17:45:33.503915160Z Stdout: [2;37m[ DEBUG   ]: 17:45:33 | bootstrap: Running transaction test[0m
2026-09-24T17:45:33.508426158Z Stdout: [2;37m[ DEBUG   ]: 17:45:33 | bootstrap: Transaction test succeeded.[0m
2026-09-24T17:45:33.511652905Z Stdout: [2;37m[ DEBUG   ]: 17:45:33 | bootstrap: Running transaction[0m
2026-09-24T17:45:33.524579210Z Stdout: [2;37m[ DEBUG   ]: 17:45:33 | bootstrap:   Running scriptlet: filesystem-3.14-5.amzn2023.0.3.x86_64                  1/1 [0m
2026-09-24T17:45:33.537529656Z Stdout: [2;37m[ DEBUG   ]: 17:45:33 | bootstrap:   Preparing        :                                                        1/1 [0m
2026-09-24T17:45:33.550432612Z Stdout: [2;37m[ DEBUG   ]: 17:45:33 | bootstrap:   Installing       : tzdata-2026c-1.amzn2023.0.1.noarch                   1/102 [0m
2026-09-24T17:45:33.563374085Z Stdout: [2;37m[ DEBUG   ]: 17:45:33 | bootstrap:   Installing       : python3-setuptools-wheel-59.6.0-2.amzn2023.0.6.n     2/102 [0m
2026-09-24T17:45:33.576320899Z Stdout: [2;37m[ DEBUG   ]: 17:45:33 | bootstrap:   Installing       : publicsuffix-list-dafsa-20260116-1.amzn2023.0.1.     3/102 [0m
2026-09-24T17:45:33.589246194Z Stdout: [2;37m[ DEBUG   ]: 17:45:33 | bootstrap:   Installing       : pcre2-syntax-10.40-1.amzn2023.0.3.noarch             4/102 [0m
2026-09-24T17:45:33.602179239Z Stdout: [2;37m[ DEBUG   ]: 17:45:33 | bootstrap:   Installing       : ncurses-base-6.6-1.amzn2023.0.1.noarch               5/102 [0m
2026-09-24T17:45:33.615120020Z Stdout: [2;37m[ DEBUG   ]: 17:45:33 | bootstrap:   Installing       : ncurses-libs-6.6-1.amzn2023.0.1.x86_64               6/102 [0m
2026-09-24T17:45:33.628085967Z Stdout: [2;37m[ DEBUG   ]: 17:45:33 | bootstrap:   Installing       : amazon-linux-repo-cdn-2023.12.20260918-0.amzn202     7/102 [0m
2026-09-24T17:45:33.641045315Z Stdout: [2;37m[ DEBUG   ]: 17:45:33 | bootstrap:   Installing       : bash-5.2.15-1.amzn2023.0.2.x86_64                    8/102 [0m
2026-09-24T17:45:33.653997763Z Stdout: [2;37m[ DEBUG   ]: 17:45:33 | bootstrap:   Running scriptlet: bash-5.2.15-1.amzn2023.0.2.x86_64                    8/102 [0m
2026-09-24T17:45:33.666949569Z Stdout: [2;37m[ DEBUG   ]: 17:45:33 | bootstrap:   Installing       : system-release-2023.12.20260918-0.amzn2023.noarc     9/102 [0m
2026-09-24T17:45:33.679897091Z Stdout: [ INFO    ]: Processing: [########                                ] 20%[2;37m[ DEBUG   ]: 17:45:33 | bootstrap:   Installing       : setup-2.13.7-3.amzn2023.0.2.noarch                  10/102 [0m
2026-09-24T17:45:33.687740767Z Stdout: [2;37m[ DEBUG   ]: 17:45:33 | bootstrap: warning: /etc/hosts created as /etc/hosts.rpmnew[0m
2026-09-24T17:45:33.700832732Z Stdout: [2;37m[ DEBUG   ]: 17:45:33 | bootstrap:   Running scriptlet: setup-2.13.7-3.amzn2023.0.2.noarch                  10/102 [0m
2026-09-24T17:45:33.713764278Z Stdout: [2;37m[ DEBUG   ]: 17:45:33 | bootstrap:   Installing       : filesystem-3.14-5.amzn2023.0.3.x86_64               11/102 [0m
2026-09-24T17:45:33.726681937Z Stdout: [2;37m[ DEBUG   ]: 17:45:33 | bootstrap:   Installing       : basesystem-11-11.amzn2023.0.2.noarch                12/102 [0m
2026-09-24T17:45:33.739607786Z Stdout: [2;37m[ DEBUG   ]: 17:45:33 | bootstrap:   Installing       : libgcc-14.2.1-7.amzn2023.0.2.x86_64                 13/102 [0m
2026-09-24T17:45:33.752489025Z Stdout: [2;37m[ DEBUG   ]: 17:45:33 | bootstrap:   Running scriptlet: libgcc-14.2.1-7.amzn2023.0.2.x86_64                 13/102 [0m
2026-09-24T17:45:33.765424358Z Stdout: [2;37m[ DEBUG   ]: 17:45:33 | bootstrap:   Installing       : glibc-minimal-langpack-2.34-231.amzn2023.0.5.x86    14/102 [0m
2026-09-24T17:45:33.779091183Z Stdout: [2;37m[ DEBUG   ]: 17:45:33 | bootstrap:   Installing       : glibc-common-2.34-231.amzn2023.0.5.x86_64           15/102 [0m
2026-09-24T17:45:33.792742966Z Stdout: [2;37m[ DEBUG   ]: 17:45:33 | bootstrap:   Running scriptlet: glibc-2.34-231.amzn2023.0.5.x86_64                  16/102 [0m
2026-09-24T17:45:33.806240198Z Stdout: [2;37m[ DEBUG   ]: 17:45:33 | bootstrap:   Installing       : glibc-2.34-231.amzn2023.0.5.x86_64                  16/102 [0m
2026-09-24T17:45:33.819915196Z Stdout: [2;37m[ DEBUG   ]: 17:45:33 | bootstrap:   Running scriptlet: glibc-2.34-231.amzn2023.0.5.x86_64                  16/102 [0m
2026-09-24T17:45:33.833637686Z Stdout: [2;37m[ DEBUG   ]: 17:45:33 | bootstrap:   Installing       : zlib-1.2.11-33.amzn2023.0.6.x86_64                  17/102 [0m
2026-09-24T17:45:33.847353750Z Stdout: [2;37m[ DEBUG   ]: 17:45:33 | bootstrap:   Installing       : xz-libs-5.2.5-9.amzn2023.0.2.x86_64                 18/102 [0m
2026-09-24T17:45:33.860942611Z Stdout: [2;37m[ DEBUG   ]: 17:45:33 | bootstrap:   Installing       : bzip2-libs-1.0.8-6.amzn2023.0.2.x86_64              19/102 [0m
2026-09-24T17:45:33.874183447Z Stdout: [2;37m[ DEBUG   ]: 17:45:33 | bootstrap:   Installing       : libacl-2.4.0-1.amzn2023.0.1.x86_64                  20/102 [0m
2026-09-24T17:45:33.887241152Z Stdout: [2;37m[ DEBUG   ]: 17:45:33 | bootstrap:   Installing       : libzstd-1.5.5-1.amzn2023.0.1.x86_64                 21/102 [0m
2026-09-24T17:45:33.900131191Z Stdout: [2;37m[ DEBUG   ]: 17:45:33 | bootstrap:   Installing       : sqlite-libs-3.40.0-1.amzn2023.0.8.x86_64            22/102 [0m
2026-09-24T17:45:33.912993442Z Stdout: [2;37m[ DEBUG   ]: 17:45:33 | bootstrap:   Installing       : libxml2-2.10.4-1.amzn2023.0.20.x86_64               23/102 [0m
2026-09-24T17:45:33.925948506Z Stdout: [2;37m[ DEBUG   ]: 17:45:33 | bootstrap:   Installing       : libcap-2.73-1.amzn2023.0.7.x86_64                   24/102 [0m
2026-09-24T17:45:33.938862448Z Stdout: [2;37m[ DEBUG   ]: 17:45:33 | bootstrap:   Installing       : libgpg-error-1.42-1.amzn2023.0.2.x86_64             25/102 [0m
2026-09-24T17:45:33.951796894Z Stdout: [2;37m[ DEBUG   ]: 17:45:33 | bootstrap:   Installing       : popt-1.18-6.amzn2023.0.2.x86_64                     26/102 [0m
2026-09-24T17:45:33.964717992Z Stdout: [2;37m[ DEBUG   ]: 17:45:33 | bootstrap:   Installing       : libffi-3.4.4-1.amzn2023.0.1.x86_64                  27/102 [0m
2026-09-24T17:45:33.977644114Z Stdout: [2;37m[ DEBUG   ]: 17:45:33 | bootstrap:   Installing       : libstdc++-14.2.1-7.amzn2023.0.2.x86_64              28/102 [0m
2026-09-24T17:45:33.990570603Z Stdout: [2;37m[ DEBUG   ]: 17:45:33 | bootstrap:   Installing       : libuuid-2.37.4-1.amzn2023.0.6.x86_64                29/102 [0m
2026-09-24T17:45:34.003440926Z Stdout: [2;37m[ DEBUG   ]: 17:45:34 | bootstrap:   Installing       : lua-libs-5.4.4-3.amzn2023.0.2.x86_64                30/102 [0m
2026-09-24T17:45:34.016368227Z Stdout: [2;37m[ DEBUG   ]: 17:45:34 | bootstrap:   Installing       : pcre2-10.40-1.amzn2023.0.3.x86_64                   31/102 [0m
2026-09-24T17:45:34.029287724Z Stdout: [2;37m[ DEBUG   ]: 17:45:34 | bootstrap:   Installing       : p11-kit-0.24.1-2.amzn2023.0.3.x86_64                32/102 [0m
2026-09-24T17:45:34.042163990Z Stdout: [2;37m[ DEBUG   ]: 17:45:34 | bootstrap:   Installing       : libassuan-2.5.5-1.amzn2023.0.2.x86_64               33/102 [0m
2026-09-24T17:45:34.055097660Z Stdout: [2;37m[ DEBUG   ]: 17:45:34 | bootstrap:   Installing       : elfutils-libelf-0.188-3.amzn2023.0.3.x86_64         34/102 [0m
2026-09-24T17:45:34.068021031Z Stdout: [2;37m[ DEBUG   ]: 17:45:34 | bootstrap:   Installing       : file-libs-5.39-7.amzn2023.0.4.x86_64                35/102 [0m
2026-09-24T17:45:34.080933614Z Stdout: [2;37m[ DEBUG   ]: 17:45:34 | bootstrap:   Installing       : expat-2.8.3-1.amzn2023.0.1.x86_64                   36/102 [0m
2026-09-24T17:45:34.093856080Z Stdout: [2;37m[ DEBUG   ]: 17:45:34 | bootstrap:   Installing       : libsmartcols-2.37.4-1.amzn2023.0.6.x86_64           37/102 [0m
2026-09-24T17:45:34.381296357Z Stdout: [2;37m[ DEBUG   ]: 17:45:34 | bootstrap:   Installing       : libunistring-0.9.10-10.amzn2023.0.2.x86_64          38/102 [0m
2026-09-24T17:45:34.394458381Z Stdout: [2;37m[ DEBUG   ]: 17:45:34 | bootstrap:   Installing       : libidn2-2.3.2-1.amzn2023.0.5.x86_64                 39/102 [0m
2026-09-24T17:45:34.407397496Z Stdout: [2;37m[ DEBUG   ]: 17:45:34 | bootstrap:   Installing       : readline-8.1-2.amzn2023.0.2.x86_64                  40/102 [0m
2026-09-24T17:45:34.420328344Z Stdout: [2;37m[ DEBUG   ]: 17:45:34 | bootstrap:   Installing       : crypto-policies-20260224-1.gitea0f072.amzn2023.0    41/102 [0m
2026-09-24T17:45:34.433260591Z Stdout: [2;37m[ DEBUG   ]: 17:45:34 | bootstrap:   Running scriptlet: crypto-policies-20260224-1.gitea0f072.amzn2023.0    41/102 [0m
2026-09-24T17:45:34.446167072Z Stdout: [2;37m[ DEBUG   ]: 17:45:34 | bootstrap:   Installing       : libpsl-0.21.5-1.amzn2023.0.1.x86_64                 42/102 [0m
2026-09-24T17:45:34.459037408Z Stdout: [2;37m[ DEBUG   ]: 17:45:34 | bootstrap:   Installing       : libcomps-0.1.20-1.amzn2023.x86_64                   43/102 [0m
2026-09-24T17:45:34.471985244Z Stdout: [2;37m[ DEBUG   ]: 17:45:34 | bootstrap:   Installing       : grep-3.8-1.amzn2023.0.4.x86_64                      44/102 [0m
2026-09-24T17:45:34.484870187Z Stdout: [2;37m[ DEBUG   ]: 17:45:34 | bootstrap:   Installing       : libgcrypt-1.10.2-1.amzn2023.0.3.x86_64              45/102 [0m
2026-09-24T17:45:34.497851504Z Stdout: [2;37m[ DEBUG   ]: 17:45:34 | bootstrap:   Installing       : alternatives-1.15-2.amzn2023.0.2.x86_64             46/102 [0m
2026-09-24T17:45:34.510933303Z Stdout: [2;37m[ DEBUG   ]: 17:45:34 | bootstrap:   Installing       : gdbm-libs-1:1.19-2.amzn2023.0.2.x86_64              47/102 [0m
2026-09-24T17:45:34.523736434Z Stdout: [2;37m[ DEBUG   ]: 17:45:34 | bootstrap:   Installing       : gmp-1:6.2.1-2.amzn2023.0.2.x86_64                   48/102 [0m
2026-09-24T17:45:34.536646592Z Stdout: [2;37m[ DEBUG   ]: 17:45:34 | bootstrap:   Installing       : json-c-0.14-8.amzn2023.0.2.x86_64                   49/102 [0m
2026-09-24T17:45:34.549632875Z Stdout: [2;37m[ DEBUG   ]: 17:45:34 | bootstrap:   Installing       : keyutils-libs-1.6.3-1.amzn2023.0.2.x86_64           50/102 [0m
2026-09-24T17:45:34.563211448Z Stdout: [2;37m[ DEBUG   ]: 17:45:34 | bootstrap:   Installing       : libattr-2.5.1-3.amzn2023.0.2.x86_64                 51/102 [0m
2026-09-24T17:45:34.576968570Z Stdout: [2;37m[ DEBUG   ]: 17:45:34 | bootstrap:   Installing       : libcap-ng-0.8.2-4.amzn2023.0.2.x86_64               52/102 [0m
2026-09-24T17:45:34.590607510Z Stdout: [2;37m[ DEBUG   ]: 17:45:34 | bootstrap:   Installing       : audit-libs-3.1.5-1.amzn2023.0.2.x86_64              53/102 [0m
2026-09-24T17:45:34.604369776Z Stdout: [2;37m[ DEBUG   ]: 17:45:34 | bootstrap:   Installing       : libcom_err-1.46.5-2.amzn2023.0.2.x86_64             54/102 [0m
2026-09-24T17:45:34.617967350Z Stdout: [2;37m[ DEBUG   ]: 17:45:34 | bootstrap:   Installing       : libgomp-14.2.1-7.amzn2023.0.2.x86_64                55/102 [0m
2026-09-24T17:45:34.631656165Z Stdout: [2;37m[ DEBUG   ]: 17:45:34 | bootstrap:   Installing       : libnghttp2-1.59.0-3.amzn2023.0.2.x86_64             56/102 [0m
2026-09-24T17:45:34.645254009Z Stdout: [2;37m[ DEBUG   ]: 17:45:34 | bootstrap:   Installing       : libsepol-3.4-3.amzn2023.0.3.x86_64                  57/102 [0m
2026-09-24T17:45:34.658953139Z Stdout: [2;37m[ DEBUG   ]: 17:45:34 | bootstrap:   Installing       : libselinux-3.4-5.amzn2023.0.2.x86_64                58/102 [0m
2026-09-24T17:45:34.672623637Z Stdout: [2;37m[ DEBUG   ]: 17:45:34 | bootstrap:   Installing       : sed-4.8-7.amzn2023.0.2.x86_64                       59/102 [0m
2026-09-24T17:45:34.686207067Z Stdout: [2;37m[ DEBUG   ]: 17:45:34 | bootstrap:   Installing       : libtasn1-4.19.0-1.amzn2023.0.6.x86_64               60/102 [0m
2026-09-24T17:45:34.699924346Z Stdout: [2;37m[ DEBUG   ]: 17:45:34 | bootstrap:   Installing       : p11-kit-trust-0.24.1-2.amzn2023.0.3.x86_64          61/102 [0m
2026-09-24T17:45:34.713650844Z Stdout: [2;37m[ DEBUG   ]: 17:45:34 | bootstrap:   Running scriptlet: p11-kit-trust-0.24.1-2.amzn2023.0.3.x86_64          61/102 [0m
2026-09-24T17:45:34.727213509Z Stdout: [2;37m[ DEBUG   ]: 17:45:34 | bootstrap:   Installing       : libverto-0.3.2-1.amzn2023.0.2.x86_64                62/102 [0m
2026-09-24T17:45:34.740878428Z Stdout: [2;37m[ DEBUG   ]: 17:45:34 | bootstrap:   Installing       : libxcrypt-4.4.33-7.amzn2023.x86_64                  63/102 [0m
2026-09-24T17:45:34.754299860Z Stdout: [2;37m[ DEBUG   ]: 17:45:34 | bootstrap:   Installing       : libyaml-0.2.5-5.amzn2023.0.2.x86_64                 64/102 [0m
2026-09-24T17:45:34.767898677Z Stdout: [2;37m[ DEBUG   ]: 17:45:34 | bootstrap:   Installing       : lz4-libs-1.9.4-1.amzn2023.0.3.x86_64                65/102 [0m
2026-09-24T17:45:34.780939094Z Stdout: [2;37m[ DEBUG   ]: 17:45:34 | bootstrap:   Installing       : npth-1.6-6.amzn2023.0.2.x86_64                      66/102 [0m
2026-09-24T17:45:34.793937707Z Stdout: [2;37m[ DEBUG   ]: 17:45:34 | bootstrap:   Installing       : gnupg2-minimal-2.3.7-1.amzn2023.0.9.x86_64          67/102 [0m
2026-09-24T17:45:34.806981019Z Stdout: [ INFO    ]: Processing: [################                        ] 40%[2;37m[ DEBUG   ]: 17:45:34 | bootstrap:   Installing       : gpgme-1.23.2-182.amzn2023.0.1.x86_64                68/102 [0m
2026-09-24T17:45:34.819793180Z Stdout: [2;37m[ DEBUG   ]: 17:45:34 | bootstrap:   Installing       : elfutils-default-yama-scope-0.188-3.amzn2023.0.3    69/102 [0m
2026-09-24T17:45:34.832615812Z Stdout: [2;37m[ DEBUG   ]: 17:45:34 | bootstrap:   Running scriptlet: elfutils-default-yama-scope-0.188-3.amzn2023.0.3    69/102 [0m
2026-09-24T17:45:34.845525997Z Stdout: [2;37m[ DEBUG   ]: 17:45:34 | bootstrap:   Installing       : elfutils-libs-0.188-3.amzn2023.0.3.x86_64           70/102 [0m
2026-09-24T17:45:34.858480124Z Stdout: [2;37m[ DEBUG   ]: 17:45:34 | bootstrap:   Installing       : libreport-filesystem-2.15.2-2.amzn2023.0.2.noarc    71/102 [0m
2026-09-24T17:45:34.871399039Z Stdout: [2;37m[ DEBUG   ]: 17:45:34 | bootstrap:   Installing       : dnf-data-4.14.0-1.amzn2023.0.7.noarch               72/102 [0m
2026-09-24T17:45:34.884343637Z Stdout: [ INFO    ]: Processing: [########################                ] 60%[2;37m[ DEBUG   ]: 17:45:34 | bootstrap:   Installing       : coreutils-common-8.32-30.amzn2023.0.5.x86_64        73/102 [0m
2026-09-24T17:45:34.897248659Z Stdout: [2;37m[ DEBUG   ]: 17:45:34 | bootstrap:   Installing       : openssl-fips-provider-latest-1:3.5.8-1.amzn2023.    74/102 [0m
2026-09-24T17:45:34.910432303Z Stdout: [2;37m[ DEBUG   ]: 17:45:34 | bootstrap:   Installing       : openssl-libs-1:3.5.8-1.amzn2023.0.1.x86_64          75/102 [0m
2026-09-24T17:45:34.923414232Z Stdout: [2;37m[ DEBUG   ]: 17:45:34 | bootstrap:   Installing       : coreutils-8.32-30.amzn2023.0.5.x86_64               76/102 [0m
2026-09-24T17:45:34.936321779Z Stdout: [2;37m[ DEBUG   ]: 17:45:34 | bootstrap:   Running scriptlet: ca-certificates-2025.2.76-1.0.amzn2023.0.3.noarc    77/102 [0m
2026-09-24T17:45:34.949238452Z Stdout: [2;37m[ DEBUG   ]: 17:45:34 | bootstrap:   Installing       : ca-certificates-2025.2.76-1.0.amzn2023.0.3.noarc    77/102 [0m
2026-09-24T17:45:34.962171216Z Stdout: [2;37m[ DEBUG   ]: 17:45:34 | bootstrap:   Running scriptlet: ca-certificates-2025.2.76-1.0.amzn2023.0.3.noarc    77/102 [0m
2026-09-24T17:45:34.975157811Z Stdout: [2;37m[ DEBUG   ]: 17:45:34 | bootstrap:   Installing       : python3-pip-wheel-21.3.1-2.amzn2023.0.21.noarch     78/102 [0m
2026-09-24T17:45:35.202070406Z Stdout: [2;37m[ DEBUG   ]: 17:45:35 | bootstrap:   Installing       : python3-3.9.25-1.amzn2023.0.9.x86_64                79/102 [0m
2026-09-24T17:45:35.215148549Z Stdout: [2;37m[ DEBUG   ]: 17:45:35 | bootstrap:   Installing       : python3-libs-3.9.25-1.amzn2023.0.9.x86_64           80/102 [0m
2026-09-24T17:45:35.228054916Z Stdout: [2;37m[ DEBUG   ]: 17:45:35 | bootstrap:   Installing       : python3-libcomps-0.1.20-1.amzn2023.x86_64           81/102 [0m
2026-09-24T17:45:35.241366236Z Stdout: [2;37m[ DEBUG   ]: 17:45:35 | bootstrap:   Installing       : python3-gpg-1.23.2-182.amzn2023.0.1.x86_64          82/102 [0m
2026-09-24T17:45:35.254411642Z Stdout: [2;37m[ DEBUG   ]: 17:45:35 | bootstrap:   Installing       : krb5-libs-1.21.3-8.amzn2023.0.1.x86_64              83/102 [0m
2026-09-24T17:45:35.267442342Z Stdout: [2;37m[ DEBUG   ]: 17:45:35 | bootstrap:   Installing       : libcurl-minimal-8.21.0-5.amzn2023.0.1.x86_64        84/102 [0m
2026-09-24T17:45:35.280429393Z Stdout: [ INFO    ]: Processing: [################################        ] 80%[2;37m[ DEBUG   ]: 17:45:35 | bootstrap:   Installing       : curl-minimal-8.21.0-5.amzn2023.0.1.x86_64           85/102 [0m
2026-09-24T17:45:35.293308299Z Stdout: [ INFO    ]: Processing: [########################################] 100%[2;37m[ DEBUG   ]: 17:45:35 | bootstrap:   Installing       : libblkid-2.37.4-1.amzn2023.0.6.x86_64               86/102 [0m
2026-09-24T17:45:35.306211329Z Stdout: [2;37m[ DEBUG   ]: 17:45:35 | bootstrap:   Running scriptlet: libblkid-2.37.4-1.amzn2023.0.6.x86_64               86/102 [0m
2026-09-24T17:45:35.319252391Z Stdout: [2;37m[ DEBUG   ]: 17:45:35 | bootstrap:   Installing       : libmount-2.37.4-1.amzn2023.0.6.x86_64               87/102 [0m
2026-09-24T17:45:35.332140540Z Stdout: [2;37m[ DEBUG   ]: 17:45:35 | bootstrap:   Installing       : glib2-2.82.2-771.amzn2023.x86_64                    88/102 [0m
2026-09-24T17:45:35.345089902Z Stdout: [2;37m[ DEBUG   ]: 17:45:35 | bootstrap:   Installing       : librepo-1.14.5-2.amzn2023.0.2.x86_64                89/102 [0m
2026-09-24T17:45:35.358427048Z Stdout: [2;37m[ DEBUG   ]: 17:45:35 | bootstrap:   Installing       : libarchive-3.7.4-2.amzn2023.0.4.x86_64              90/102 [0m
2026-09-24T17:45:35.371486483Z Stdout: [2;37m[ DEBUG   ]: 17:45:35 | bootstrap:   Installing       : rpm-4.16.1.3-29.amzn2023.0.7.x86_64                 91/102 [0m
2026-09-24T17:45:35.384500067Z Stdout: [2;37m[ DEBUG   ]: 17:45:35 | bootstrap:   Installing       : rpm-libs-4.16.1.3-29.amzn2023.0.7.x86_64            92/102 [0m
2026-09-24T17:45:35.397465182Z Stdout: [2;37m[ DEBUG   ]: 17:45:35 | bootstrap:   Installing       : libmodulemd-2.13.0-2.amzn2023.0.2.x86_64            93/102 [0m
2026-09-24T17:45:35.410403993Z Stdout: [2;37m[ DEBUG   ]: 17:45:35 | bootstrap:   Installing       : libsolv-0.7.22-1.amzn2023.0.4.x86_64                94/102 [0m
2026-09-24T17:45:35.423291963Z Stdout: [2;37m[ DEBUG   ]: 17:45:35 | bootstrap:   Installing       : libdnf-0.69.0-8.amzn2023.0.8.x86_64                 95/102 [0m
2026-09-24T17:45:35.436189026Z Stdout: [2;37m[ DEBUG   ]: 17:45:35 | bootstrap:   Installing       : python3-libdnf-0.69.0-8.amzn2023.0.8.x86_64         96/102 [0m
2026-09-24T17:45:35.449123955Z Stdout: [2;37m[ DEBUG   ]: 17:45:35 | bootstrap:   Installing       : python3-hawkey-0.69.0-8.amzn2023.0.8.x86_64         97/102 [0m
2026-09-24T17:45:35.462054530Z Stdout: [2;37m[ DEBUG   ]: 17:45:35 | bootstrap:   Installing       : rpm-build-libs-4.16.1.3-29.amzn2023.0.7.x86_64      98/102 [0m
2026-09-24T17:45:35.475060735Z Stdout: [2;37m[ DEBUG   ]: 17:45:35 | bootstrap:   Installing       : rpm-sign-libs-4.16.1.3-29.amzn2023.0.7.x86_64       99/102 [0m
2026-09-24T17:45:35.488070503Z Stdout: [2;37m[ DEBUG   ]: 17:45:35 | bootstrap:   Installing       : python3-rpm-4.16.1.3-29.amzn2023.0.7.x86_64        100/102 [0m
2026-09-24T17:45:35.501099512Z Stdout: [2;37m[ DEBUG   ]: 17:45:35 | bootstrap:   Installing       : python3-dnf-4.14.0-1.amzn2023.0.7.noarch           101/102 [0m
2026-09-24T17:45:35.514057463Z Stdout: [2;37m[ DEBUG   ]: 17:45:35 | bootstrap:   Installing       : dnf-4.14.0-1.amzn2023.0.7.noarch                   102/102 [0m
2026-09-24T17:45:35.524412623Z Stdout: [2;37m[ DEBUG   ]: 17:45:35 | bootstrap:   Running scriptlet: dnf-4.14.0-1.amzn2023.0.7.noarch                   102/102 [0m
2026-09-24T17:45:35.524641242Z Stdout: [2;37m[ DEBUG   ]: 17:45:35 | bootstrap:   Running scriptlet: filesystem-3.14-5.amzn2023.0.3.x86_64              102/102 [0m
2026-09-24T17:45:35.524935777Z Stdout: [2;37m[ DEBUG   ]: 17:45:35 | bootstrap:   Running scriptlet: ca-certificates-2025.2.76-1.0.amzn2023.0.3.noarc   102/102 [0m
2026-09-24T17:45:35.525224190Z Stdout: [2;37m[ DEBUG   ]: 17:45:35 | bootstrap:   Running scriptlet: rpm-4.16.1.3-29.amzn2023.0.7.x86_64                102/102 [0m
2026-09-24T17:45:35.525519470Z Stdout: [2;37m[ DEBUG   ]: 17:45:35 | bootstrap:   Running scriptlet: dnf-4.14.0-1.amzn2023.0.7.noarch                   102/102 [0m
2026-09-24T17:45:35.525815428Z Stdout: [2;37m[ DEBUG   ]: 17:45:35 | bootstrap:   Verifying        : alternatives-1.15-2.amzn2023.0.2.x86_64              1/102 [0m
2026-09-24T17:45:35.526107844Z Stdout: [2;37m[ DEBUG   ]: 17:45:35 | bootstrap:   Verifying        : amazon-linux-repo-cdn-2023.12.20260918-0.amzn202     2/102 [0m
2026-09-24T17:45:35.526404898Z Stdout: [2;37m[ DEBUG   ]: 17:45:35 | bootstrap:   Verifying        : audit-libs-3.1.5-1.amzn2023.0.2.x86_64               3/102 [0m
2026-09-24T17:45:35.526735300Z Stdout: [2;37m[ DEBUG   ]: 17:45:35 | bootstrap:   Verifying        : basesystem-11-11.amzn2023.0.2.noarch                 4/102 [0m
2026-09-24T17:45:35.527201569Z Stdout: [2;37m[ DEBUG   ]: 17:45:35 | bootstrap:   Verifying        : bash-5.2.15-1.amzn2023.0.2.x86_64                    5/102 [0m
2026-09-24T17:45:35.527580332Z Stdout: [2;37m[ DEBUG   ]: 17:45:35 | bootstrap:   Verifying        : bzip2-libs-1.0.8-6.amzn2023.0.2.x86_64               6/102 [0m
2026-09-24T17:45:35.527874777Z Stdout: [2;37m[ DEBUG   ]: 17:45:35 | bootstrap:   Verifying        : ca-certificates-2025.2.76-1.0.amzn2023.0.3.noarc     7/102 [0m
2026-09-24T17:45:35.528171464Z Stdout: [2;37m[ DEBUG   ]: 17:45:35 | bootstrap:   Verifying        : coreutils-8.32-30.amzn2023.0.5.x86_64                8/102 [0m
2026-09-24T17:45:35.528466046Z Stdout: [2;37m[ DEBUG   ]: 17:45:35 | bootstrap:   Verifying        : coreutils-common-8.32-30.amzn2023.0.5.x86_64         9/102 [0m
2026-09-24T17:45:35.528729336Z Stdout: [2;37m[ DEBUG   ]: 17:45:35 | bootstrap:   Verifying        : crypto-policies-20260224-1.gitea0f072.amzn2023.0    10/102 [0m
2026-09-24T17:45:35.529031613Z Stdout: [2;37m[ DEBUG   ]: 17:45:35 | bootstrap:   Verifying        : curl-minimal-8.21.0-5.amzn2023.0.1.x86_64           11/102 [0m
2026-09-24T17:45:35.529165171Z Stdout: [2;37m[ DEBUG   ]: 17:45:35 | bootstrap:   Verifying        : dnf-4.14.0-1.amzn2023.0.7.noarch                    12/102 [0m
2026-09-24T17:45:35.529459023Z Stdout: [2;37m[ DEBUG   ]: 17:45:35 | bootstrap:   Verifying        : dnf-data-4.14.0-1.amzn2023.0.7.noarch               13/102 [0m
2026-09-24T17:45:35.529754293Z Stdout: [2;37m[ DEBUG   ]: 17:45:35 | bootstrap:   Verifying        : elfutils-default-yama-scope-0.188-3.amzn2023.0.3    14/102 [0m
2026-09-24T17:45:35.530048787Z Stdout: [2;37m[ DEBUG   ]: 17:45:35 | bootstrap:   Verifying        : elfutils-libelf-0.188-3.amzn2023.0.3.x86_64         15/102 [0m
2026-09-24T17:45:35.530500074Z Stdout: [2;37m[ DEBUG   ]: 17:45:35 | bootstrap:   Verifying        : elfutils-libs-0.188-3.amzn2023.0.3.x86_64           16/102 [0m
2026-09-24T17:45:35.530664827Z Stdout: [2;37m[ DEBUG   ]: 17:45:35 | bootstrap:   Verifying        : expat-2.8.3-1.amzn2023.0.1.x86_64                   17/102 [0m
2026-09-24T17:45:35.530980319Z Stdout: [2;37m[ DEBUG   ]: 17:45:35 | bootstrap:   Verifying        : file-libs-5.39-7.amzn2023.0.4.x86_64                18/102 [0m
2026-09-24T17:45:35.531498860Z Stdout: [2;37m[ DEBUG   ]: 17:45:35 | bootstrap:   Verifying        : filesystem-3.14-5.amzn2023.0.3.x86_64               19/102 [0m
2026-09-24T17:45:35.531614897Z Stdout: [2;37m[ DEBUG   ]: 17:45:35 | bootstrap:   Verifying        : gdbm-libs-1:1.19-2.amzn2023.0.2.x86_64              20/102 [0m
2026-09-24T17:45:35.532033126Z Stdout: [2;37m[ DEBUG   ]: 17:45:35 | bootstrap:   Verifying        : glib2-2.82.2-771.amzn2023.x86_64                    21/102 [0m
2026-09-24T17:45:35.532350864Z Stdout: [2;37m[ DEBUG   ]: 17:45:35 | bootstrap:   Verifying        : glibc-2.34-231.amzn2023.0.5.x86_64                  22/102 [0m
2026-09-24T17:45:35.532636970Z Stdout: [2;37m[ DEBUG   ]: 17:45:35 | bootstrap:   Verifying        : glibc-common-2.34-231.amzn2023.0.5.x86_64           23/102 [0m
2026-09-24T17:45:35.532934244Z Stdout: [2;37m[ DEBUG   ]: 17:45:35 | bootstrap:   Verifying        : glibc-minimal-langpack-2.34-231.amzn2023.0.5.x86    24/102 [0m
2026-09-24T17:45:35.533220708Z Stdout: [2;37m[ DEBUG   ]: 17:45:35 | bootstrap:   Verifying        : gmp-1:6.2.1-2.amzn2023.0.2.x86_64                   25/102 [0m
2026-09-24T17:45:35.533507579Z Stdout: [2;37m[ DEBUG   ]: 17:45:35 | bootstrap:   Verifying        : gnupg2-minimal-2.3.7-1.amzn2023.0.9.x86_64          26/102 [0m
2026-09-24T17:45:35.533674731Z Stdout: [2;37m[ DEBUG   ]: 17:45:35 | bootstrap:   Verifying        : gpgme-1.23.2-182.amzn2023.0.1.x86_64                27/102 [0m
2026-09-24T17:45:35.533971852Z Stdout: [2;37m[ DEBUG   ]: 17:45:35 | bootstrap:   Verifying        : grep-3.8-1.amzn2023.0.4.x86_64                      28/102 [0m
2026-09-24T17:45:35.534260932Z Stdout: [2;37m[ DEBUG   ]: 17:45:35 | bootstrap:   Verifying        : json-c-0.14-8.amzn2023.0.2.x86_64                   29/102 [0m
2026-09-24T17:45:35.534892287Z Stdout: [2;37m[ DEBUG   ]: 17:45:35 | bootstrap:   Verifying        : keyutils-libs-1.6.3-1.amzn2023.0.2.x86_64           30/102 [0m
2026-09-24T17:45:35.534900458Z Stdout: [2;37m[ DEBUG   ]: 17:45:35 | bootstrap:   Verifying        : krb5-libs-1.21.3-8.amzn2023.0.1.x86_64              31/102 [0m
2026-09-24T17:45:35.535405048Z Stdout: [2;37m[ DEBUG   ]: 17:45:35 | bootstrap:   Verifying        : libacl-2.4.0-1.amzn2023.0.1.x86_64                  32/102 [0m
2026-09-24T17:45:35.535826022Z Stdout: [2;37m[ DEBUG   ]: 17:45:35 | bootstrap:   Verifying        : libarchive-3.7.4-2.amzn2023.0.4.x86_64              33/102 [0m
2026-09-24T17:45:35.535831531Z Stdout: [2;37m[ DEBUG   ]: 17:45:35 | bootstrap:   Verifying        : libassuan-2.5.5-1.amzn2023.0.2.x86_64               34/102 [0m
2026-09-24T17:45:35.536290304Z Stdout: [2;37m[ DEBUG   ]: 17:45:35 | bootstrap:   Verifying        : libattr-2.5.1-3.amzn2023.0.2.x86_64                 35/102 [0m
2026-09-24T17:45:35.536418467Z Stdout: [2;37m[ DEBUG   ]: 17:45:35 | bootstrap:   Verifying        : libblkid-2.37.4-1.amzn2023.0.6.x86_64               36/102 [0m
2026-09-24T17:45:35.536710071Z Stdout: [2;37m[ DEBUG   ]: 17:45:35 | bootstrap:   Verifying        : libcap-2.73-1.amzn2023.0.7.x86_64                   37/102 [0m
2026-09-24T17:45:35.537001478Z Stdout: [2;37m[ DEBUG   ]: 17:45:35 | bootstrap:   Verifying        : libcap-ng-0.8.2-4.amzn2023.0.2.x86_64               38/102 [0m
2026-09-24T17:45:35.537291659Z Stdout: [2;37m[ DEBUG   ]: 17:45:35 | bootstrap:   Verifying        : libcom_err-1.46.5-2.amzn2023.0.2.x86_64             39/102 [0m
2026-09-24T17:45:35.537586055Z Stdout: [2;37m[ DEBUG   ]: 17:45:35 | bootstrap:   Verifying        : libcomps-0.1.20-1.amzn2023.x86_64                   40/102 [0m
2026-09-24T17:45:35.537880772Z Stdout: [2;37m[ DEBUG   ]: 17:45:35 | bootstrap:   Verifying        : libcurl-minimal-8.21.0-5.amzn2023.0.1.x86_64        41/102 [0m
2026-09-24T17:45:35.538174196Z Stdout: [2;37m[ DEBUG   ]: 17:45:35 | bootstrap:   Verifying        : libdnf-0.69.0-8.amzn2023.0.8.x86_64                 42/102 [0m
2026-09-24T17:45:35.538481884Z Stdout: [2;37m[ DEBUG   ]: 17:45:35 | bootstrap:   Verifying        : libffi-3.4.4-1.amzn2023.0.1.x86_64                  43/102 [0m
2026-09-24T17:45:35.538802417Z Stdout: [2;37m[ DEBUG   ]: 17:45:35 | bootstrap:   Verifying        : libgcc-14.2.1-7.amzn2023.0.2.x86_64                 44/102 [0m
2026-09-24T17:45:35.539089190Z Stdout: [2;37m[ DEBUG   ]: 17:45:35 | bootstrap:   Verifying        : libgcrypt-1.10.2-1.amzn2023.0.3.x86_64              45/102 [0m
2026-09-24T17:45:35.539384979Z Stdout: [2;37m[ DEBUG   ]: 17:45:35 | bootstrap:   Verifying        : libgomp-14.2.1-7.amzn2023.0.2.x86_64                46/102 [0m
2026-09-24T17:45:35.539671691Z Stdout: [2;37m[ DEBUG   ]: 17:45:35 | bootstrap:   Verifying        : libgpg-error-1.42-1.amzn2023.0.2.x86_64             47/102 [0m
2026-09-24T17:45:35.539962172Z Stdout: [2;37m[ DEBUG   ]: 17:45:35 | bootstrap:   Verifying        : libidn2-2.3.2-1.amzn2023.0.5.x86_64                 48/102 [0m
2026-09-24T17:45:35.540259916Z Stdout: [2;37m[ DEBUG   ]: 17:45:35 | bootstrap:   Verifying        : libmodulemd-2.13.0-2.amzn2023.0.2.x86_64            49/102 [0m
2026-09-24T17:45:35.540553083Z Stdout: [2;37m[ DEBUG   ]: 17:45:35 | bootstrap:   Verifying        : libmount-2.37.4-1.amzn2023.0.6.x86_64               50/102 [0m
2026-09-24T17:45:35.540848036Z Stdout: [2;37m[ DEBUG   ]: 17:45:35 | bootstrap:   Verifying        : libnghttp2-1.59.0-3.amzn2023.0.2.x86_64             51/102 [0m
2026-09-24T17:45:35.541167040Z Stdout: [2;37m[ DEBUG   ]: 17:45:35 | bootstrap:   Verifying        : libpsl-0.21.5-1.amzn2023.0.1.x86_64                 52/102 [0m
2026-09-24T17:45:35.541458376Z Stdout: [2;37m[ DEBUG   ]: 17:45:35 | bootstrap:   Verifying        : librepo-1.14.5-2.amzn2023.0.2.x86_64                53/102 [0m
2026-09-24T17:45:35.541755870Z Stdout: [2;37m[ DEBUG   ]: 17:45:35 | bootstrap:   Verifying        : libreport-filesystem-2.15.2-2.amzn2023.0.2.noarc    54/102 [0m
2026-09-24T17:45:35.542052091Z Stdout: [2;37m[ DEBUG   ]: 17:45:35 | bootstrap:   Verifying        : libselinux-3.4-5.amzn2023.0.2.x86_64                55/102 [0m
2026-09-24T17:45:35.542346988Z Stdout: [2;37m[ DEBUG   ]: 17:45:35 | bootstrap:   Verifying        : libsepol-3.4-3.amzn2023.0.3.x86_64                  56/102 [0m
2026-09-24T17:45:35.542815535Z Stdout: [2;37m[ DEBUG   ]: 17:45:35 | bootstrap:   Verifying        : libsmartcols-2.37.4-1.amzn2023.0.6.x86_64           57/102 [0m
2026-09-24T17:45:35.543102064Z Stdout: [2;37m[ DEBUG   ]: 17:45:35 | bootstrap:   Verifying        : libsolv-0.7.22-1.amzn2023.0.4.x86_64                58/102 [0m
2026-09-24T17:45:35.543440018Z Stdout: [2;37m[ DEBUG   ]: 17:45:35 | bootstrap:   Verifying        : libstdc++-14.2.1-7.amzn2023.0.2.x86_64              59/102 [0m
2026-09-24T17:45:35.543792410Z Stdout: [2;37m[ DEBUG   ]: 17:45:35 | bootstrap:   Verifying        : libtasn1-4.19.0-1.amzn2023.0.6.x86_64               60/102 [0m
2026-09-24T17:45:35.544083341Z Stdout: [2;37m[ DEBUG   ]: 17:45:35 | bootstrap:   Verifying        : libunistring-0.9.10-10.amzn2023.0.2.x86_64          61/102 [0m
2026-09-24T17:45:35.544199355Z Stdout: [2;37m[ DEBUG   ]: 17:45:35 | bootstrap:   Verifying        : libuuid-2.37.4-1.amzn2023.0.6.x86_64                62/102 [0m
2026-09-24T17:45:35.544492017Z Stdout: [2;37m[ DEBUG   ]: 17:45:35 | bootstrap:   Verifying        : libverto-0.3.2-1.amzn2023.0.2.x86_64                63/102 [0m
2026-09-24T17:45:35.544785872Z Stdout: [2;37m[ DEBUG   ]: 17:45:35 | bootstrap:   Verifying        : libxcrypt-4.4.33-7.amzn2023.x86_64                  64/102 [0m
2026-09-24T17:45:35.545221031Z Stdout: [2;37m[ DEBUG   ]: 17:45:35 | bootstrap:   Verifying        : libxml2-2.10.4-1.amzn2023.0.20.x86_64               65/102 [0m
2026-09-24T17:45:35.545579428Z Stdout: [2;37m[ DEBUG   ]: 17:45:35 | bootstrap:   Verifying        : libyaml-0.2.5-5.amzn2023.0.2.x86_64                 66/102 [0m
2026-09-24T17:45:35.545855663Z Stdout: [2;37m[ DEBUG   ]: 17:45:35 | bootstrap:   Verifying        : libzstd-1.5.5-1.amzn2023.0.1.x86_64                 67/102 [0m
2026-09-24T17:45:35.546108730Z Stdout: [2;37m[ DEBUG   ]: 17:45:35 | bootstrap:   Verifying        : lua-libs-5.4.4-3.amzn2023.0.2.x86_64                68/102 [0m
2026-09-24T17:45:35.546418976Z Stdout: [2;37m[ DEBUG   ]: 17:45:35 | bootstrap:   Verifying        : lz4-libs-1.9.4-1.amzn2023.0.3.x86_64                69/102 [0m
2026-09-24T17:45:35.546561329Z Stdout: [2;37m[ DEBUG   ]: 17:45:35 | bootstrap:   Verifying        : ncurses-base-6.6-1.amzn2023.0.1.noarch              70/102 [0m
2026-09-24T17:45:35.546865404Z Stdout: [2;37m[ DEBUG   ]: 17:45:35 | bootstrap:   Verifying        : ncurses-libs-6.6-1.amzn2023.0.1.x86_64              71/102 [0m
2026-09-24T17:45:35.547151342Z Stdout: [2;37m[ DEBUG   ]: 17:45:35 | bootstrap:   Verifying        : npth-1.6-6.amzn2023.0.2.x86_64                      72/102 [0m
2026-09-24T17:45:35.547438756Z Stdout: [2;37m[ DEBUG   ]: 17:45:35 | bootstrap:   Verifying        : openssl-fips-provider-latest-1:3.5.8-1.amzn2023.    73/102 [0m
2026-09-24T17:45:35.547725718Z Stdout: [2;37m[ DEBUG   ]: 17:45:35 | bootstrap:   Verifying        : openssl-libs-1:3.5.8-1.amzn2023.0.1.x86_64          74/102 [0m
2026-09-24T17:45:35.548013256Z Stdout: [2;37m[ DEBUG   ]: 17:45:35 | bootstrap:   Verifying        : p11-kit-0.24.1-2.amzn2023.0.3.x86_64                75/102 [0m
2026-09-24T17:45:35.548298161Z Stdout: [2;37m[ DEBUG   ]: 17:45:35 | bootstrap:   Verifying        : p11-kit-trust-0.24.1-2.amzn2023.0.3.x86_64          76/102 [0m
2026-09-24T17:45:35.548588116Z Stdout: [2;37m[ DEBUG   ]: 17:45:35 | bootstrap:   Verifying        : pcre2-10.40-1.amzn2023.0.3.x86_64                   77/102 [0m
2026-09-24T17:45:35.548881339Z Stdout: [2;37m[ DEBUG   ]: 17:45:35 | bootstrap:   Verifying        : pcre2-syntax-10.40-1.amzn2023.0.3.noarch            78/102 [0m
2026-09-24T17:45:35.549175553Z Stdout: [2;37m[ DEBUG   ]: 17:45:35 | bootstrap:   Verifying        : popt-1.18-6.amzn2023.0.2.x86_64                     79/102 [0m
2026-09-24T17:45:35.549468377Z Stdout: [2;37m[ DEBUG   ]: 17:45:35 | bootstrap:   Verifying        : publicsuffix-list-dafsa-20260116-1.amzn2023.0.1.    80/102 [0m
2026-09-24T17:45:35.549761621Z Stdout: [2;37m[ DEBUG   ]: 17:45:35 | bootstrap:   Verifying        : python3-3.9.25-1.amzn2023.0.9.x86_64                81/102 [0m
2026-09-24T17:45:35.550056928Z Stdout: [2;37m[ DEBUG   ]: 17:45:35 | bootstrap:   Verifying        : python3-dnf-4.14.0-1.amzn2023.0.7.noarch            82/102 [0m
2026-09-24T17:45:35.550350901Z Stdout: [2;37m[ DEBUG   ]: 17:45:35 | bootstrap:   Verifying        : python3-gpg-1.23.2-182.amzn2023.0.1.x86_64          83/102 [0m
2026-09-24T17:45:35.550678146Z Stdout: [2;37m[ DEBUG   ]: 17:45:35 | bootstrap:   Verifying        : python3-hawkey-0.69.0-8.amzn2023.0.8.x86_64         84/102 [0m
2026-09-24T17:45:35.551309842Z Stdout: [2;37m[ DEBUG   ]: 17:45:35 | bootstrap:   Verifying        : python3-libcomps-0.1.20-1.amzn2023.x86_64           85/102 [0m
2026-09-24T17:45:35.551628552Z Stdout: [2;37m[ DEBUG   ]: 17:45:35 | bootstrap:   Verifying        : python3-libdnf-0.69.0-8.amzn2023.0.8.x86_64         86/102 [0m
2026-09-24T17:45:35.551923969Z Stdout: [2;37m[ DEBUG   ]: 17:45:35 | bootstrap:   Verifying        : python3-libs-3.9.25-1.amzn2023.0.9.x86_64           87/102 [0m
2026-09-24T17:45:35.552232569Z Stdout: [2;37m[ DEBUG   ]: 17:45:35 | bootstrap:   Verifying        : python3-pip-wheel-21.3.1-2.amzn2023.0.21.noarch     88/102 [0m
2026-09-24T17:45:35.552529650Z Stdout: [2;37m[ DEBUG   ]: 17:45:35 | bootstrap:   Verifying        : python3-rpm-4.16.1.3-29.amzn2023.0.7.x86_64         89/102 [0m
2026-09-24T17:45:35.552763258Z Stdout: [2;37m[ DEBUG   ]: 17:45:35 | bootstrap:   Verifying        : python3-setuptools-wheel-59.6.0-2.amzn2023.0.6.n    90/102 [0m
2026-09-24T17:45:35.552863410Z Stdout: [2;37m[ DEBUG   ]: 17:45:35 | bootstrap:   Verifying        : readline-8.1-2.amzn2023.0.2.x86_64                  91/102 [0m
2026-09-24T17:45:35.553155081Z Stdout: [2;37m[ DEBUG   ]: 17:45:35 | bootstrap:   Verifying        : rpm-4.16.1.3-29.amzn2023.0.7.x86_64                 92/102 [0m
2026-09-24T17:45:35.553448023Z Stdout: [2;37m[ DEBUG   ]: 17:45:35 | bootstrap:   Verifying        : rpm-build-libs-4.16.1.3-29.amzn2023.0.7.x86_64      93/102 [0m
2026-09-24T17:45:35.553881470Z Stdout: [2;37m[ DEBUG   ]: 17:45:35 | bootstrap:   Verifying        : rpm-libs-4.16.1.3-29.amzn2023.0.7.x86_64            94/102 [0m
2026-09-24T17:45:35.554168402Z Stdout: [2;37m[ DEBUG   ]: 17:45:35 | bootstrap:   Verifying        : rpm-sign-libs-4.16.1.3-29.amzn2023.0.7.x86_64       95/102 [0m
2026-09-24T17:45:35.554452905Z Stdout: [2;37m[ DEBUG   ]: 17:45:35 | bootstrap:   Verifying        : sed-4.8-7.amzn2023.0.2.x86_64                       96/102 [0m
2026-09-24T17:45:35.554813900Z Stdout: [2;37m[ DEBUG   ]: 17:45:35 | bootstrap:   Verifying        : setup-2.13.7-3.amzn2023.0.2.noarch                  97/102 [0m
2026-09-24T17:45:35.555089546Z Stdout: [2;37m[ DEBUG   ]: 17:45:35 | bootstrap:   Verifying        : sqlite-libs-3.40.0-1.amzn2023.0.8.x86_64            98/102 [0m
2026-09-24T17:45:35.555459922Z Stdout: [2;37m[ DEBUG   ]: 17:45:35 | bootstrap:   Verifying        : system-release-2023.12.20260918-0.amzn2023.noarc    99/102 [0m
2026-09-24T17:45:35.555767332Z Stdout: [2;37m[ DEBUG   ]: 17:45:35 | bootstrap:   Verifying        : tzdata-2026c-1.amzn2023.0.1.noarch                 100/102 [0m
2026-09-24T17:45:35.555894336Z Stdout: [2;37m[ DEBUG   ]: 17:45:35 | bootstrap:   Verifying        : xz-libs-5.2.5-9.amzn2023.0.2.x86_64                101/102 [0m
2026-09-24T17:45:35.556300137Z Stdout: [2;37m[ DEBUG   ]: 17:45:35 | bootstrap:   Verifying        : zlib-1.2.11-33.amzn2023.0.6.x86_64                 102/102 [0m
2026-09-24T17:45:35.556308300Z Stdout: [2;37m[ DEBUG   ]: 17:45:35 | bootstrap: Installed:[0m
2026-09-24T17:45:35.556667790Z Stdout: [2;37m[ DEBUG   ]: 17:45:35 | bootstrap:   alternatives-1.15-2.amzn2023.0.2.x86_64                                       [0m
2026-09-24T17:45:35.556840127Z Stdout: [2;37m[ DEBUG   ]: 17:45:35 | bootstrap:   amazon-linux-repo-cdn-2023.12.20260918-0.amzn2023.noarch                      [0m
2026-09-24T17:45:35.557125494Z Stdout: [2;37m[ DEBUG   ]: 17:45:35 | bootstrap:   audit-libs-3.1.5-1.amzn2023.0.2.x86_64                                        [0m
2026-09-24T17:45:35.557420088Z Stdout: [2;37m[ DEBUG   ]: 17:45:35 | bootstrap:   basesystem-11-11.amzn2023.0.2.noarch                                          [0m
2026-09-24T17:45:35.557712753Z Stdout: [2;37m[ DEBUG   ]: 17:45:35 | bootstrap:   bash-5.2.15-1.amzn2023.0.2.x86_64                                             [0m
2026-09-24T17:45:35.558012319Z Stdout: [2;37m[ DEBUG   ]: 17:45:35 | bootstrap:   bzip2-libs-1.0.8-6.amzn2023.0.2.x86_64                                        [0m
2026-09-24T17:45:35.558300437Z Stdout: [2;37m[ DEBUG   ]: 17:45:35 | bootstrap:   ca-certificates-2025.2.76-1.0.amzn2023.0.3.noarch                             [0m
2026-09-24T17:45:35.558624120Z Stdout: [2;37m[ DEBUG   ]: 17:45:35 | bootstrap:   coreutils-8.32-30.amzn2023.0.5.x86_64                                         [0m
2026-09-24T17:45:35.558929860Z Stdout: [2;37m[ DEBUG   ]: 17:45:35 | bootstrap:   coreutils-common-8.32-30.amzn2023.0.5.x86_64                                  [0m
2026-09-24T17:45:35.559214462Z Stdout: [2;37m[ DEBUG   ]: 17:45:35 | bootstrap:   crypto-policies-20260224-1.gitea0f072.amzn2023.0.6.noarch                     [0m
2026-09-24T17:45:35.559511697Z Stdout: [2;37m[ DEBUG   ]: 17:45:35 | bootstrap:   curl-minimal-8.21.0-5.amzn2023.0.1.x86_64                                     [0m
2026-09-24T17:45:35.559802148Z Stdout: [2;37m[ DEBUG   ]: 17:45:35 | bootstrap:   dnf-4.14.0-1.amzn2023.0.7.noarch                                              [0m
2026-09-24T17:45:35.560083823Z Stdout: [2;37m[ DEBUG   ]: 17:45:35 | bootstrap:   dnf-data-4.14.0-1.amzn2023.0.7.noarch                                         [0m
2026-09-24T17:45:35.560373517Z Stdout: [2;37m[ DEBUG   ]: 17:45:35 | bootstrap:   elfutils-default-yama-scope-0.188-3.amzn2023.0.3.noarch                       [0m
2026-09-24T17:45:35.560666817Z Stdout: [2;37m[ DEBUG   ]: 17:45:35 | bootstrap:   elfutils-libelf-0.188-3.amzn2023.0.3.x86_64                                   [0m
2026-09-24T17:45:35.560961850Z Stdout: [2;37m[ DEBUG   ]: 17:45:35 | bootstrap:   elfutils-libs-0.188-3.amzn2023.0.3.x86_64                                     [0m
2026-09-24T17:45:35.561297974Z Stdout: [2;37m[ DEBUG   ]: 17:45:35 | bootstrap:   expat-2.8.3-1.amzn2023.0.1.x86_64                                             [0m
2026-09-24T17:45:35.561587121Z Stdout: [2;37m[ DEBUG   ]: 17:45:35 | bootstrap:   file-libs-5.39-7.amzn2023.0.4.x86_64                                          [0m
2026-09-24T17:45:35.561880972Z Stdout: [2;37m[ DEBUG   ]: 17:45:35 | bootstrap:   filesystem-3.14-5.amzn2023.0.3.x86_64                                         [0m
2026-09-24T17:45:35.562175204Z Stdout: [2;37m[ DEBUG   ]: 17:45:35 | bootstrap:   gdbm-libs-1:1.19-2.amzn2023.0.2.x86_64                                        [0m
2026-09-24T17:45:35.562475763Z Stdout: [2;37m[ DEBUG   ]: 17:45:35 | bootstrap:   glib2-2.82.2-771.amzn2023.x86_64                                              [0m
2026-09-24T17:45:35.562799633Z Stdout: [2;37m[ DEBUG   ]: 17:45:35 | bootstrap:   glibc-2.34-231.amzn2023.0.5.x86_64                                            [0m
2026-09-24T17:45:35.563095908Z Stdout: [2;37m[ DEBUG   ]: 17:45:35 | bootstrap:   glibc-common-2.34-231.amzn2023.0.5.x86_64                                     [0m
2026-09-24T17:45:35.563391489Z Stdout: [2;37m[ DEBUG   ]: 17:45:35 | bootstrap:   glibc-minimal-langpack-2.34-231.amzn2023.0.5.x86_64                           [0m
2026-09-24T17:45:35.563692112Z Stdout: [2;37m[ DEBUG   ]: 17:45:35 | bootstrap:   gmp-1:6.2.1-2.amzn2023.0.2.x86_64                                             [0m
2026-09-24T17:45:35.563994650Z Stdout: [2;37m[ DEBUG   ]: 17:45:35 | bootstrap:   gnupg2-minimal-2.3.7-1.amzn2023.0.9.x86_64                                    [0m
2026-09-24T17:45:35.564298428Z Stdout: [2;37m[ DEBUG   ]: 17:45:35 | bootstrap:   gpgme-1.23.2-182.amzn2023.0.1.x86_64                                          [0m
2026-09-24T17:45:35.564599807Z Stdout: [2;37m[ DEBUG   ]: 17:45:35 | bootstrap:   grep-3.8-1.amzn2023.0.4.x86_64                                                [0m
2026-09-24T17:45:35.564895344Z Stdout: [2;37m[ DEBUG   ]: 17:45:35 | bootstrap:   json-c-0.14-8.amzn2023.0.2.x86_64                                             [0m
2026-09-24T17:45:35.565189266Z Stdout: [2;37m[ DEBUG   ]: 17:45:35 | bootstrap:   keyutils-libs-1.6.3-1.amzn2023.0.2.x86_64                                     [0m
2026-09-24T17:45:35.565485798Z Stdout: [2;37m[ DEBUG   ]: 17:45:35 | bootstrap:   krb5-libs-1.21.3-8.amzn2023.0.1.x86_64                                        [0m
2026-09-24T17:45:35.565778648Z Stdout: [2;37m[ DEBUG   ]: 17:45:35 | bootstrap:   libacl-2.4.0-1.amzn2023.0.1.x86_64                                            [0m
2026-09-24T17:45:35.566071477Z Stdout: [2;37m[ DEBUG   ]: 17:45:35 | bootstrap:   libarchive-3.7.4-2.amzn2023.0.4.x86_64                                        [0m
2026-09-24T17:45:35.566366451Z Stdout: [2;37m[ DEBUG   ]: 17:45:35 | bootstrap:   libassuan-2.5.5-1.amzn2023.0.2.x86_64                                         [0m
2026-09-24T17:45:35.566698808Z Stdout: [2;37m[ DEBUG   ]: 17:45:35 | bootstrap:   libattr-2.5.1-3.amzn2023.0.2.x86_64                                           [0m
2026-09-24T17:45:35.566991925Z Stdout: [2;37m[ DEBUG   ]: 17:45:35 | bootstrap:   libblkid-2.37.4-1.amzn2023.0.6.x86_64                                         [0m
2026-09-24T17:45:35.567278468Z Stdout: [2;37m[ DEBUG   ]: 17:45:35 | bootstrap:   libcap-2.73-1.amzn2023.0.7.x86_64                                             [0m
2026-09-24T17:45:35.567569946Z Stdout: [2;37m[ DEBUG   ]: 17:45:35 | bootstrap:   libcap-ng-0.8.2-4.amzn2023.0.2.x86_64                                         [0m
2026-09-24T17:45:35.567876439Z Stdout: [2;37m[ DEBUG   ]: 17:45:35 | bootstrap:   libcom_err-1.46.5-2.amzn2023.0.2.x86_64                                       [0m
2026-09-24T17:45:35.568159109Z Stdout: [2;37m[ DEBUG   ]: 17:45:35 | bootstrap:   libcomps-0.1.20-1.amzn2023.x86_64                                             [0m
2026-09-24T17:45:35.568452648Z Stdout: [2;37m[ DEBUG   ]: 17:45:35 | bootstrap:   libcurl-minimal-8.21.0-5.amzn2023.0.1.x86_64                                  [0m
2026-09-24T17:45:35.568747902Z Stdout: [2;37m[ DEBUG   ]: 17:45:35 | bootstrap:   libdnf-0.69.0-8.amzn2023.0.8.x86_64                                           [0m
2026-09-24T17:45:35.569043384Z Stdout: [2;37m[ DEBUG   ]: 17:45:35 | bootstrap:   libffi-3.4.4-1.amzn2023.0.1.x86_64                                            [0m
2026-09-24T17:45:35.569336707Z Stdout: [2;37m[ DEBUG   ]: 17:45:35 | bootstrap:   libgcc-14.2.1-7.amzn2023.0.2.x86_64                                           [0m
2026-09-24T17:45:35.569630414Z Stdout: [2;37m[ DEBUG   ]: 17:45:35 | bootstrap:   libgcrypt-1.10.2-1.amzn2023.0.3.x86_64                                        [0m
2026-09-24T17:45:35.569925781Z Stdout: [2;37m[ DEBUG   ]: 17:45:35 | bootstrap:   libgomp-14.2.1-7.amzn2023.0.2.x86_64                                          [0m
2026-09-24T17:45:35.570218348Z Stdout: [2;37m[ DEBUG   ]: 17:45:35 | bootstrap:   libgpg-error-1.42-1.amzn2023.0.2.x86_64                                       [0m
2026-09-24T17:45:35.570519382Z Stdout: [2;37m[ DEBUG   ]: 17:45:35 | bootstrap:   libidn2-2.3.2-1.amzn2023.0.5.x86_64                                           [0m
2026-09-24T17:45:35.570846571Z Stdout: [2;37m[ DEBUG   ]: 17:45:35 | bootstrap:   libmodulemd-2.13.0-2.amzn2023.0.2.x86_64                                      [0m
2026-09-24T17:45:35.571164148Z Stdout: [2;37m[ DEBUG   ]: 17:45:35 | bootstrap:   libmount-2.37.4-1.amzn2023.0.6.x86_64                                         [0m
2026-09-24T17:45:35.571581569Z Stdout: [2;37m[ DEBUG   ]: 17:45:35 | bootstrap:   libnghttp2-1.59.0-3.amzn2023.0.2.x86_64                                       [0m
2026-09-24T17:45:35.571864078Z Stdout: [2;37m[ DEBUG   ]: 17:45:35 | bootstrap:   libpsl-0.21.5-1.amzn2023.0.1.x86_64                                           [0m
2026-09-24T17:45:35.572151332Z Stdout: [2;37m[ DEBUG   ]: 17:45:35 | bootstrap:   librepo-1.14.5-2.amzn2023.0.2.x86_64                                          [0m
2026-09-24T17:45:35.572497381Z Stdout: [2;37m[ DEBUG   ]: 17:45:35 | bootstrap:   libreport-filesystem-2.15.2-2.amzn2023.0.2.noarch                             [0m
2026-09-24T17:45:35.572794841Z Stdout: [2;37m[ DEBUG   ]: 17:45:35 | bootstrap:   libselinux-3.4-5.amzn2023.0.2.x86_64                                          [0m
2026-09-24T17:45:35.573088367Z Stdout: [2;37m[ DEBUG   ]: 17:45:35 | bootstrap:   libsepol-3.4-3.amzn2023.0.3.x86_64                                            [0m
2026-09-24T17:45:35.573178154Z Stdout: [2;37m[ DEBUG   ]: 17:45:35 | bootstrap:   libsmartcols-2.37.4-1.amzn2023.0.6.x86_64                                     [0m
2026-09-24T17:45:35.573473450Z Stdout: [2;37m[ DEBUG   ]: 17:45:35 | bootstrap:   libsolv-0.7.22-1.amzn2023.0.4.x86_64                                          [0m
2026-09-24T17:45:35.573889982Z Stdout: [2;37m[ DEBUG   ]: 17:45:35 | bootstrap:   libstdc++-14.2.1-7.amzn2023.0.2.x86_64                                        [0m
2026-09-24T17:45:35.574187386Z Stdout: [2;37m[ DEBUG   ]: 17:45:35 | bootstrap:   libtasn1-4.19.0-1.amzn2023.0.6.x86_64                                         [0m
2026-09-24T17:45:35.574517871Z Stdout: [2;37m[ DEBUG   ]: 17:45:35 | bootstrap:   libunistring-0.9.10-10.amzn2023.0.2.x86_64                                    [0m
2026-09-24T17:45:35.574665908Z Stdout: [2;37m[ DEBUG   ]: 17:45:35 | bootstrap:   libuuid-2.37.4-1.amzn2023.0.6.x86_64                                          [0m
2026-09-24T17:45:35.575132109Z Stdout: [2;37m[ DEBUG   ]: 17:45:35 | bootstrap:   libverto-0.3.2-1.amzn2023.0.2.x86_64                                          [0m
2026-09-24T17:45:35.575489698Z Stdout: [2;37m[ DEBUG   ]: 17:45:35 | bootstrap:   libxcrypt-4.4.33-7.amzn2023.x86_64                                            [0m
2026-09-24T17:45:35.575789791Z Stdout: [2;37m[ DEBUG   ]: 17:45:35 | bootstrap:   libxml2-2.10.4-1.amzn2023.0.20.x86_64                                         [0m
2026-09-24T17:45:35.576048584Z Stdout: [2;37m[ DEBUG   ]: 17:45:35 | bootstrap:   libyaml-0.2.5-5.amzn2023.0.2.x86_64                                           [0m
2026-09-24T17:45:35.576136206Z Stdout: [2;37m[ DEBUG   ]: 17:45:35 | bootstrap:   libzstd-1.5.5-1.amzn2023.0.1.x86_64                                           [0m
2026-09-24T17:45:35.576413700Z Stdout: [2;37m[ DEBUG   ]: 17:45:35 | bootstrap:   lua-libs-5.4.4-3.amzn2023.0.2.x86_64                                          [0m
2026-09-24T17:45:35.576838781Z Stdout: [2;37m[ DEBUG   ]: 17:45:35 | bootstrap:   lz4-libs-1.9.4-1.amzn2023.0.3.x86_64                                          [0m
2026-09-24T17:45:35.577000168Z Stdout: [2;37m[ DEBUG   ]: 17:45:35 | bootstrap:   ncurses-base-6.6-1.amzn2023.0.1.noarch                                        [0m
2026-09-24T17:45:35.577275678Z Stdout: [2;37m[ DEBUG   ]: 17:45:35 | bootstrap:   ncurses-libs-6.6-1.amzn2023.0.1.x86_64                                        [0m
2026-09-24T17:45:35.577569195Z Stdout: [2;37m[ DEBUG   ]: 17:45:35 | bootstrap:   npth-1.6-6.amzn2023.0.2.x86_64                                                [0m
2026-09-24T17:45:35.577864080Z Stdout: [2;37m[ DEBUG   ]: 17:45:35 | bootstrap:   openssl-fips-provider-latest-1:3.5.8-1.amzn2023.0.1.x86_64                    [0m
2026-09-24T17:45:35.578158886Z Stdout: [2;37m[ DEBUG   ]: 17:45:35 | bootstrap:   openssl-libs-1:3.5.8-1.amzn2023.0.1.x86_64                                    [0m
2026-09-24T17:45:35.578481801Z Stdout: [2;37m[ DEBUG   ]: 17:45:35 | bootstrap:   p11-kit-0.24.1-2.amzn2023.0.3.x86_64                                          [0m
2026-09-24T17:45:35.578780813Z Stdout: [2;37m[ DEBUG   ]: 17:45:35 | bootstrap:   p11-kit-trust-0.24.1-2.amzn2023.0.3.x86_64                                    [0m
2026-09-24T17:45:35.579080820Z Stdout: [2;37m[ DEBUG   ]: 17:45:35 | bootstrap:   pcre2-10.40-1.amzn2023.0.3.x86_64                                             [0m
2026-09-24T17:45:35.579375883Z Stdout: [2;37m[ DEBUG   ]: 17:45:35 | bootstrap:   pcre2-syntax-10.40-1.amzn2023.0.3.noarch                                      [0m
2026-09-24T17:45:35.579668388Z Stdout: [2;37m[ DEBUG   ]: 17:45:35 | bootstrap:   popt-1.18-6.amzn2023.0.2.x86_64                                               [0m
2026-09-24T17:45:35.579963447Z Stdout: [2;37m[ DEBUG   ]: 17:45:35 | bootstrap:   publicsuffix-list-dafsa-20260116-1.amzn2023.0.1.noarch                        [0m
2026-09-24T17:45:35.580255963Z Stdout: [2;37m[ DEBUG   ]: 17:45:35 | bootstrap:   python3-3.9.25-1.amzn2023.0.9.x86_64                                          [0m
2026-09-24T17:45:35.580554384Z Stdout: [2;37m[ DEBUG   ]: 17:45:35 | bootstrap:   python3-dnf-4.14.0-1.amzn2023.0.7.noarch                                      [0m
2026-09-24T17:45:35.580848072Z Stdout: [2;37m[ DEBUG   ]: 17:45:35 | bootstrap:   python3-gpg-1.23.2-182.amzn2023.0.1.x86_64                                    [0m
2026-09-24T17:45:35.581168923Z Stdout: [2;37m[ DEBUG   ]: 17:45:35 | bootstrap:   python3-hawkey-0.69.0-8.amzn2023.0.8.x86_64                                   [0m
2026-09-24T17:45:35.581454076Z Stdout: [2;37m[ DEBUG   ]: 17:45:35 | bootstrap:   python3-libcomps-0.1.20-1.amzn2023.x86_64                                     [0m
2026-09-24T17:45:35.581749096Z Stdout: [2;37m[ DEBUG   ]: 17:45:35 | bootstrap:   python3-libdnf-0.69.0-8.amzn2023.0.8.x86_64                                   [0m
2026-09-24T17:45:35.582043466Z Stdout: [2;37m[ DEBUG   ]: 17:45:35 | bootstrap:   python3-libs-3.9.25-1.amzn2023.0.9.x86_64                                     [0m
2026-09-24T17:45:35.582339103Z Stdout: [2;37m[ DEBUG   ]: 17:45:35 | bootstrap:   python3-pip-wheel-21.3.1-2.amzn2023.0.21.noarch                               [0m
2026-09-24T17:45:35.582853532Z Stdout: [2;37m[ DEBUG   ]: 17:45:35 | bootstrap:   python3-rpm-4.16.1.3-29.amzn2023.0.7.x86_64                                   [0m
2026-09-24T17:45:35.583149195Z Stdout: [2;37m[ DEBUG   ]: 17:45:35 | bootstrap:   python3-setuptools-wheel-59.6.0-2.amzn2023.0.6.noarch                         [0m
2026-09-24T17:45:35.583488236Z Stdout: [2;37m[ DEBUG   ]: 17:45:35 | bootstrap:   readline-8.1-2.amzn2023.0.2.x86_64                                            [0m
2026-09-24T17:45:35.583779525Z Stdout: [2;37m[ DEBUG   ]: 17:45:35 | bootstrap:   rpm-4.16.1.3-29.amzn2023.0.7.x86_64                                           [0m
2026-09-24T17:45:35.584047960Z Stdout: [2;37m[ DEBUG   ]: 17:45:35 | bootstrap:   rpm-build-libs-4.16.1.3-29.amzn2023.0.7.x86_64                                [0m
2026-09-24T17:45:35.584174354Z Stdout: [2;37m[ DEBUG   ]: 17:45:35 | bootstrap:   rpm-libs-4.16.1.3-29.amzn2023.0.7.x86_64                                      [0m
2026-09-24T17:45:35.584466633Z Stdout: [2;37m[ DEBUG   ]: 17:45:35 | bootstrap:   rpm-sign-libs-4.16.1.3-29.amzn2023.0.7.x86_64                                 [0m
2026-09-24T17:45:35.584747879Z Stdout: [2;37m[ DEBUG   ]: 17:45:35 | bootstrap:   sed-4.8-7.amzn2023.0.2.x86_64                                                 [0m
2026-09-24T17:45:35.585205426Z Stdout: [2;37m[ DEBUG   ]: 17:45:35 | bootstrap:   setup-2.13.7-3.amzn2023.0.2.noarch                                            [0m
2026-09-24T17:45:35.585512671Z Stdout: [2;37m[ DEBUG   ]: 17:45:35 | bootstrap:   sqlite-libs-3.40.0-1.amzn2023.0.8.x86_64                                      [0m
2026-09-24T17:45:35.585799161Z Stdout: [2;37m[ DEBUG   ]: 17:45:35 | bootstrap:   system-release-2023.12.20260918-0.amzn2023.noarch                             [0m
2026-09-24T17:45:35.586093354Z Stdout: [2;37m[ DEBUG   ]: 17:45:35 | bootstrap:   tzdata-2026c-1.amzn2023.0.1.noarch                                            [0m
2026-09-24T17:45:35.586403060Z Stdout: [2;37m[ DEBUG   ]: 17:45:35 | bootstrap:   xz-libs-5.2.5-9.amzn2023.0.2.x86_64                                           [0m
2026-09-24T17:45:35.586491497Z Stdout: [2;37m[ DEBUG   ]: 17:45:35 | bootstrap:   zlib-1.2.11-33.amzn2023.0.6.x86_64                                            [0m
2026-09-24T17:45:35.586573759Z Stdout: [2;37m[ DEBUG   ]: 17:45:35 | bootstrap: Complete![0m
2026-09-24T17:45:35.586607297Z Stdout: [ INFO    ]: Processing: [########################################] 100%
2026-09-24T17:45:35.586752539Z Stdout: [2;37m[ DEBUG   ]: 17:45:35 | Looking for rpmdb in /tmp/build/image-root/usr/local/sbin:/tmp/build/image-root/usr/local/bin:/tmp/build/image-root/usr/sbin:/tmp/build/image-root/usr/bin[0m
2026-09-24T17:45:35.586892425Z Stdout: [2;37m[ DEBUG   ]: 17:45:35 | Looking for chroot in /usr/local/sbin:/usr/local/bin:/usr/sbin:/usr/bin[0m
2026-09-24T17:45:35.586965878Z Stdout: [2;37m[ DEBUG   ]: 17:45:35 | EXEC: [chroot /tmp/build/image-root rpmdb --rebuilddb][0m
2026-09-24T17:45:35.624014718Z Stdout: [2;37m[ DEBUG   ]: 17:45:35 | Looking for rm in /usr/local/sbin:/usr/local/bin:/usr/sbin:/usr/bin[0m
2026-09-24T17:45:35.624023734Z Stdout: [2;37m[ DEBUG   ]: 17:45:35 | EXEC: [rm -r -f /tmp/build/image-root/usr/lib/rpm/macros.d/macros.kiwi-bootstrap-config][0m
2026-09-24T17:45:35.626977113Z Stdout: [2;37m[ DEBUG   ]: 17:45:35 | Looking for chroot in /usr/local/sbin:/usr/local/bin:/usr/sbin:/usr/bin[0m
2026-09-24T17:45:35.626983002Z Stdout: [2;37m[ DEBUG   ]: 17:45:35 | EXEC: [chroot /tmp/build/image-root rpm -E %_dbpath][0m
2026-09-24T17:45:35.632140417Z Stdout: [2;37m[ DEBUG   ]: 17:45:35 | Looking for rpm in /usr/local/sbin:/usr/local/bin:/usr/sbin:/usr/bin[0m
2026-09-24T17:45:35.632147150Z Stdout: [2;37m[ DEBUG   ]: 17:45:35 | EXEC: [rpm -E %_dbpath][0m
2026-09-24T17:45:35.637490207Z Stdout: [ INFO    ]: 17:45:35 | Importing Image description to system tree
2026-09-24T17:45:35.637495341Z Stdout: [ INFO    ]: 17:45:35 | --> Importing state XML description to /tmp/build/image-root/image/config.xml
2026-09-24T17:45:35.637499498Z Stdout: [2;37m[ DEBUG   ]: 17:45:35 | Creating directory /tmp/build/image-root/image[0m
2026-09-24T17:45:35.638436390Z Stdout: [ INFO    ]: 17:45:35 | --> Importing config.sh script to /tmp/build/image-root/image/config.sh
2026-09-24T17:45:35.638441765Z Stdout: [2;37m[ DEBUG   ]: 17:45:35 | Looking for cp in /usr/local/sbin:/usr/local/bin:/usr/sbin:/usr/bin[0m
2026-09-24T17:45:35.638446430Z Stdout: [2;37m[ DEBUG   ]: 17:45:35 | EXEC: [cp /usr/share/kiwi-image-descriptions-examples/al2023/attestable-image-example/config.sh /tmp/build/image-root/image/config.sh][0m
2026-09-24T17:45:35.640827485Z Stdout: [ INFO    ]: 17:45:35 | --> Importing edit_boot_install.sh script to /tmp/build/image-root/image/edit_boot_install.sh
2026-09-24T17:45:35.640833345Z Stdout: [2;37m[ DEBUG   ]: 17:45:35 | Looking for cp in /usr/local/sbin:/usr/local/bin:/usr/sbin:/usr/bin[0m
2026-09-24T17:45:35.640837887Z Stdout: [2;37m[ DEBUG   ]: 17:45:35 | EXEC: [cp /usr/share/kiwi-image-descriptions-examples/al2023/attestable-image-example/edit_boot_install.sh /tmp/build/image-root/image/edit_boot_install.sh][0m
2026-09-24T17:45:35.643052700Z Stdout: [ INFO    ]: 17:45:35 | --> Importing script helper functions
2026-09-24T17:45:35.643337572Z Stdout: [2;37m[ DEBUG   ]: 17:45:35 | Looking for cp in /usr/local/sbin:/usr/local/bin:/usr/sbin:/usr/bin[0m
2026-09-24T17:45:35.643348279Z Stdout: [2;37m[ DEBUG   ]: 17:45:35 | EXEC: [cp /usr/lib/python3.9/site-packages/kiwi/config/functions.sh /tmp/build/image-root/.kconfig][0m
2026-09-24T17:45:35.645933244Z Stdout: [ INFO    ]: 17:45:35 | Installing system (chroot) for build type: oem
2026-09-24T17:45:35.645938839Z Stdout: [ INFO    ]: 17:45:35 | --> collection type: onlyRequired
2026-09-24T17:45:35.645942724Z Stdout: [ INFO    ]: 17:45:35 | --> package: amazon-chrony-config
2026-09-24T17:45:35.645946167Z Stdout: [ INFO    ]: 17:45:35 | --> package: aws-nitro-tpm-tools
2026-09-24T17:45:35.645964503Z Stdout: [ INFO    ]: 17:45:35 | --> package: awscli
2026-09-24T17:45:35.645991594Z Stdout: [ INFO    ]: 17:45:35 | --> package: binutils
2026-09-24T17:45:35.645996193Z Stdout: [ INFO    ]: 17:45:35 | --> package: cryptsetup
2026-09-24T17:45:35.646021952Z Stdout: [ INFO    ]: 17:45:35 | --> package: dracut-kiwi-overlay
2026-09-24T17:45:35.646026088Z Stdout: [ INFO    ]: 17:45:35 | --> package: dracut-kiwi-verity
2026-09-24T17:45:35.646052034Z Stdout: [ INFO    ]: 17:45:35 | --> package: gzip
2026-09-24T17:45:35.646059623Z Stdout: [ INFO    ]: 17:45:35 | --> package: pciutils
2026-09-24T17:45:35.646066279Z Stdout: [ INFO    ]: 17:45:35 | --> package: systemd-boot
2026-09-24T17:45:35.646331917Z Stdout: [ INFO    ]: 17:45:35 | --> package: systemd-resolved
2026-09-24T17:45:35.646335919Z Stdout: [ INFO    ]: 17:45:35 | --> package: tar
2026-09-24T17:45:35.646349331Z Stdout: [ INFO    ]: 17:45:35 | --> package: veritysetup
2026-09-24T17:45:35.646352636Z Stdout: [ INFO    ]: 17:45:35 | --> package: zram-generator
2026-09-24T17:45:35.646355518Z Stdout: [ INFO    ]: 17:45:35 | --> package: zram-generator-defaults
2026-09-24T17:45:35.646358386Z Stdout: [ INFO    ]: 17:45:35 | --> collection: ami-minimal
2026-09-24T17:45:35.646360838Z Stdout: [ INFO    ]: 17:45:35 | --> collection: core
2026-09-24T17:45:35.646363513Z Stdout: [ INFO    ]: 17:45:35 | --> package excluded: amazon-linux-repo-cdn
2026-09-24T17:45:35.646365918Z Stdout: [ INFO    ]: 17:45:35 | --> package excluded: amazon-linux-repo-s3
2026-09-24T17:45:35.646371717Z Stdout: [ INFO    ]: 17:45:35 | --> package excluded: amazon-ssm-agent
2026-09-24T17:45:35.646374753Z Stdout: [ INFO    ]: 17:45:35 | --> package excluded: cloud-init
2026-09-24T17:45:35.646377185Z Stdout: [ INFO    ]: 17:45:35 | --> package excluded: cloud-init-cfg-ec2
2026-09-24T17:45:35.646379644Z Stdout: [ INFO    ]: 17:45:35 | --> package excluded: ec2-hibinit-agent
2026-09-24T17:45:35.646382059Z Stdout: [ INFO    ]: 17:45:35 | --> package excluded: ec2-instance-connect
2026-09-24T17:45:35.646384584Z Stdout: [ INFO    ]: 17:45:35 | --> package excluded: firewalld
2026-09-24T17:45:35.646387014Z Stdout: [ INFO    ]: 17:45:35 | --> package excluded: grub2-efi-aa64
2026-09-24T17:45:35.646389500Z Stdout: [ INFO    ]: 17:45:35 | --> package excluded: grub2-efi-aa64-ec2
2026-09-24T17:45:35.646393158Z Stdout: [ INFO    ]: 17:45:35 | --> package excluded: grub2-efi-aa64-modules
2026-09-24T17:45:35.646395559Z Stdout: [ INFO    ]: 17:45:35 | --> package excluded: grub2-efi-x64
2026-09-24T17:45:35.646397995Z Stdout: [ INFO    ]: 17:45:35 | --> package excluded: grub2-efi-x64-ec2
2026-09-24T17:45:35.646400430Z Stdout: [ INFO    ]: 17:45:35 | --> package excluded: grub2-efi-x64-modules
2026-09-24T17:45:35.646402841Z Stdout: [ INFO    ]: 17:45:35 | --> package excluded: grub2-pc-modules
2026-09-24T17:45:35.646405722Z Stdout: [ INFO    ]: 17:45:35 | --> package excluded: grub2-tools
2026-09-24T17:45:35.646412285Z Stdout: [ INFO    ]: 17:45:35 | --> package excluded: grubby
2026-09-24T17:45:35.646434365Z Stdout: [ INFO    ]: 17:45:35 | --> package excluded: openssh-server
2026-09-24T17:45:35.646439879Z Stdout: [ INFO    ]: 17:45:35 | --> package excluded: update-motd
2026-09-24T17:45:35.646530407Z Stdout: [2;37m[ DEBUG   ]: 17:45:35 | Looking for dnf4 in /tmp/build/image-root/usr/bin[0m
2026-09-24T17:45:35.646680558Z Stdout: [2;37m[ DEBUG   ]: 17:45:35 | EXEC: [chroot /tmp/build/image-root dnf-3 --config /kiwi_dnf4.config -y --enableplugin=priorities --disableplugin=versionlock --releasever=0 --setopt=install_weak_deps=False --exclude=amazon-linux-repo-cdn --exclude=amazon-linux-repo-s3 --exclude=amazon-ssm-agent --exclude=cloud-init --exclude=cloud-init-cfg-ec2 --exclude=ec2-hibinit-agent --exclude=ec2-instance-connect --exclude=firewalld --exclude=grub2-efi-aa64 --exclude=grub2-efi-aa64-ec2 --exclude=grub2-efi-aa64-modules --exclude=grub2-efi-x64 --exclude=grub2-efi-x64-ec2 --exclude=grub2-efi-x64-modules --exclude=grub2-pc-modules --exclude=grub2-tools --exclude=grubby --exclude=openssh-server --exclude=update-motd install amazon-chrony-config aws-nitro-tpm-tools awscli binutils cryptsetup dracut-kiwi-overlay dracut-kiwi-verity gzip pciutils systemd-boot systemd-resolved tar veritysetup zram-generator zram-generator-defaults @ami-minimal @core][0m
2026-09-24T17:45:35.646714297Z Stdout: [2;37m[ DEBUG   ]: 17:45:35 | Looking for chroot in /usr/local/sbin:/usr/local/bin:/usr/sbin:/usr/bin[0m
2026-09-24T17:45:36.005923582Z Stdout: [ INFO    ]: Processing: [                                        ] 0%[2;37m[ DEBUG   ]: 17:45:36 | system: Last metadata expiration check: 0:00:18 ago on Thu Sep 24 17:45:17 2026.[0m
2026-09-24T17:45:36.011562968Z Stdout: [2;37m[ DEBUG   ]: 17:45:36 | system: Dependencies resolved.[0m
2026-09-24T17:45:36.029930046Z Stdout: [2;37m[ DEBUG   ]: 17:45:36 | system: ==================================================================================================================[0m
2026-09-24T17:45:36.048276457Z Stdout: [2;37m[ DEBUG   ]: 17:45:36 | system:  Package                           Arch    Version                         Repository                         Size[0m
2026-09-24T17:45:36.066630775Z Stdout: [2;37m[ DEBUG   ]: 17:45:36 | system: ==================================================================================================================[0m
2026-09-24T17:45:36.068553241Z Stdout: [2;37m[ DEBUG   ]: 17:45:36 | system: Installing:[0m
2026-09-24T17:45:36.086915763Z Stdout: [2;37m[ DEBUG   ]: 17:45:36 | system:  amazon-chrony-config              noarch  4.3-1.amzn2023.0.6              0fe36547f70d447dbb727161e90ce57e   13 k[0m
2026-09-24T17:45:36.105263712Z Stdout: [2;37m[ DEBUG   ]: 17:45:36 | system:  aws-nitro-tpm-tools               x86_64  1.1.2-1.amzn2023                0fe36547f70d447dbb727161e90ce57e  1.9 M[0m
2026-09-24T17:45:36.123630402Z Stdout: [2;37m[ DEBUG   ]: 17:45:36 | system:  awscli-2                          noarch  2.33.15-1.amzn2023.0.1          0fe36547f70d447dbb727161e90ce57e   13 M[0m
2026-09-24T17:45:36.142239893Z Stdout: [2;37m[ DEBUG   ]: 17:45:36 | system:  binutils                          x86_64  2.41-50.amzn2023.0.5            0fe36547f70d447dbb727161e90ce57e  5.4 M[0m
2026-09-24T17:45:36.160822584Z Stdout: [2;37m[ DEBUG   ]: 17:45:36 | system:  cryptsetup                        x86_64  2.6.1-1.amzn2023.0.1            0fe36547f70d447dbb727161e90ce57e  300 k[0m
2026-09-24T17:45:36.179426491Z Stdout: [2;37m[ DEBUG   ]: 17:45:36 | system:  dracut-kiwi-overlay               noarch  10.3.0-1.amzn2023               0fe36547f70d447dbb727161e90ce57e   28 k[0m
2026-09-24T17:45:36.198007115Z Stdout: [2;37m[ DEBUG   ]: 17:45:36 | system:  dracut-kiwi-verity                x86_64  10.3.0-1.amzn2023               0fe36547f70d447dbb727161e90ce57e   22 k[0m
2026-09-24T17:45:36.216679675Z Stdout: [2;37m[ DEBUG   ]: 17:45:36 | system:  gzip                              x86_64  1.12-1.amzn2023.0.1             0fe36547f70d447dbb727161e90ce57e  160 k[0m
2026-09-24T17:45:36.235379601Z Stdout: [2;37m[ DEBUG   ]: 17:45:36 | system:  pciutils                          x86_64  3.7.0-3.amzn2023.0.2            0fe36547f70d447dbb727161e90ce57e   93 k[0m
2026-09-24T17:45:36.253886349Z Stdout: [2;37m[ DEBUG   ]: 17:45:36 | system:  systemd-boot-unsigned             x86_64  252.23-12.amzn2023              0fe36547f70d447dbb727161e90ce57e   91 k[0m
2026-09-24T17:45:36.272409382Z Stdout: [2;37m[ DEBUG   ]: 17:45:36 | system:  tar                               x86_64  2:1.34-1.amzn2023.0.4           0fe36547f70d447dbb727161e90ce57e  879 k[0m
2026-09-24T17:45:36.290831520Z Stdout: [2;37m[ DEBUG   ]: 17:45:36 | system:  veritysetup                       x86_64  2.6.1-1.amzn2023.0.1            0fe36547f70d447dbb727161e90ce57e   37 k[0m
2026-09-24T17:45:36.309305292Z Stdout: [2;37m[ DEBUG   ]: 17:45:36 | system:  zram-generator                    x86_64  1.1.2-70.amzn2023.0.1           0fe36547f70d447dbb727161e90ce57e  412 k[0m
2026-09-24T17:45:36.327839771Z Stdout: [2;37m[ DEBUG   ]: 17:45:36 | system:  zram-generator-defaults           noarch  1.1.2-70.amzn2023.0.1           0fe36547f70d447dbb727161e90ce57e  8.7 k[0m
2026-09-24T17:45:36.333341775Z Stdout: [2;37m[ DEBUG   ]: 17:45:36 | system: Installing group/module packages:[0m
2026-09-24T17:45:36.351753969Z Stdout: [2;37m[ DEBUG   ]: 17:45:36 | system:  amazon-ec2-net-utils              noarch  2.7.6-1.amzn2023.0.1            0fe36547f70d447dbb727161e90ce57e   22 k[0m
2026-09-24T17:45:36.370228516Z Stdout: [2;37m[ DEBUG   ]: 17:45:36 | system:  audit                             x86_64  3.1.5-1.amzn2023.0.2            0fe36547f70d447dbb727161e90ce57e  254 k[0m
2026-09-24T17:45:36.388637874Z Stdout: [2;37m[ DEBUG   ]: 17:45:36 | system:  chrony                            x86_64  4.3-1.amzn2023.0.6              0fe36547f70d447dbb727161e90ce57e  321 k[0m
2026-09-24T17:45:36.407100421Z Stdout: [2;37m[ DEBUG   ]: 17:45:36 | system:  cloud-utils-growpart              x86_64  0.31-8.amzn2023.0.4             0fe36547f70d447dbb727161e90ce57e   31 k[0m
2026-09-24T17:45:36.425480113Z Stdout: [2;37m[ DEBUG   ]: 17:45:36 | system:  dnf-plugin-release-notification   noarch  1.4-1.amzn2023                  0fe36547f70d447dbb727161e90ce57e   26 k[0m
2026-09-24T17:45:36.443900836Z Stdout: [2;37m[ DEBUG   ]: 17:45:36 | system:  dnf-plugin-support-info           noarch  2.0.0-231.amzn2023              0fe36547f70d447dbb727161e90ce57e  149 k[0m
2026-09-24T17:45:36.462424181Z Stdout: [2;37m[ DEBUG   ]: 17:45:36 | system:  dnf-plugins-core                  noarch  4.3.0-13.amzn2023.0.6           0fe36547f70d447dbb727161e90ce57e   32 k[0m
2026-09-24T17:45:36.481146353Z Stdout: [2;37m[ DEBUG   ]: 17:45:36 | system:  dracut-config-ec2                 noarch  3.1-1.amzn2023.0.1              0fe36547f70d447dbb727161e90ce57e  8.8 k[0m
2026-09-24T17:45:36.499789700Z Stdout: [2;37m[ DEBUG   ]: 17:45:36 | system:  dracut-config-generic             x86_64  102-3.amzn2023.0.4              0fe36547f70d447dbb727161e90ce57e  9.7 k[0m
2026-09-24T17:45:36.518247006Z Stdout: [2;37m[ DEBUG   ]: 17:45:36 | system:  ec2-utils                         noarch  2.3.0-1.amzn2023.0.1            0fe36547f70d447dbb727161e90ce57e   18 k[0m
2026-09-24T17:45:36.536748189Z Stdout: [2;37m[ DEBUG   ]: 17:45:36 | system:  glibc-all-langpacks               x86_64  2.34-231.amzn2023.0.5           0fe36547f70d447dbb727161e90ce57e   18 M[0m
2026-09-24T17:45:36.555246527Z Stdout: [2;37m[ DEBUG   ]: 17:45:36 | system:  glibc-locale-source               x86_64  2.34-231.amzn2023.0.5           0fe36547f70d447dbb727161e90ce57e  4.0 M[0m
2026-09-24T17:45:36.573781852Z Stdout: [2;37m[ DEBUG   ]: 17:45:36 | system:  hostname                          x86_64  3.23-4.amzn2023.0.3             0fe36547f70d447dbb727161e90ce57e   28 k[0m
2026-09-24T17:45:36.592274476Z Stdout: [2;37m[ DEBUG   ]: 17:45:36 | system:  initscripts                       x86_64  10.09-1.amzn2023.0.2            0fe36547f70d447dbb727161e90ce57e  212 k[0m
2026-09-24T17:45:36.610909528Z Stdout: [2;37m[ DEBUG   ]: 17:45:36 | system:  iproute                           x86_64  6.10.0-319.amzn2023.0.1         0fe36547f70d447dbb727161e90ce57e  800 k[0m
2026-09-24T17:45:36.629136271Z Stdout: [2;37m[ DEBUG   ]: 17:45:36 | system:  iputils                           x86_64  20210202-2.amzn2023.0.4         0fe36547f70d447dbb727161e90ce57e  169 k[0m
2026-09-24T17:45:36.647668558Z Stdout: [2;37m[ DEBUG   ]: 17:45:36 | system:  irqbalance                        x86_64  2:1.9.0-1.amzn2023.0.3          0fe36547f70d447dbb727161e90ce57e   49 k[0m
2026-09-24T17:45:36.666031328Z Stdout: [2;37m[ DEBUG   ]: 17:45:36 | system:  kernel                            x86_64  1:6.1.186-228.376.amzn2023      0fe36547f70d447dbb727161e90ce57e   31 M[0m
2026-09-24T17:45:36.684450182Z Stdout: [2;37m[ DEBUG   ]: 17:45:36 | system:  kernel-livepatch-repo-s3          noarch  2023.12.20260918-0.amzn2023     0fe36547f70d447dbb727161e90ce57e   12 k[0m
2026-09-24T17:45:36.702872802Z Stdout: [2;37m[ DEBUG   ]: 17:45:36 | system:  less                              x86_64  608-2.amzn2023.0.2              0fe36547f70d447dbb727161e90ce57e  168 k[0m
2026-09-24T17:45:36.721473224Z Stdout: [2;37m[ DEBUG   ]: 17:45:36 | system:  man-db                            x86_64  2.9.3-3.amzn2023.0.3            0fe36547f70d447dbb727161e90ce57e  1.1 M[0m
2026-09-24T17:45:36.740276092Z Stdout: [2;37m[ DEBUG   ]: 17:45:36 | system:  ncurses                           x86_64  6.6-1.amzn2023.0.1              0fe36547f70d447dbb727161e90ce57e  426 k[0m
2026-09-24T17:45:36.759127240Z Stdout: [2;37m[ DEBUG   ]: 17:45:36 | system:  openssh-clients                   x86_64  9.9p1-10.amzn2023.0.2           0fe36547f70d447dbb727161e90ce57e  781 k[0m
2026-09-24T17:45:36.777687674Z Stdout: [2;37m[ DEBUG   ]: 17:45:36 | system:  passwd                            x86_64  0.80-10.amzn2023.0.2            0fe36547f70d447dbb727161e90ce57e  108 k[0m
2026-09-24T17:45:36.796138363Z Stdout: [2;37m[ DEBUG   ]: 17:45:36 | system:  policycoreutils                   x86_64  3.4-6.amzn2023.0.3              0fe36547f70d447dbb727161e90ce57e  210 k[0m
2026-09-24T17:45:36.814405340Z Stdout: [2;37m[ DEBUG   ]: 17:45:36 | system:  procps-ng                         x86_64  3.3.17-1.amzn2023.0.2           0fe36547f70d447dbb727161e90ce57e  331 k[0m
2026-09-24T17:45:36.832742634Z Stdout: [2;37m[ DEBUG   ]: 17:45:36 | system:  psmisc                            x86_64  23.4-1.amzn2023.0.2             0fe36547f70d447dbb727161e90ce57e  227 k[0m
2026-09-24T17:45:36.851106826Z Stdout: [2;37m[ DEBUG   ]: 17:45:36 | system:  rng-tools                         x86_64  6.17-1.amzn2023.0.1             0fe36547f70d447dbb727161e90ce57e   74 k[0m
2026-09-24T17:45:36.869605059Z Stdout: [2;37m[ DEBUG   ]: 17:45:36 | system:  rootfiles                         noarch  8.1-29.amzn2023.0.2             0fe36547f70d447dbb727161e90ce57e  9.5 k[0m
2026-09-24T17:45:36.887910987Z Stdout: [2;37m[ DEBUG   ]: 17:45:36 | system:  rpm-plugin-systemd-inhibit        x86_64  4.16.1.3-29.amzn2023.0.7        0fe36547f70d447dbb727161e90ce57e   14 k[0m
2026-09-24T17:45:36.906394799Z Stdout: [2;37m[ DEBUG   ]: 17:45:36 | system:  selinux-policy-targeted           noarch  38.1.76-1.amzn2023.0.2          0fe36547f70d447dbb727161e90ce57e  6.5 M[0m
2026-09-24T17:45:36.924726969Z Stdout: [2;37m[ DEBUG   ]: 17:45:36 | system:  shadow-utils                      x86_64  2:4.9-12.amzn2023.0.4           0fe36547f70d447dbb727161e90ce57e  1.1 M[0m
2026-09-24T17:45:36.943146532Z Stdout: [2;37m[ DEBUG   ]: 17:45:36 | system:  sudo                              x86_64  1.9.15-1.p5.amzn2023.0.3        0fe36547f70d447dbb727161e90ce57e  1.3 M[0m
2026-09-24T17:45:36.961737134Z Stdout: [2;37m[ DEBUG   ]: 17:45:36 | system:  sysctl-defaults                   noarch  1.0-3.amzn2023                  0fe36547f70d447dbb727161e90ce57e  8.5 k[0m
2026-09-24T17:45:36.980705735Z Stdout: [2;37m[ DEBUG   ]: 17:45:36 | system:  systemd                           x86_64  252.23-12.amzn2023              0fe36547f70d447dbb727161e90ce57e  4.2 M[0m
2026-09-24T17:45:36.999270094Z Stdout: [2;37m[ DEBUG   ]: 17:45:36 | system:  systemd-networkd                  x86_64  252.23-12.amzn2023              0fe36547f70d447dbb727161e90ce57e  605 k[0m
2026-09-24T17:45:37.017731524Z Stdout: [2;37m[ DEBUG   ]: 17:45:37 | system:  systemd-resolved                  x86_64  252.23-12.amzn2023              0fe36547f70d447dbb727161e90ce57e  268 k[0m
2026-09-24T17:45:37.036312027Z Stdout: [2;37m[ DEBUG   ]: 17:45:37 | system:  util-linux                        x86_64  2.37.4-1.amzn2023.0.6           0fe36547f70d447dbb727161e90ce57e  2.2 M[0m
2026-09-24T17:45:37.054880763Z Stdout: [2;37m[ DEBUG   ]: 17:45:37 | system:  vim-minimal                       x86_64  2:9.2.920-1.amzn2023.0.1        0fe36547f70d447dbb727161e90ce57e  850 k[0m
2026-09-24T17:45:37.073429255Z Stdout: [2;37m[ DEBUG   ]: 17:45:37 | system:  xfsprogs                          x86_64  6.12.0-3.amzn2023.0.1           0fe36547f70d447dbb727161e90ce57e  1.1 M[0m
2026-09-24T17:45:37.091803874Z Stdout: [2;37m[ DEBUG   ]: 17:45:37 | system:  yum                               noarch  4.14.0-1.amzn2023.0.7           0fe36547f70d447dbb727161e90ce57e   30 k[0m
2026-09-24T17:45:37.110221709Z Stdout: [2;37m[ DEBUG   ]: 17:45:37 | system:  zstd                              x86_64  1.5.5-1.amzn2023.0.1            0fe36547f70d447dbb727161e90ce57e  478 k[0m
2026-09-24T17:45:37.114318284Z Stdout: [2;37m[ DEBUG   ]: 17:45:37 | system: Installing dependencies:[0m
2026-09-24T17:45:37.132806665Z Stdout: [2;37m[ DEBUG   ]: 17:45:37 | system:  amazon-linux-sb-keys              noarch  2023.1-1.amzn2023.0.6           0fe36547f70d447dbb727161e90ce57e   24 k[0m
2026-09-24T17:45:37.151246997Z Stdout: [2;37m[ DEBUG   ]: 17:45:37 | system:  amazon-rpm-config                 noarch  228-11.amzn2023.0.1             0fe36547f70d447dbb727161e90ce57e   69 k[0m
2026-09-24T17:45:37.169677027Z Stdout: [2;37m[ DEBUG   ]: 17:45:37 | system:  amd-ucode-firmware                noarch  20210208-117.amzn2023.0.7       0fe36547f70d447dbb727161e90ce57e  121 k[0m
2026-09-24T17:45:37.188073447Z Stdout: [2;37m[ DEBUG   ]: 17:45:37 | system:  bc                                x86_64  1.07.1-14.amzn2023.0.2          0fe36547f70d447dbb727161e90ce57e  120 k[0m
2026-09-24T17:45:37.206478007Z Stdout: [2;37m[ DEBUG   ]: 17:45:37 | system:  brotli                            x86_64  1.0.9-4.amzn2023.0.2            0fe36547f70d447dbb727161e90ce57e  314 k[0m
2026-09-24T17:45:37.224894154Z Stdout: [2;37m[ DEBUG   ]: 17:45:37 | system:  brotli-devel                      x86_64  1.0.9-4.amzn2023.0.2            0fe36547f70d447dbb727161e90ce57e   31 k[0m
2026-09-24T17:45:37.243394500Z Stdout: [2;37m[ DEBUG   ]: 17:45:37 | system:  cmake-filesystem                  x86_64  3.22.2-1.amzn2023.0.6           0fe36547f70d447dbb727161e90ce57e   12 k[0m
2026-09-24T17:45:37.261781889Z Stdout: [2;37m[ DEBUG   ]: 17:45:37 | system:  cpio                              x86_64  2.13-13.amzn2023.0.3            0fe36547f70d447dbb727161e90ce57e  272 k[0m
2026-09-24T17:45:37.280288983Z Stdout: [2;37m[ DEBUG   ]: 17:45:37 | system:  cracklib                          x86_64  2.9.6-27.amzn2023.0.2           0fe36547f70d447dbb727161e90ce57e   82 k[0m
2026-09-24T17:45:37.298756566Z Stdout: [2;37m[ DEBUG   ]: 17:45:37 | system:  cracklib-dicts                    x86_64  2.9.6-27.amzn2023.0.2           0fe36547f70d447dbb727161e90ce57e  3.6 M[0m
2026-09-24T17:45:37.317116283Z Stdout: [2;37m[ DEBUG   ]: 17:45:37 | system:  cryptsetup-libs                   x86_64  2.6.1-1.amzn2023.0.1            0fe36547f70d447dbb727161e90ce57e  489 k[0m
2026-09-24T17:45:37.335524262Z Stdout: [2;37m[ DEBUG   ]: 17:45:37 | system:  cyrus-sasl-lib                    x86_64  2.1.27-18.amzn2023.0.3          0fe36547f70d447dbb727161e90ce57e  786 k[0m
2026-09-24T17:45:37.353963539Z Stdout: [2;37m[ DEBUG   ]: 17:45:37 | system:  dbus                              x86_64  1:1.12.28-1.amzn2023.0.1        0fe36547f70d447dbb727161e90ce57e  8.5 k[0m
2026-09-24T17:45:37.372422054Z Stdout: [2;37m[ DEBUG   ]: 17:45:37 | system:  dbus-broker                       x86_64  32-1.amzn2023.0.2               0fe36547f70d447dbb727161e90ce57e  174 k[0m
2026-09-24T17:45:37.390897759Z Stdout: [2;37m[ DEBUG   ]: 17:45:37 | system:  dbus-common                       noarch  1:1.12.28-1.amzn2023.0.1        0fe36547f70d447dbb727161e90ce57e   15 k[0m
2026-09-24T17:45:37.409618045Z Stdout: [2;37m[ DEBUG   ]: 17:45:37 | system:  dbus-libs                         x86_64  1:1.12.28-1.amzn2023.0.1        0fe36547f70d447dbb727161e90ce57e  153 k[0m
2026-09-24T17:45:37.428315815Z Stdout: [2;37m[ DEBUG   ]: 17:45:37 | system:  device-mapper                     x86_64  1.02.185-1.amzn2023.0.5         0fe36547f70d447dbb727161e90ce57e  137 k[0m
2026-09-24T17:45:37.446923882Z Stdout: [2;37m[ DEBUG   ]: 17:45:37 | system:  device-mapper-event               x86_64  1.02.185-1.amzn2023.0.5         0fe36547f70d447dbb727161e90ce57e   31 k[0m
2026-09-24T17:45:37.465470855Z Stdout: [2;37m[ DEBUG   ]: 17:45:37 | system:  device-mapper-event-libs          x86_64  1.02.185-1.amzn2023.0.5         0fe36547f70d447dbb727161e90ce57e   30 k[0m
2026-09-24T17:45:37.484103155Z Stdout: [2;37m[ DEBUG   ]: 17:45:37 | system:  device-mapper-libs                x86_64  1.02.185-1.amzn2023.0.5         0fe36547f70d447dbb727161e90ce57e  177 k[0m
2026-09-24T17:45:37.502915413Z Stdout: [2;37m[ DEBUG   ]: 17:45:37 | system:  device-mapper-persistent-data     x86_64  0.9.0-7.amzn2023.0.4            0fe36547f70d447dbb727161e90ce57e  791 k[0m
2026-09-24T17:45:37.521340826Z Stdout: [2;37m[ DEBUG   ]: 17:45:37 | system:  dialog                            x86_64  1.3-51.20240101.amzn2023        0fe36547f70d447dbb727161e90ce57e  245 k[0m
2026-09-24T17:45:37.539941472Z Stdout: [2;37m[ DEBUG   ]: 17:45:37 | system:  diffutils                         x86_64  3.8-1.amzn2023.0.2              0fe36547f70d447dbb727161e90ce57e  370 k[0m
2026-09-24T17:45:37.558395346Z Stdout: [2;37m[ DEBUG   ]: 17:45:37 | system:  dracut                            x86_64  102-3.amzn2023.0.4              0fe36547f70d447dbb727161e90ce57e  415 k[0m
2026-09-24T17:45:37.577459329Z Stdout: [2;37m[ DEBUG   ]: 17:45:37 | system:  dracut-kiwi-lib                   noarch  10.3.0-1.amzn2023               0fe36547f70d447dbb727161e90ce57e   38 k[0m
2026-09-24T17:45:37.596126726Z Stdout: [2;37m[ DEBUG   ]: 17:45:37 | system:  dwz                               x86_64  0.16-2.amzn2023.0.1             0fe36547f70d447dbb727161e90ce57e  138 k[0m
2026-09-24T17:45:37.615000928Z Stdout: [2;37m[ DEBUG   ]: 17:45:37 | system:  e2fsprogs                         x86_64  1.46.5-2.amzn2023.0.2           0fe36547f70d447dbb727161e90ce57e  1.0 M[0m
2026-09-24T17:45:37.633578837Z Stdout: [2;37m[ DEBUG   ]: 17:45:37 | system:  e2fsprogs-libs                    x86_64  1.46.5-2.amzn2023.0.2           0fe36547f70d447dbb727161e90ce57e  225 k[0m
2026-09-24T17:45:37.651850479Z Stdout: [2;37m[ DEBUG   ]: 17:45:37 | system:  efi-srpm-macros                   noarch  5-4.amzn2023.0.5                0fe36547f70d447dbb727161e90ce57e   23 k[0m
2026-09-24T17:45:37.670171277Z Stdout: [2;37m[ DEBUG   ]: 17:45:37 | system:  efivar                            x86_64  38-2.amzn2023.0.1               0fe36547f70d447dbb727161e90ce57e   51 k[0m
2026-09-24T17:45:37.688599488Z Stdout: [2;37m[ DEBUG   ]: 17:45:37 | system:  efivar-libs                       x86_64  38-2.amzn2023.0.1               0fe36547f70d447dbb727161e90ce57e  123 k[0m
2026-09-24T17:45:37.707140379Z Stdout: [2;37m[ DEBUG   ]: 17:45:37 | system:  elfutils-debuginfod-client        x86_64  0.188-3.amzn2023.0.3            0fe36547f70d447dbb727161e90ce57e   34 k[0m
2026-09-24T17:45:37.725468559Z Stdout: [2;37m[ DEBUG   ]: 17:45:37 | system:  file                              x86_64  5.39-7.amzn2023.0.4             0fe36547f70d447dbb727161e90ce57e   49 k[0m
2026-09-24T17:45:37.743808586Z Stdout: [2;37m[ DEBUG   ]: 17:45:37 | system:  findutils                         x86_64  1:4.8.0-2.amzn2023.0.2          0fe36547f70d447dbb727161e90ce57e  539 k[0m
2026-09-24T17:45:37.762173936Z Stdout: [2;37m[ DEBUG   ]: 17:45:37 | system:  fonts-srpm-macros                 noarch  1:2.0.5-12.amzn2023.0.2         0fe36547f70d447dbb727161e90ce57e   27 k[0m
2026-09-24T17:45:37.780874794Z Stdout: [2;37m[ DEBUG   ]: 17:45:37 | system:  fuse-libs                         x86_64  2.9.9-13.amzn2023.0.2           0fe36547f70d447dbb727161e90ce57e   98 k[0m
2026-09-24T17:45:37.799468247Z Stdout: [2;37m[ DEBUG   ]: 17:45:37 | system:  gawk                              x86_64  5.1.0-3.amzn2023.0.4            0fe36547f70d447dbb727161e90ce57e  1.0 M[0m
2026-09-24T17:45:37.817895212Z Stdout: [2;37m[ DEBUG   ]: 17:45:37 | system:  gdisk                             x86_64  1.0.8-1.amzn2023.0.2            0fe36547f70d447dbb727161e90ce57e  245 k[0m
2026-09-24T17:45:37.836231432Z Stdout: [2;37m[ DEBUG   ]: 17:45:37 | system:  ghc-srpm-macros                   noarch  1.5.0-4.amzn2023.0.2            0fe36547f70d447dbb727161e90ce57e  8.5 k[0m
2026-09-24T17:45:37.854646400Z Stdout: [2;37m[ DEBUG   ]: 17:45:37 | system:  glibc-gconv-extra                 x86_64  2.34-231.amzn2023.0.5           0fe36547f70d447dbb727161e90ce57e  1.6 M[0m
2026-09-24T17:45:37.872988130Z Stdout: [2;37m[ DEBUG   ]: 17:45:37 | system:  gnutls                            x86_64  3.8.10-4.amzn2023.0.2           0fe36547f70d447dbb727161e90ce57e  1.4 M[0m
2026-09-24T17:45:37.891376774Z Stdout: [2;37m[ DEBUG   ]: 17:45:37 | system:  go-srpm-macros                    noarch  3.8.0-1.amzn2023.0.1            0fe36547f70d447dbb727161e90ce57e   27 k[0m
2026-09-24T17:45:37.910099754Z Stdout: [2;37m[ DEBUG   ]: 17:45:37 | system:  groff-base                        x86_64  1.22.4-7.amzn2023.0.2           0fe36547f70d447dbb727161e90ce57e  1.0 M[0m
2026-09-24T17:45:37.928608625Z Stdout: [2;37m[ DEBUG   ]: 17:45:37 | system:  hwdata                            noarch  0.384-1.amzn2023.0.3            0fe36547f70d447dbb727161e90ce57e  1.6 M[0m
2026-09-24T17:45:37.947445094Z Stdout: [2;37m[ DEBUG   ]: 17:45:37 | system:  inih                              x86_64  58-2.amzn2023.0.1               0fe36547f70d447dbb727161e90ce57e   19 k[0m
2026-09-24T17:45:37.966245285Z Stdout: [2;37m[ DEBUG   ]: 17:45:37 | system:  jansson                           x86_64  2.14-0.amzn2023                 0fe36547f70d447dbb727161e90ce57e   46 k[0m
2026-09-24T17:45:37.984772871Z Stdout: [2;37m[ DEBUG   ]: 17:45:37 | system:  jitterentropy                     x86_64  3.4.1-4.amzn2023                0fe36547f70d447dbb727161e90ce57e   34 k[0m
2026-09-24T17:45:38.003591968Z Stdout: [2;37m[ DEBUG   ]: 17:45:38 | system:  jq                                x86_64  1.8.1-60.amzn2023               0fe36547f70d447dbb727161e90ce57e  215 k[0m
2026-09-24T17:45:38.022054774Z Stdout: [2;37m[ DEBUG   ]: 17:45:38 | system:  json-c-devel                      x86_64  0.14-8.amzn2023.0.2             0fe36547f70d447dbb727161e90ce57e   43 k[0m
2026-09-24T17:45:38.040409805Z Stdout: [2;37m[ DEBUG   ]: 17:45:38 | system:  kbd                               x86_64  2.4.0-2.amzn2023.0.4            0fe36547f70d447dbb727161e90ce57e  388 k[0m
2026-09-24T17:45:38.059012088Z Stdout: [2;37m[ DEBUG   ]: 17:45:38 | system:  kbd-misc                          noarch  2.4.0-2.amzn2023.0.4            0fe36547f70d447dbb727161e90ce57e  1.5 M[0m
2026-09-24T17:45:38.077997516Z Stdout: [2;37m[ DEBUG   ]: 17:45:38 | system:  kernel-srpm-macros                noarch  1.0-14.amzn2023.0.3             0fe36547f70d447dbb727161e90ce57e  8.8 k[0m
2026-09-24T17:45:38.096561839Z Stdout: [2;37m[ DEBUG   ]: 17:45:38 | system:  keyutils-libs-devel               x86_64  1.6.3-1.amzn2023.0.2            0fe36547f70d447dbb727161e90ce57e   55 k[0m
2026-09-24T17:45:38.114943212Z Stdout: [2;37m[ DEBUG   ]: 17:45:38 | system:  kmod                              x86_64  29-2.amzn2023.0.5               0fe36547f70d447dbb727161e90ce57e  112 k[0m
2026-09-24T17:45:38.133361047Z Stdout: [2;37m[ DEBUG   ]: 17:45:38 | system:  kmod-libs                         x86_64  29-2.amzn2023.0.5               0fe36547f70d447dbb727161e90ce57e   62 k[0m
2026-09-24T17:45:38.151689707Z Stdout: [2;37m[ DEBUG   ]: 17:45:38 | system:  kpartx                            x86_64  0.8.7-16.amzn2023.0.2           0fe36547f70d447dbb727161e90ce57e   50 k[0m
2026-09-24T17:45:38.170042437Z Stdout: [2;37m[ DEBUG   ]: 17:45:38 | system:  krb5-devel                        x86_64  1.21.3-8.amzn2023.0.1           0fe36547f70d447dbb727161e90ce57e  133 k[0m
2026-09-24T17:45:38.188369368Z Stdout: [2;37m[ DEBUG   ]: 17:45:38 | system:  libaio                            x86_64  0.3.111-11.amzn2023.0.2         0fe36547f70d447dbb727161e90ce57e   24 k[0m
2026-09-24T17:45:38.207259537Z Stdout: [2;37m[ DEBUG   ]: 17:45:38 | system:  libargon2                         x86_64  20171227-9.amzn2023.0.2         0fe36547f70d447dbb727161e90ce57e   29 k[0m
2026-09-24T17:45:38.225729769Z Stdout: [2;37m[ DEBUG   ]: 17:45:38 | system:  libbpf                            x86_64  2:1.6.1-3.amzn2023              0fe36547f70d447dbb727161e90ce57e  193 k[0m
2026-09-24T17:45:38.244142423Z Stdout: [2;37m[ DEBUG   ]: 17:45:38 | system:  libbrotli                         x86_64  1.0.9-4.amzn2023.0.2            0fe36547f70d447dbb727161e90ce57e  315 k[0m
2026-09-24T17:45:38.262562111Z Stdout: [2;37m[ DEBUG   ]: 17:45:38 | system:  libcbor                           x86_64  0.7.0-3.amzn2023.0.2            0fe36547f70d447dbb727161e90ce57e   57 k[0m
2026-09-24T17:45:38.281371434Z Stdout: [2;37m[ DEBUG   ]: 17:45:38 | system:  libcom_err-devel                  x86_64  1.46.5-2.amzn2023.0.2           0fe36547f70d447dbb727161e90ce57e   17 k[0m
2026-09-24T17:45:38.299652986Z Stdout: [2;37m[ DEBUG   ]: 17:45:38 | system:  libcurl-devel                     x86_64  8.21.0-5.amzn2023.0.1           0fe36547f70d447dbb727161e90ce57e  847 k[0m
2026-09-24T17:45:38.318441491Z Stdout: [2;37m[ DEBUG   ]: 17:45:38 | system:  libdb                             x86_64  5.3.28-49.amzn2023.0.2          0fe36547f70d447dbb727161e90ce57e  756 k[0m
2026-09-24T17:45:38.337192935Z Stdout: [2;37m[ DEBUG   ]: 17:45:38 | system:  libeconf                          x86_64  0.7.9-1.amzn2023.0.1            0fe36547f70d447dbb727161e90ce57e   36 k[0m
2026-09-24T17:45:38.355885390Z Stdout: [2;37m[ DEBUG   ]: 17:45:38 | system:  libedit                           x86_64  3.1-38.20210714cvs.amzn2023.0.2 0fe36547f70d447dbb727161e90ce57e  108 k[0m
2026-09-24T17:45:38.374391285Z Stdout: [2;37m[ DEBUG   ]: 17:45:38 | system:  libfdisk                          x86_64  2.37.4-1.amzn2023.0.6           0fe36547f70d447dbb727161e90ce57e  152 k[0m
2026-09-24T17:45:38.392736604Z Stdout: [2;37m[ DEBUG   ]: 17:45:38 | system:  libfido2                          x86_64  1.10.0-2.amzn2023.0.2           0fe36547f70d447dbb727161e90ce57e   95 k[0m
2026-09-24T17:45:38.411082982Z Stdout: [2;37m[ DEBUG   ]: 17:45:38 | system:  libidn2-devel                     x86_64  2.3.2-1.amzn2023.0.5            0fe36547f70d447dbb727161e90ce57e   59 k[0m
2026-09-24T17:45:38.429449391Z Stdout: [2;37m[ DEBUG   ]: 17:45:38 | system:  libkadm5                          x86_64  1.21.3-8.amzn2023.0.1           0fe36547f70d447dbb727161e90ce57e   77 k[0m
2026-09-24T17:45:38.447826415Z Stdout: [2;37m[ DEBUG   ]: 17:45:38 | system:  libkcapi                          x86_64  1.4.0-105.amzn2023.0.1          0fe36547f70d447dbb727161e90ce57e   46 k[0m
2026-09-24T17:45:38.466188602Z Stdout: [2;37m[ DEBUG   ]: 17:45:38 | system:  libkcapi-hmaccalc                 x86_64  1.4.0-105.amzn2023.0.1          0fe36547f70d447dbb727161e90ce57e   25 k[0m
2026-09-24T17:45:38.484682250Z Stdout: [2;37m[ DEBUG   ]: 17:45:38 | system:  libmnl                            x86_64  1.0.4-13.amzn2023.0.2           0fe36547f70d447dbb727161e90ce57e   29 k[0m
2026-09-24T17:45:38.502947418Z Stdout: [2;37m[ DEBUG   ]: 17:45:38 | system:  libnghttp2-devel                  x86_64  1.59.0-3.amzn2023.0.2           0fe36547f70d447dbb727161e90ce57e   53 k[0m
2026-09-24T17:45:38.521425168Z Stdout: [2;37m[ DEBUG   ]: 17:45:38 | system:  libnghttp3                        x86_64  1.15.0-1.amzn2023.0.1           0fe36547f70d447dbb727161e90ce57e   72 k[0m
2026-09-24T17:45:38.540085314Z Stdout: [2;37m[ DEBUG   ]: 17:45:38 | system:  libnghttp3-devel                  x86_64  1.15.0-1.amzn2023.0.1           0fe36547f70d447dbb727161e90ce57e   28 k[0m
2026-09-24T17:45:38.558612255Z Stdout: [2;37m[ DEBUG   ]: 17:45:38 | system:  libpipeline                       x86_64  1.5.3-2.amzn2023.0.2            0fe36547f70d447dbb727161e90ce57e   49 k[0m
2026-09-24T17:45:38.577372325Z Stdout: [2;37m[ DEBUG   ]: 17:45:38 | system:  libpkgconf                        x86_64  1.8.0-4.amzn2023.0.2            0fe36547f70d447dbb727161e90ce57e   37 k[0m
2026-09-24T17:45:38.595963315Z Stdout: [2;37m[ DEBUG   ]: 17:45:38 | system:  libpsl-devel                      x86_64  0.21.5-1.amzn2023.0.1           0fe36547f70d447dbb727161e90ce57e   33 k[0m
2026-09-24T17:45:38.614362362Z Stdout: [2;37m[ DEBUG   ]: 17:45:38 | system:  libpwquality                      x86_64  1.4.4-6.amzn2023.0.2            0fe36547f70d447dbb727161e90ce57e  106 k[0m
2026-09-24T17:45:38.632789472Z Stdout: [2;37m[ DEBUG   ]: 17:45:38 | system:  libseccomp                        x86_64  2.5.3-1.amzn2023.0.2            0fe36547f70d447dbb727161e90ce57e   71 k[0m
2026-09-24T17:45:38.651227300Z Stdout: [2;37m[ DEBUG   ]: 17:45:38 | system:  libselinux-devel                  x86_64  3.4-5.amzn2023.0.2              0fe36547f70d447dbb727161e90ce57e  115 k[0m
2026-09-24T17:45:38.670185359Z Stdout: [2;37m[ DEBUG   ]: 17:45:38 | system:  libselinux-utils                  x86_64  3.4-5.amzn2023.0.2              0fe36547f70d447dbb727161e90ce57e  142 k[0m
2026-09-24T17:45:38.688604801Z Stdout: [2;37m[ DEBUG   ]: 17:45:38 | system:  libsemanage                       x86_64  3.4-5.amzn2023.0.2              0fe36547f70d447dbb727161e90ce57e  121 k[0m
2026-09-24T17:45:38.707056138Z Stdout: [2;37m[ DEBUG   ]: 17:45:38 | system:  libsepol-devel                    x86_64  3.4-3.amzn2023.0.3              0fe36547f70d447dbb727161e90ce57e   42 k[0m
2026-09-24T17:45:38.725859427Z Stdout: [2;37m[ DEBUG   ]: 17:45:38 | system:  libsigsegv                        x86_64  2.13-2.amzn2023.0.2             0fe36547f70d447dbb727161e90ce57e   27 k[0m
2026-09-24T17:45:38.744525108Z Stdout: [2;37m[ DEBUG   ]: 17:45:38 | system:  libss                             x86_64  1.46.5-2.amzn2023.0.2           0fe36547f70d447dbb727161e90ce57e   33 k[0m
2026-09-24T17:45:38.763164730Z Stdout: [2;37m[ DEBUG   ]: 17:45:38 | system:  libssh                            x86_64  0.10.6-1.amzn2023.0.8           0fe36547f70d447dbb727161e90ce57e  215 k[0m
2026-09-24T17:45:38.782022345Z Stdout: [2;37m[ DEBUG   ]: 17:45:38 | system:  libssh-config                     noarch  0.10.6-1.amzn2023.0.8           0fe36547f70d447dbb727161e90ce57e  9.1 k[0m
2026-09-24T17:45:38.800822935Z Stdout: [2;37m[ DEBUG   ]: 17:45:38 | system:  libssh-devel                      x86_64  0.10.6-1.amzn2023.0.8           0fe36547f70d447dbb727161e90ce57e   39 k[0m
2026-09-24T17:45:38.819814612Z Stdout: [2;37m[ DEBUG   ]: 17:45:38 | system:  libuser                           x86_64  0.63-4.amzn2023.0.2             0fe36547f70d447dbb727161e90ce57e  382 k[0m
2026-09-24T17:45:38.838735580Z Stdout: [2;37m[ DEBUG   ]: 17:45:38 | system:  libutempter                       x86_64  1.2.1-4.amzn2023.0.2            0fe36547f70d447dbb727161e90ce57e   26 k[0m
2026-09-24T17:45:38.857391638Z Stdout: [2;37m[ DEBUG   ]: 17:45:38 | system:  libuuid-devel                     x86_64  2.37.4-1.amzn2023.0.6           0fe36547f70d447dbb727161e90ce57e   22 k[0m
2026-09-24T17:45:38.875832883Z Stdout: [2;37m[ DEBUG   ]: 17:45:38 | system:  libverto-devel                    x86_64  0.3.2-1.amzn2023.0.2            0fe36547f70d447dbb727161e90ce57e   15 k[0m
2026-09-24T17:45:38.894189179Z Stdout: [2;37m[ DEBUG   ]: 17:45:38 | system:  libxslt                           x86_64  1.1.43-1.amzn2023.0.3           0fe36547f70d447dbb727161e90ce57e  183 k[0m
2026-09-24T17:45:38.913090863Z Stdout: [2;37m[ DEBUG   ]: 17:45:38 | system:  linux-firmware-whence             noarch  20210208-117.amzn2023.0.7       0fe36547f70d447dbb727161e90ce57e   33 k[0m
2026-09-24T17:45:38.931568660Z Stdout: [2;37m[ DEBUG   ]: 17:45:38 | system:  logrotate                         x86_64  3.20.1-2.amzn2023.0.3           0fe36547f70d447dbb727161e90ce57e   78 k[0m
2026-09-24T17:45:38.949875265Z Stdout: [2;37m[ DEBUG   ]: 17:45:38 | system:  lua-srpm-macros                   noarch  1-4.amzn2023.0.2                0fe36547f70d447dbb727161e90ce57e  9.2 k[0m
2026-09-24T17:45:38.968936019Z Stdout: [2;37m[ DEBUG   ]: 17:45:38 | system:  lvm2                              x86_64  2.03.16-1.amzn2023.0.5          0fe36547f70d447dbb727161e90ce57e  1.5 M[0m
2026-09-24T17:45:38.987399288Z Stdout: [2;37m[ DEBUG   ]: 17:45:38 | system:  lvm2-libs                         x86_64  2.03.16-1.amzn2023.0.5          0fe36547f70d447dbb727161e90ce57e  985 k[0m
2026-09-24T17:45:39.006000839Z Stdout: [2;37m[ DEBUG   ]: 17:45:39 | system:  mdadm                             x86_64  4.2-3.amzn2023.0.5              0fe36547f70d447dbb727161e90ce57e  425 k[0m
2026-09-24T17:45:39.024550385Z Stdout: [2;37m[ DEBUG   ]: 17:45:39 | system:  microcode_ctl                     x86_64  2:2.1-53.amzn2023.0.16          0fe36547f70d447dbb727161e90ce57e  4.6 M[0m
2026-09-24T17:45:39.043375048Z Stdout: [2;37m[ DEBUG   ]: 17:45:39 | system:  mpfr                              x86_64  4.1.0-7.amzn2023.0.2            0fe36547f70d447dbb727161e90ce57e  330 k[0m
2026-09-24T17:45:39.061830018Z Stdout: [2;37m[ DEBUG   ]: 17:45:39 | system:  nettle                            x86_64  3.10.1-1.amzn2023.0.1           0fe36547f70d447dbb727161e90ce57e  573 k[0m
2026-09-24T17:45:39.080590309Z Stdout: [2;37m[ DEBUG   ]: 17:45:39 | system:  ngtcp2                            x86_64  1.21.0-1.amzn2023.0.2           0fe36547f70d447dbb727161e90ce57e  148 k[0m
2026-09-24T17:45:39.099069643Z Stdout: [2;37m[ DEBUG   ]: 17:45:39 | system:  ngtcp2-crypto-ossl                x86_64  1.21.0-1.amzn2023.0.2           0fe36547f70d447dbb727161e90ce57e   27 k[0m
2026-09-24T17:45:39.117593467Z Stdout: [2;37m[ DEBUG   ]: 17:45:39 | system:  ngtcp2-crypto-ossl-devel          x86_64  1.21.0-1.amzn2023.0.2           0fe36547f70d447dbb727161e90ce57e   12 k[0m
2026-09-24T17:45:39.135975286Z Stdout: [2;37m[ DEBUG   ]: 17:45:39 | system:  ngtcp2-devel                      x86_64  1.21.0-1.amzn2023.0.2           0fe36547f70d447dbb727161e90ce57e   51 k[0m
2026-09-24T17:45:39.154877114Z Stdout: [2;37m[ DEBUG   ]: 17:45:39 | system:  numactl-libs                      x86_64  2.0.14-3.amzn2023.0.3           0fe36547f70d447dbb727161e90ce57e   30 k[0m
2026-09-24T17:45:39.173887990Z Stdout: [2;37m[ DEBUG   ]: 17:45:39 | system:  ocaml-srpm-macros                 noarch  6-6.amzn2023.0.2                0fe36547f70d447dbb727161e90ce57e  8.8 k[0m
2026-09-24T17:45:39.192595589Z Stdout: [2;37m[ DEBUG   ]: 17:45:39 | system:  oniguruma                         x86_64  6.9.7.1-1.amzn2023.0.2          0fe36547f70d447dbb727161e90ce57e  216 k[0m
2026-09-24T17:45:39.211388769Z Stdout: [2;37m[ DEBUG   ]: 17:45:39 | system:  openblas-srpm-macros              noarch  2-9.amzn2023.0.2                0fe36547f70d447dbb727161e90ce57e  8.2 k[0m
2026-09-24T17:45:39.230096738Z Stdout: [2;37m[ DEBUG   ]: 17:45:39 | system:  openldap                          x86_64  2.4.57-6.amzn2023.0.7           0fe36547f70d447dbb727161e90ce57e  256 k[0m
2026-09-24T17:45:39.248832800Z Stdout: [2;37m[ DEBUG   ]: 17:45:39 | system:  openssh                           x86_64  9.9p1-10.amzn2023.0.2           0fe36547f70d447dbb727161e90ce57e  425 k[0m
2026-09-24T17:45:39.267523688Z Stdout: [2;37m[ DEBUG   ]: 17:45:39 | system:  openssl-devel                     x86_64  1:3.5.8-1.amzn2023.0.1          0fe36547f70d447dbb727161e90ce57e  3.5 M[0m
2026-09-24T17:45:39.286155753Z Stdout: [2;37m[ DEBUG   ]: 17:45:39 | system:  openssl-pkcs11                    x86_64  0.4.12-3.amzn2023.0.1           0fe36547f70d447dbb727161e90ce57e   76 k[0m
2026-09-24T17:45:39.304805177Z Stdout: [2;37m[ DEBUG   ]: 17:45:39 | system:  package-notes-srpm-macros         noarch  0.4-18.amzn2023.0.5             0fe36547f70d447dbb727161e90ce57e   13 k[0m
2026-09-24T17:45:39.323519780Z Stdout: [2;37m[ DEBUG   ]: 17:45:39 | system:  pam                               x86_64  1.5.1-8.amzn2023.0.8            0fe36547f70d447dbb727161e90ce57e  550 k[0m
2026-09-24T17:45:39.342213609Z Stdout: [2;37m[ DEBUG   ]: 17:45:39 | system:  parted                            x86_64  3.4-2.amzn2023.0.2              0fe36547f70d447dbb727161e90ce57e  584 k[0m
2026-09-24T17:45:39.360952697Z Stdout: [2;37m[ DEBUG   ]: 17:45:39 | system:  pciutils-libs                     x86_64  3.7.0-3.amzn2023.0.2            0fe36547f70d447dbb727161e90ce57e   41 k[0m
2026-09-24T17:45:39.379660086Z Stdout: [2;37m[ DEBUG   ]: 17:45:39 | system:  pcre2-devel                       x86_64  10.40-1.amzn2023.0.3            0fe36547f70d447dbb727161e90ce57e  473 k[0m
2026-09-24T17:45:39.398333389Z Stdout: [2;37m[ DEBUG   ]: 17:45:39 | system:  pcre2-utf16                       x86_64  10.40-1.amzn2023.0.3            0fe36547f70d447dbb727161e90ce57e  216 k[0m
2026-09-24T17:45:39.416952901Z Stdout: [2;37m[ DEBUG   ]: 17:45:39 | system:  pcre2-utf32                       x86_64  10.40-1.amzn2023.0.3            0fe36547f70d447dbb727161e90ce57e  205 k[0m
2026-09-24T17:45:39.435429168Z Stdout: [2;37m[ DEBUG   ]: 17:45:39 | system:  perl-srpm-macros                  noarch  1-39.amzn2023.0.2               0fe36547f70d447dbb727161e90ce57e  8.7 k[0m
2026-09-24T17:45:39.454007386Z Stdout: [2;37m[ DEBUG   ]: 17:45:39 | system:  pkgconf                           x86_64  1.8.0-4.amzn2023.0.2            0fe36547f70d447dbb727161e90ce57e   43 k[0m
2026-09-24T17:45:39.472583745Z Stdout: [2;37m[ DEBUG   ]: 17:45:39 | system:  pkgconf-m4                        noarch  1.8.0-4.amzn2023.0.2            0fe36547f70d447dbb727161e90ce57e   15 k[0m
2026-09-24T17:45:39.491104974Z Stdout: [2;37m[ DEBUG   ]: 17:45:39 | system:  pkgconf-pkg-config                x86_64  1.8.0-4.amzn2023.0.2            0fe36547f70d447dbb727161e90ce57e   11 k[0m
2026-09-24T17:45:39.509781237Z Stdout: [2;37m[ DEBUG   ]: 17:45:39 | system:  publicsuffix-list                 noarch  20260116-1.amzn2023.0.1         0fe36547f70d447dbb727161e90ce57e   92 k[0m
2026-09-24T17:45:39.528688056Z Stdout: [2;37m[ DEBUG   ]: 17:45:39 | system:  pv                                x86_64  1.6.20-63.amzn2023.0.3          0fe36547f70d447dbb727161e90ce57e   67 k[0m
2026-09-24T17:45:39.547345653Z Stdout: [2;37m[ DEBUG   ]: 17:45:39 | system:  python-srpm-macros                noarch  3.9-41.amzn2023.0.6             0fe36547f70d447dbb727161e90ce57e   20 k[0m
2026-09-24T17:45:39.565936882Z Stdout: [2;37m[ DEBUG   ]: 17:45:39 | system:  python3-awscrt                    x86_64  0.31.1-1.amzn2023.0.1           0fe36547f70d447dbb727161e90ce57e  1.8 M[0m
2026-09-24T17:45:39.584708630Z Stdout: [2;37m[ DEBUG   ]: 17:45:39 | system:  python3-colorama                  noarch  0.4.4-2.amzn2023.0.2            0fe36547f70d447dbb727161e90ce57e   33 k[0m
2026-09-24T17:45:39.603232709Z Stdout: [2;37m[ DEBUG   ]: 17:45:39 | system:  python3-dateutil                  noarch  1:2.8.1-3.amzn2023.0.2          0fe36547f70d447dbb727161e90ce57e  289 k[0m
2026-09-24T17:45:39.622024533Z Stdout: [2;37m[ DEBUG   ]: 17:45:39 | system:  python3-dbus                      x86_64  1.2.18-1.amzn2023.0.2           0fe36547f70d447dbb727161e90ce57e  134 k[0m
2026-09-24T17:45:39.640839600Z Stdout: [2;37m[ DEBUG   ]: 17:45:39 | system:  python3-distro                    noarch  1.5.0-5.amzn2023.0.2            0fe36547f70d447dbb727161e90ce57e   36 k[0m
2026-09-24T17:45:39.659520715Z Stdout: [2;37m[ DEBUG   ]: 17:45:39 | system:  python3-dnf-plugins-core          noarch  4.3.0-13.amzn2023.0.6           0fe36547f70d447dbb727161e90ce57e  230 k[0m
2026-09-24T17:45:39.678173261Z Stdout: [2;37m[ DEBUG   ]: 17:45:39 | system:  python3-docutils                  noarch  0.16-4.amzn2023.0.2             0fe36547f70d447dbb727161e90ce57e  1.5 M[0m
2026-09-24T17:45:39.697009108Z Stdout: [2;37m[ DEBUG   ]: 17:45:39 | system:  python3-elementpath               noarch  2.3.2-2.amzn2023                0fe36547f70d447dbb727161e90ce57e  274 k[0m
2026-09-24T17:45:39.715864903Z Stdout: [2;37m[ DEBUG   ]: 17:45:39 | system:  python3-idna                      noarch  2.10-3.amzn2023.0.4             0fe36547f70d447dbb727161e90ce57e   98 k[0m
2026-09-24T17:45:39.735163552Z Stdout: [2;37m[ DEBUG   ]: 17:45:39 | system:  python3-jmespath                  noarch  0.10.0-1.amzn2023.0.3           0fe36547f70d447dbb727161e90ce57e   46 k[0m
2026-09-24T17:45:39.753800881Z Stdout: [2;37m[ DEBUG   ]: 17:45:39 | system:  python3-lxml                      x86_64  4.7.1-3.amzn2023.0.3            0fe36547f70d447dbb727161e90ce57e  1.2 M[0m
2026-09-24T17:45:39.772195528Z Stdout: [2;37m[ DEBUG   ]: 17:45:39 | system:  python3-prompt-toolkit            noarch  3.0.24-1.amzn2023.0.2           0fe36547f70d447dbb727161e90ce57e  608 k[0m
2026-09-24T17:45:39.790617806Z Stdout: [2;37m[ DEBUG   ]: 17:45:39 | system:  python3-pysocks                   noarch  1.7.1-8.amzn2023.0.2            0fe36547f70d447dbb727161e90ce57e   34 k[0m
2026-09-24T17:45:39.808986386Z Stdout: [2;37m[ DEBUG   ]: 17:45:39 | system:  python3-ruamel-yaml               x86_64  0.16.6-5.amzn2023.0.2           0fe36547f70d447dbb727161e90ce57e  189 k[0m
2026-09-24T17:45:39.827352285Z Stdout: [2;37m[ DEBUG   ]: 17:45:39 | system:  python3-ruamel-yaml-clib          x86_64  0.1.2-6.amzn2023.0.2            0fe36547f70d447dbb727161e90ce57e  142 k[0m
2026-09-24T17:45:39.845706819Z Stdout: [2;37m[ DEBUG   ]: 17:45:39 | system:  python3-setuptools                noarch  59.6.0-2.amzn2023.0.6           0fe36547f70d447dbb727161e90ce57e  941 k[0m
2026-09-24T17:45:39.864037532Z Stdout: [2;37m[ DEBUG   ]: 17:45:39 | system:  python3-six                       noarch  1.15.0-5.amzn2023.0.2           0fe36547f70d447dbb727161e90ce57e   36 k[0m
2026-09-24T17:45:39.882349086Z Stdout: [2;37m[ DEBUG   ]: 17:45:39 | system:  python3-supportinfo               noarch  1.0.0-1.amzn2023                0fe36547f70d447dbb727161e90ce57e   30 k[0m
2026-09-24T17:45:39.900779712Z Stdout: [2;37m[ DEBUG   ]: 17:45:39 | system:  python3-systemd                   x86_64  235-51.amzn2023.0.2             0fe36547f70d447dbb727161e90ce57e   91 k[0m
2026-09-24T17:45:39.919195504Z Stdout: [2;37m[ DEBUG   ]: 17:45:39 | system:  python3-urllib3                   noarch  1.25.10-5.amzn2023.0.7          0fe36547f70d447dbb727161e90ce57e  179 k[0m
2026-09-24T17:45:39.937561210Z Stdout: [2;37m[ DEBUG   ]: 17:45:39 | system:  python3-wcwidth                   noarch  0.2.5-3.amzn2023.0.2            0fe36547f70d447dbb727161e90ce57e   41 k[0m
2026-09-24T17:45:39.955978929Z Stdout: [2;37m[ DEBUG   ]: 17:45:39 | system:  python3-xmlschema                 noarch  1.4.2-1.amzn2023.0.2            0fe36547f70d447dbb727161e90ce57e  330 k[0m
2026-09-24T17:45:39.974336677Z Stdout: [2;37m[ DEBUG   ]: 17:45:39 | system:  rpm-plugin-selinux                x86_64  4.16.1.3-29.amzn2023.0.7        0fe36547f70d447dbb727161e90ce57e   14 k[0m
2026-09-24T17:45:39.992677073Z Stdout: [2;37m[ DEBUG   ]: 17:45:39 | system:  rust-toolset-srpm-macros          noarch  1.98.0-1.amzn2023               0fe36547f70d447dbb727161e90ce57e   14 k[0m
2026-09-24T17:45:40.011602595Z Stdout: [2;37m[ DEBUG   ]: 17:45:40 | system:  sbsigntools                       x86_64  0.9.4-8.amzn2023.0.2            0fe36547f70d447dbb727161e90ce57e   88 k[0m
2026-09-24T17:45:40.029988489Z Stdout: [2;37m[ DEBUG   ]: 17:45:40 | system:  selinux-policy                    noarch  38.1.76-1.amzn2023.0.2          0fe36547f70d447dbb727161e90ce57e   42 k[0m
2026-09-24T17:45:40.048405984Z Stdout: [2;37m[ DEBUG   ]: 17:45:40 | system:  systemd-libs                      x86_64  252.23-12.amzn2023              0fe36547f70d447dbb727161e90ce57e  614 k[0m
2026-09-24T17:45:40.066846616Z Stdout: [2;37m[ DEBUG   ]: 17:45:40 | system:  systemd-pam                       x86_64  252.23-12.amzn2023              0fe36547f70d447dbb727161e90ce57e  317 k[0m
2026-09-24T17:45:40.085217495Z Stdout: [2;37m[ DEBUG   ]: 17:45:40 | system:  systemd-udev                      x86_64  252.23-12.amzn2023              0fe36547f70d447dbb727161e90ce57e  2.0 M[0m
2026-09-24T17:45:40.103630963Z Stdout: [2;37m[ DEBUG   ]: 17:45:40 | system:  tpm2-tss                          x86_64  4.0.2-1.amzn2023.0.1            0fe36547f70d447dbb727161e90ce57e  411 k[0m
2026-09-24T17:45:40.122051041Z Stdout: [2;37m[ DEBUG   ]: 17:45:40 | system:  tpm2-tss-devel                    x86_64  4.0.2-1.amzn2023.0.1            0fe36547f70d447dbb727161e90ce57e  318 k[0m
2026-09-24T17:45:40.140483909Z Stdout: [2;37m[ DEBUG   ]: 17:45:40 | system:  tpm2-tss-fapi                     x86_64  4.0.2-1.amzn2023.0.1            0fe36547f70d447dbb727161e90ce57e  345 k[0m
2026-09-24T17:45:40.158930875Z Stdout: [2;37m[ DEBUG   ]: 17:45:40 | system:  unzip                             x86_64  6.0-68.amzn2023.0.2             0fe36547f70d447dbb727161e90ce57e  181 k[0m
2026-09-24T17:45:40.177281766Z Stdout: [2;37m[ DEBUG   ]: 17:45:40 | system:  userspace-rcu                     x86_64  0.12.1-3.amzn2023.0.4           0fe36547f70d447dbb727161e90ce57e  105 k[0m
2026-09-24T17:45:40.195750279Z Stdout: [2;37m[ DEBUG   ]: 17:45:40 | system:  util-linux-core                   x86_64  2.37.4-1.amzn2023.0.6           0fe36547f70d447dbb727161e90ce57e  436 k[0m
2026-09-24T17:45:40.214108666Z Stdout: [2;37m[ DEBUG   ]: 17:45:40 | system:  vim-data                          noarch  2:9.2.920-1.amzn2023.0.1        0fe36547f70d447dbb727161e90ce57e   20 k[0m
2026-09-24T17:45:40.232529089Z Stdout: [2;37m[ DEBUG   ]: 17:45:40 | system:  xz                                x86_64  5.2.5-9.amzn2023.0.2            0fe36547f70d447dbb727161e90ce57e  215 k[0m
2026-09-24T17:45:40.251048682Z Stdout: [2;37m[ DEBUG   ]: 17:45:40 | system:  zip                               x86_64  3.0-28.amzn2023.0.4             0fe36547f70d447dbb727161e90ce57e  263 k[0m
2026-09-24T17:45:40.269302303Z Stdout: [2;37m[ DEBUG   ]: 17:45:40 | system:  zlib-devel                        x86_64  1.2.11-33.amzn2023.0.6          0fe36547f70d447dbb727161e90ce57e   44 k[0m
2026-09-24T17:45:40.272391870Z Stdout: [2;37m[ DEBUG   ]: 17:45:40 | system: Installing Groups:[0m
2026-09-24T17:45:40.290861582Z Stdout: [2;37m[ DEBUG   ]: 17:45:40 | system:  AMI (minimal)                                                                                                    [0m
2026-09-24T17:45:40.309158715Z Stdout: [2;37m[ DEBUG   ]: 17:45:40 | system:  Core                                                                                                             [0m
2026-09-24T17:45:40.312545561Z Stdout: [2;37m[ DEBUG   ]: 17:45:40 | system: Transaction Summary[0m
2026-09-24T17:45:40.331058676Z Stdout: [2;37m[ DEBUG   ]: 17:45:40 | system: ==================================================================================================================[0m
2026-09-24T17:45:40.334558292Z Stdout: [2;37m[ DEBUG   ]: 17:45:40 | system: Install  226 Packages[0m
2026-09-24T17:45:40.339019679Z Stdout: [2;37m[ DEBUG   ]: 17:45:40 | system: Total download size: 153 M[0m
2026-09-24T17:45:40.342672991Z Stdout: [2;37m[ DEBUG   ]: 17:45:40 | system: Installed size: 786 M[0m
2026-09-24T17:45:40.346211430Z Stdout: [2;37m[ DEBUG   ]: 17:45:40 | system: Downloading Packages:[0m
2026-09-24T17:45:40.359055142Z Stdout: [2;37m[ DEBUG   ]: 17:45:40 | system: (1/226): amazon-ec2-net-utils-2.7.6-1.amzn2023. 1.9 MB/s |  22 kB     00:00    [0m
2026-09-24T17:45:40.371874504Z Stdout: [2;37m[ DEBUG   ]: 17:45:40 | system: (2/226): amazon-linux-sb-keys-2023.1-1.amzn2023 2.1 MB/s |  24 kB     00:00    [0m
2026-09-24T17:45:40.384700276Z Stdout: [2;37m[ DEBUG   ]: 17:45:40 | system: (3/226): amazon-chrony-config-4.3-1.amzn2023.0. 986 kB/s |  13 kB     00:00    [0m
2026-09-24T17:45:40.397543741Z Stdout: [2;37m[ DEBUG   ]: 17:45:40 | system: (4/226): amazon-rpm-config-228-11.amzn2023.0.1. 7.2 MB/s |  69 kB     00:00    [0m
2026-09-24T17:45:40.410324651Z Stdout: [2;37m[ DEBUG   ]: 17:45:40 | system: (5/226): amd-ucode-firmware-20210208-117.amzn20  11 MB/s | 121 kB     00:00    [0m
2026-09-24T17:45:40.423204919Z Stdout: [2;37m[ DEBUG   ]: 17:45:40 | system: (6/226): audit-3.1.5-1.amzn2023.0.2.x86_64.rpm   18 MB/s | 254 kB     00:00    [0m
2026-09-24T17:45:40.435988146Z Stdout: [2;37m[ DEBUG   ]: 17:45:40 | system: (7/226): bc-1.07.1-14.amzn2023.0.2.x86_64.rpm   9.4 MB/s | 120 kB     00:00    [0m
2026-09-24T17:45:40.448799586Z Stdout: [2;37m[ DEBUG   ]: 17:45:40 | system: (8/226): aws-nitro-tpm-tools-1.1.2-1.amzn2023.x  68 MB/s | 1.9 MB     00:00    [0m
2026-09-24T17:45:40.461538055Z Stdout: [2;37m[ DEBUG   ]: 17:45:40 | system: (9/226): brotli-1.0.9-4.amzn2023.0.2.x86_64.rpm  18 MB/s | 314 kB     00:00    [0m
2026-09-24T17:45:40.474417842Z Stdout: [2;37m[ DEBUG   ]: 17:45:40 | system: (10/226): brotli-devel-1.0.9-4.amzn2023.0.2.x86 2.2 MB/s |  31 kB     00:00    [0m
2026-09-24T17:45:40.487199028Z Stdout: [2;37m[ DEBUG   ]: 17:45:40 | system: (11/226): chrony-4.3-1.amzn2023.0.6.x86_64.rpm   21 MB/s | 321 kB     00:00    [0m
2026-09-24T17:45:40.500000333Z Stdout: [2;37m[ DEBUG   ]: 17:45:40 | system: (12/226): binutils-2.41-50.amzn2023.0.5.x86_64.  78 MB/s | 5.4 MB     00:00    [0m
2026-09-24T17:45:40.512839230Z Stdout: [2;37m[ DEBUG   ]: 17:45:40 | system: (13/226): cloud-utils-growpart-0.31-8.amzn2023. 1.6 MB/s |  31 kB     00:00    [0m
2026-09-24T17:45:40.525587851Z Stdout: [2;37m[ DEBUG   ]: 17:45:40 | system: (14/226): cmake-filesystem-3.22.2-1.amzn2023.0. 921 kB/s |  12 kB     00:00    [0m
2026-09-24T17:45:40.538370621Z Stdout: [2;37m[ DEBUG   ]: 17:45:40 | system: (15/226): cpio-2.13-13.amzn2023.0.3.x86_64.rpm   20 MB/s | 272 kB     00:00    [0m
2026-09-24T17:45:40.551201446Z Stdout: [2;37m[ DEBUG   ]: 17:45:40 | system: (16/226): awscli-2-2.33.15-1.amzn2023.0.1.noarc  96 MB/s |  13 MB     00:00    [0m
2026-09-24T17:45:40.563976333Z Stdout: [2;37m[ DEBUG   ]: 17:45:40 | system: (17/226): cracklib-2.9.6-27.amzn2023.0.2.x86_64 2.2 MB/s |  82 kB     00:00    [0m
2026-09-24T17:45:40.576743920Z Stdout: [2;37m[ DEBUG   ]: 17:45:40 | system: (18/226): cracklib-dicts-2.9.6-27.amzn2023.0.2.  77 MB/s | 3.6 MB     00:00    [0m
2026-09-24T17:45:40.589536921Z Stdout: [2;37m[ DEBUG   ]: 17:45:40 | system: (19/226): cryptsetup-2.6.1-1.amzn2023.0.1.x86_6  13 MB/s | 300 kB     00:00    [0m
2026-09-24T17:45:40.602332706Z Stdout: [2;37m[ DEBUG   ]: 17:45:40 | system: (20/226): cryptsetup-libs-2.6.1-1.amzn2023.0.1.  20 MB/s | 489 kB     00:00    [0m
2026-09-24T17:45:40.615144569Z Stdout: [2;37m[ DEBUG   ]: 17:45:40 | system: (21/226): cyrus-sasl-lib-2.1.27-18.amzn2023.0.3  55 MB/s | 786 kB     00:00    [0m
2026-09-24T17:45:40.627911498Z Stdout: [2;37m[ DEBUG   ]: 17:45:40 | system: (22/226): dbus-1.12.28-1.amzn2023.0.1.x86_64.rp 655 kB/s | 8.5 kB     00:00    [0m
2026-09-24T17:45:40.642924788Z Stdout: [2;37m[ DEBUG   ]: 17:45:40 | system: (23/226): dbus-broker-32-1.amzn2023.0.2.x86_64.  14 MB/s | 174 kB     00:00    [0m
2026-09-24T17:45:40.653937636Z Stdout: [2;37m[ DEBUG   ]: 17:45:40 | system: (24/226): dbus-common-1.12.28-1.amzn2023.0.1.no 1.6 MB/s |  15 kB     00:00    [0m
2026-09-24T17:45:40.666794399Z Stdout: [2;37m[ DEBUG   ]: 17:45:40 | system: (25/226): dbus-libs-1.12.28-1.amzn2023.0.1.x86_  15 MB/s | 153 kB     00:00    [0m
2026-09-24T17:45:40.679644339Z Stdout: [2;37m[ DEBUG   ]: 17:45:40 | system: (26/226): device-mapper-1.02.185-1.amzn2023.0.5  14 MB/s | 137 kB     00:00    [0m
2026-09-24T17:45:40.692430534Z Stdout: [2;37m[ DEBUG   ]: 17:45:40 | system: (27/226): device-mapper-event-1.02.185-1.amzn20 3.1 MB/s |  31 kB     00:00    [0m
2026-09-24T17:45:40.705217647Z Stdout: [2;37m[ DEBUG   ]: 17:45:40 | system: (28/226): device-mapper-event-libs-1.02.185-1.a 3.5 MB/s |  30 kB     00:00    [0m
2026-09-24T17:45:40.717969211Z Stdout: [2;37m[ DEBUG   ]: 17:45:40 | system: (29/226): device-mapper-libs-1.02.185-1.amzn202  18 MB/s | 177 kB     00:00    [0m
2026-09-24T17:45:40.730818767Z Stdout: [2;37m[ DEBUG   ]: 17:45:40 | system: (30/226): device-mapper-persistent-data-0.9.0-7  46 MB/s | 791 kB     00:00    [0m
2026-09-24T17:45:40.743594080Z Stdout: [2;37m[ DEBUG   ]: 17:45:40 | system: (31/226): dialog-1.3-51.20240101.amzn2023.x86_6  13 MB/s | 245 kB     00:00    [0m
2026-09-24T17:45:40.756286568Z Stdout: [2;37m[ DEBUG   ]: 17:45:40 | system: (32/226): diffutils-3.8-1.amzn2023.0.2.x86_64.r  21 MB/s | 370 kB     00:00    [0m
2026-09-24T17:45:40.769109509Z Stdout: [2;37m[ DEBUG   ]: 17:45:40 | system: (33/226): dnf-plugin-release-notification-1.4-1 2.3 MB/s |  26 kB     00:00    [0m
2026-09-24T17:45:40.781870057Z Stdout: [2;37m[ DEBUG   ]: 17:45:40 | system: (34/226): dnf-plugins-core-4.3.0-13.amzn2023.0. 5.0 MB/s |  32 kB     00:00    [0m
2026-09-24T17:45:40.794580210Z Stdout: [2;37m[ DEBUG   ]: 17:45:40 | system: (35/226): dnf-plugin-support-info-2.0.0-231.amz  11 MB/s | 149 kB     00:00    [0m
2026-09-24T17:45:40.807431939Z Stdout: [2;37m[ DEBUG   ]: 17:45:40 | system: (36/226): dracut-config-ec2-3.1-1.amzn2023.0.1. 1.2 MB/s | 8.8 kB     00:00    [0m
2026-09-24T17:45:40.820195553Z Stdout: [2;37m[ DEBUG   ]: 17:45:40 | system: (37/226): dracut-102-3.amzn2023.0.4.x86_64.rpm   26 MB/s | 415 kB     00:00    [0m
2026-09-24T17:45:40.832946828Z Stdout: [2;37m[ DEBUG   ]: 17:45:40 | system: (38/226): dracut-config-generic-102-3.amzn2023. 840 kB/s | 9.7 kB     00:00    [0m
2026-09-24T17:45:40.845738419Z Stdout: [2;37m[ DEBUG   ]: 17:45:40 | system: (39/226): dracut-kiwi-lib-10.3.0-1.amzn2023.noa 3.4 MB/s |  38 kB     00:00    [0m
2026-09-24T17:45:40.858517671Z Stdout: [2;37m[ DEBUG   ]: 17:45:40 | system: (40/226): dracut-kiwi-overlay-10.3.0-1.amzn2023 3.3 MB/s |  28 kB     00:00    [0m
2026-09-24T17:45:40.871319235Z Stdout: [2;37m[ DEBUG   ]: 17:45:40 | system: (41/226): dracut-kiwi-verity-10.3.0-1.amzn2023. 2.6 MB/s |  22 kB     00:00    [0m
2026-09-24T17:45:40.884091776Z Stdout: [2;37m[ DEBUG   ]: 17:45:40 | system: (42/226): dwz-0.16-2.amzn2023.0.1.x86_64.rpm     12 MB/s | 138 kB     00:00    [0m
2026-09-24T17:45:40.896864194Z Stdout: [2;37m[ DEBUG   ]: 17:45:40 | system: (43/226): e2fsprogs-libs-1.46.5-2.amzn2023.0.2.  22 MB/s | 225 kB     00:00    [0m
2026-09-24T17:45:40.909714077Z Stdout: [2;37m[ DEBUG   ]: 17:45:40 | system: (44/226): e2fsprogs-1.46.5-2.amzn2023.0.2.x86_6  52 MB/s | 1.0 MB     00:00    [0m
2026-09-24T17:45:40.922494378Z Stdout: [2;37m[ DEBUG   ]: 17:45:40 | system: (45/226): ec2-utils-2.3.0-1.amzn2023.0.1.noarch 1.4 MB/s |  18 kB     00:00    [0m
2026-09-24T17:45:40.935301146Z Stdout: [2;37m[ DEBUG   ]: 17:45:40 | system: (46/226): efi-srpm-macros-5-4.amzn2023.0.5.noar 2.0 MB/s |  23 kB     00:00    [0m
2026-09-24T17:45:40.948077063Z Stdout: [2;37m[ DEBUG   ]: 17:45:40 | system: (47/226): efivar-38-2.amzn2023.0.1.x86_64.rpm   7.9 MB/s |  51 kB     00:00    [0m
2026-09-24T17:45:40.960970038Z Stdout: [2;37m[ DEBUG   ]: 17:45:40 | system: (48/226): efivar-libs-38-2.amzn2023.0.1.x86_64.  11 MB/s | 123 kB     00:00    [0m
2026-09-24T17:45:40.973636366Z Stdout: [2;37m[ DEBUG   ]: 17:45:40 | system: (49/226): elfutils-debuginfod-client-0.188-3.am 3.1 MB/s |  34 kB     00:00    [0m
2026-09-24T17:45:40.986436655Z Stdout: [2;37m[ DEBUG   ]: 17:45:40 | system: (50/226): file-5.39-7.amzn2023.0.4.x86_64.rpm   4.9 MB/s |  49 kB     00:00    [0m
2026-09-24T17:45:40.999283839Z Stdout: [2;37m[ DEBUG   ]: 17:45:40 | system: (51/226): findutils-4.8.0-2.amzn2023.0.2.x86_64  49 MB/s | 539 kB     00:00    [0m
2026-09-24T17:45:41.012065549Z Stdout: [2;37m[ DEBUG   ]: 17:45:41 | system: (52/226): fonts-srpm-macros-2.0.5-12.amzn2023.0 2.4 MB/s |  27 kB     00:00    [0m
2026-09-24T17:45:41.024846515Z Stdout: [2;37m[ DEBUG   ]: 17:45:41 | system: (53/226): fuse-libs-2.9.9-13.amzn2023.0.2.x86_6 8.8 MB/s |  98 kB     00:00    [0m
2026-09-24T17:45:41.037619255Z Stdout: [2;37m[ DEBUG   ]: 17:45:41 | system: (54/226): gawk-5.1.0-3.amzn2023.0.4.x86_64.rpm   82 MB/s | 1.0 MB     00:00    [0m
2026-09-24T17:45:41.050439292Z Stdout: [2;37m[ DEBUG   ]: 17:45:41 | system: (55/226): ghc-srpm-macros-1.5.0-4.amzn2023.0.2. 964 kB/s | 8.5 kB     00:00    [0m
2026-09-24T17:45:41.063160757Z Stdout: [2;37m[ DEBUG   ]: 17:45:41 | system: (56/226): gdisk-1.0.8-1.amzn2023.0.2.x86_64.rpm  16 MB/s | 245 kB     00:00    [0m
2026-09-24T17:45:41.076010827Z Stdout: [2;37m[ DEBUG   ]: 17:45:41 | system: (57/226): glibc-gconv-extra-2.34-231.amzn2023.0  71 MB/s | 1.6 MB     00:00    [0m
2026-09-24T17:45:41.088831137Z Stdout: [2;37m[ DEBUG   ]: 17:45:41 | system: (58/226): gnutls-3.8.10-4.amzn2023.0.2.x86_64.r  41 MB/s | 1.4 MB     00:00    [0m
2026-09-24T17:45:41.101590673Z Stdout: [2;37m[ DEBUG   ]: 17:45:41 | system: (59/226): glibc-locale-source-2.34-231.amzn2023  59 MB/s | 4.0 MB     00:00    [0m
2026-09-24T17:45:41.114338338Z Stdout: [2;37m[ DEBUG   ]: 17:45:41 | system: (60/226): go-srpm-macros-3.8.0-1.amzn2023.0.1.n 1.3 MB/s |  27 kB     00:00    [0m
2026-09-24T17:45:41.127483784Z Stdout: [2;37m[ DEBUG   ]: 17:45:41 | system: (61/226): groff-base-1.22.4-7.amzn2023.0.2.x86_  71 MB/s | 1.0 MB     00:00    [0m
2026-09-24T17:45:41.140411685Z Stdout: [2;37m[ DEBUG   ]: 17:45:41 | system: (62/226): gzip-1.12-1.amzn2023.0.1.x86_64.rpm   9.9 MB/s | 160 kB     00:00    [0m
2026-09-24T17:45:41.153232999Z Stdout: [2;37m[ DEBUG   ]: 17:45:41 | system: (63/226): hostname-3.23-4.amzn2023.0.3.x86_64.r 3.0 MB/s |  28 kB     00:00    [0m
2026-09-24T17:45:41.166044736Z Stdout: [2;37m[ DEBUG   ]: 17:45:41 | system: (64/226): hwdata-0.384-1.amzn2023.0.3.noarch.rp 106 MB/s | 1.6 MB     00:00    [0m
2026-09-24T17:45:41.178866854Z Stdout: [2;37m[ DEBUG   ]: 17:45:41 | system: (65/226): inih-58-2.amzn2023.0.1.x86_64.rpm     1.0 MB/s |  19 kB     00:00    [0m
2026-09-24T17:45:41.191683322Z Stdout: [2;37m[ DEBUG   ]: 17:45:41 | system: (66/226): initscripts-10.09-1.amzn2023.0.2.x86_  21 MB/s | 212 kB     00:00    [0m
2026-09-24T17:45:41.204411569Z Stdout: [2;37m[ DEBUG   ]: 17:45:41 | system: (67/226): iproute-6.10.0-319.amzn2023.0.1.x86_6  52 MB/s | 800 kB     00:00    [0m
2026-09-24T17:45:41.217164301Z Stdout: [2;37m[ DEBUG   ]: 17:45:41 | system: (68/226): iputils-20210202-2.amzn2023.0.4.x86_6  11 MB/s | 169 kB     00:00    [0m
2026-09-24T17:45:41.229929345Z Stdout: [2;37m[ DEBUG   ]: 17:45:41 | system: (69/226): jansson-2.14-0.amzn2023.x86_64.rpm    7.2 MB/s |  46 kB     00:00    [0m
2026-09-24T17:45:41.242906393Z Stdout: [2;37m[ DEBUG   ]: 17:45:41 | system: (70/226): irqbalance-1.9.0-1.amzn2023.0.3.x86_6 3.5 MB/s |  49 kB     00:00    [0m
2026-09-24T17:45:41.255559197Z Stdout: [2;37m[ DEBUG   ]: 17:45:41 | system: (71/226): jitterentropy-3.4.1-4.amzn2023.x86_64 3.9 MB/s |  34 kB     00:00    [0m
2026-09-24T17:45:41.268387234Z Stdout: [2;37m[ DEBUG   ]: 17:45:41 | system: (72/226): jq-1.8.1-60.amzn2023.x86_64.rpm        21 MB/s | 215 kB     00:00    [0m
2026-09-24T17:45:41.281158881Z Stdout: [2;37m[ DEBUG   ]: 17:45:41 | system: (73/226): json-c-devel-0.14-8.amzn2023.0.2.x86_ 3.6 MB/s |  43 kB     00:00    [0m
2026-09-24T17:45:41.294021073Z Stdout: [2;37m[ DEBUG   ]: 17:45:41 | system: (74/226): kbd-2.4.0-2.amzn2023.0.4.x86_64.rpm    27 MB/s | 388 kB     00:00    [0m
2026-09-24T17:45:41.306855432Z Stdout: [2;37m[ DEBUG   ]: 17:45:41 | system: (75/226): glibc-all-langpacks-2.34-231.amzn2023  77 MB/s |  18 MB     00:00    [0m
2026-09-24T17:45:41.319614686Z Stdout: [2;37m[ DEBUG   ]: 17:45:41 | system: (76/226): kbd-misc-2.4.0-2.amzn2023.0.4.noarch.  21 MB/s | 1.5 MB     00:00    [0m
2026-09-24T17:45:41.332435723Z Stdout: [2;37m[ DEBUG   ]: 17:45:41 | system: (77/226): kernel-srpm-macros-1.0-14.amzn2023.0. 256 kB/s | 8.8 kB     00:00    [0m
2026-09-24T17:45:41.345276922Z Stdout: [2;37m[ DEBUG   ]: 17:45:41 | system: (78/226): keyutils-libs-devel-1.6.3-1.amzn2023. 3.0 MB/s |  55 kB     00:00    [0m
2026-09-24T17:45:41.358013651Z Stdout: [2;37m[ DEBUG   ]: 17:45:41 | system: (79/226): kmod-29-2.amzn2023.0.5.x86_64.rpm     7.5 MB/s | 112 kB     00:00    [0m
2026-09-24T17:45:41.370852399Z Stdout: [2;37m[ DEBUG   ]: 17:45:41 | system: (80/226): kernel-6.1.186-228.376.amzn2023.x86_6 144 MB/s |  31 MB     00:00    [0m
2026-09-24T17:45:41.383635344Z Stdout: [2;37m[ DEBUG   ]: 17:45:41 | system: (81/226): kmod-libs-29-2.amzn2023.0.5.x86_64.rp 730 kB/s |  62 kB     00:00    [0m
2026-09-24T17:45:41.396380630Z Stdout: [2;37m[ DEBUG   ]: 17:45:41 | system: (82/226): kpartx-0.8.7-16.amzn2023.0.2.x86_64.r 6.6 MB/s |  50 kB     00:00    [0m
2026-09-24T17:45:41.409176073Z Stdout: [2;37m[ DEBUG   ]: 17:45:41 | system: (83/226): krb5-devel-1.21.3-8.amzn2023.0.1.x86_  12 MB/s | 133 kB     00:00    [0m
2026-09-24T17:45:41.421960080Z Stdout: [2;37m[ DEBUG   ]: 17:45:41 | system: (84/226): less-608-2.amzn2023.0.2.x86_64.rpm     11 MB/s | 168 kB     00:00    [0m
2026-09-24T17:45:41.434814070Z Stdout: [2;37m[ DEBUG   ]: 17:45:41 | system: (85/226): libaio-0.3.111-11.amzn2023.0.2.x86_64 1.9 MB/s |  24 kB     00:00    [0m
2026-09-24T17:45:41.447490673Z Stdout: [2;37m[ DEBUG   ]: 17:45:41 | system: (86/226): libargon2-20171227-9.amzn2023.0.2.x86 4.5 MB/s |  29 kB     00:00    [0m
2026-09-24T17:45:41.460248634Z Stdout: [2;37m[ DEBUG   ]: 17:45:41 | system: (87/226): libbpf-1.6.1-3.amzn2023.x86_64.rpm     24 MB/s | 193 kB     00:00    [0m
2026-09-24T17:45:41.473072906Z Stdout: [2;37m[ DEBUG   ]: 17:45:41 | system: (88/226): libbrotli-1.0.9-4.amzn2023.0.2.x86_64  31 MB/s | 315 kB     00:00    [0m
2026-09-24T17:45:41.485812471Z Stdout: [2;37m[ DEBUG   ]: 17:45:41 | system: (89/226): libcbor-0.7.0-3.amzn2023.0.2.x86_64.r 6.3 MB/s |  57 kB     00:00    [0m
2026-09-24T17:45:41.498567146Z Stdout: [2;37m[ DEBUG   ]: 17:45:41 | system: (90/226): kernel-livepatch-repo-s3-2023.12.2026  60 kB/s |  12 kB     00:00    [0m
2026-09-24T17:45:41.511383980Z Stdout: [2;37m[ DEBUG   ]: 17:45:41 | system: (91/226): libcom_err-devel-1.46.5-2.amzn2023.0. 1.9 MB/s |  17 kB     00:00    [0m
2026-09-24T17:45:41.524237758Z Stdout: [2;37m[ DEBUG   ]: 17:45:41 | system: (92/226): libcurl-devel-8.21.0-5.amzn2023.0.1.x  61 MB/s | 847 kB     00:00    [0m
2026-09-24T17:45:41.536884593Z Stdout: [2;37m[ DEBUG   ]: 17:45:41 | system: (93/226): libdb-5.3.28-49.amzn2023.0.2.x86_64.r  44 MB/s | 756 kB     00:00    [0m
2026-09-24T17:45:41.550241189Z Stdout: [2;37m[ DEBUG   ]: 17:45:41 | system: (94/226): libeconf-0.7.9-1.amzn2023.0.1.x86_64. 2.1 MB/s |  36 kB     00:00    [0m
2026-09-24T17:45:41.563195067Z Stdout: [2;37m[ DEBUG   ]: 17:45:41 | system: (95/226): libedit-3.1-38.20210714cvs.amzn2023.0 8.3 MB/s | 108 kB     00:00    [0m
2026-09-24T17:45:41.576017921Z Stdout: [2;37m[ DEBUG   ]: 17:45:41 | system: (96/226): libfdisk-2.37.4-1.amzn2023.0.6.x86_64  14 MB/s | 152 kB     00:00    [0m
2026-09-24T17:45:41.588889230Z Stdout: [2;37m[ DEBUG   ]: 17:45:41 | system: (97/226): libfido2-1.10.0-2.amzn2023.0.2.x86_64 9.1 MB/s |  95 kB     00:00    [0m
2026-09-24T17:45:41.601643709Z Stdout: [2;37m[ DEBUG   ]: 17:45:41 | system: (98/226): libidn2-devel-2.3.2-1.amzn2023.0.5.x8 5.8 MB/s |  59 kB     00:00    [0m
2026-09-24T17:45:41.614440191Z Stdout: [2;37m[ DEBUG   ]: 17:45:41 | system: (99/226): libkadm5-1.21.3-8.amzn2023.0.1.x86_64 7.9 MB/s |  77 kB     00:00    [0m
2026-09-24T17:45:41.627246582Z Stdout: [2;37m[ DEBUG   ]: 17:45:41 | system: (100/226): libkcapi-1.4.0-105.amzn2023.0.1.x86_ 5.0 MB/s |  46 kB     00:00    [0m
2026-09-24T17:45:41.639827209Z Stdout: [2;37m[ DEBUG   ]: 17:45:41 | system: (101/226): libkcapi-hmaccalc-1.4.0-105.amzn2023 2.8 MB/s |  25 kB     00:00    [0m
2026-09-24T17:45:41.652667936Z Stdout: [2;37m[ DEBUG   ]: 17:45:41 | system: (102/226): libmnl-1.0.4-13.amzn2023.0.2.x86_64. 3.3 MB/s |  29 kB     00:00    [0m
2026-09-24T17:45:41.665497139Z Stdout: [2;37m[ DEBUG   ]: 17:45:41 | system: (103/226): libnghttp2-devel-1.59.0-3.amzn2023.0 6.0 MB/s |  53 kB     00:00    [0m
2026-09-24T17:45:41.678317546Z Stdout: [2;37m[ DEBUG   ]: 17:45:41 | system: (104/226): libnghttp3-1.15.0-1.amzn2023.0.1.x86 7.8 MB/s |  72 kB     00:00    [0m
2026-09-24T17:45:41.691134104Z Stdout: [2;37m[ DEBUG   ]: 17:45:41 | system: (105/226): libnghttp3-devel-1.15.0-1.amzn2023.0 2.9 MB/s |  28 kB     00:00    [0m
2026-09-24T17:45:41.703972497Z Stdout: [2;37m[ DEBUG   ]: 17:45:41 | system: (106/226): libpipeline-1.5.3-2.amzn2023.0.2.x86 5.1 MB/s |  49 kB     00:00    [0m
2026-09-24T17:45:41.716781357Z Stdout: [2;37m[ DEBUG   ]: 17:45:41 | system: (107/226): libpkgconf-1.8.0-4.amzn2023.0.2.x86_ 4.0 MB/s |  37 kB     00:00    [0m
2026-09-24T17:45:41.729569516Z Stdout: [2;37m[ DEBUG   ]: 17:45:41 | system: (108/226): libpsl-devel-0.21.5-1.amzn2023.0.1.x 4.0 MB/s |  33 kB     00:00    [0m
2026-09-24T17:45:41.742334737Z Stdout: [2;37m[ DEBUG   ]: 17:45:41 | system: (109/226): libpwquality-1.4.4-6.amzn2023.0.2.x8  13 MB/s | 106 kB     00:00    [0m
2026-09-24T17:45:41.755148014Z Stdout: [2;37m[ DEBUG   ]: 17:45:41 | system: (110/226): libseccomp-2.5.3-1.amzn2023.0.2.x86_ 8.5 MB/s |  71 kB     00:00    [0m
2026-09-24T17:45:41.767943258Z Stdout: [2;37m[ DEBUG   ]: 17:45:41 | system: (111/226): libselinux-devel-3.4-5.amzn2023.0.2.  12 MB/s | 115 kB     00:00    [0m
2026-09-24T17:45:41.780748017Z Stdout: [2;37m[ DEBUG   ]: 17:45:41 | system: (112/226): libselinux-utils-3.4-5.amzn2023.0.2.  15 MB/s | 142 kB     00:00    [0m
2026-09-24T17:45:41.793547291Z Stdout: [2;37m[ DEBUG   ]: 17:45:41 | system: (113/226): libsemanage-3.4-5.amzn2023.0.2.x86_6  12 MB/s | 121 kB     00:00    [0m
2026-09-24T17:45:41.806350337Z Stdout: [2;37m[ DEBUG   ]: 17:45:41 | system: (114/226): libsepol-devel-3.4-3.amzn2023.0.3.x8 4.4 MB/s |  42 kB     00:00    [0m
2026-09-24T17:45:41.819178185Z Stdout: [2;37m[ DEBUG   ]: 17:45:41 | system: (115/226): libsigsegv-2.13-2.amzn2023.0.2.x86_6 3.0 MB/s |  27 kB     00:00    [0m
2026-09-24T17:45:41.831998483Z Stdout: [2;37m[ DEBUG   ]: 17:45:41 | system: (116/226): libss-1.46.5-2.amzn2023.0.2.x86_64.r 3.8 MB/s |  33 kB     00:00    [0m
2026-09-24T17:45:41.844823169Z Stdout: [2;37m[ DEBUG   ]: 17:45:41 | system: (117/226): libssh-0.10.6-1.amzn2023.0.8.x86_64.  21 MB/s | 215 kB     00:00    [0m
2026-09-24T17:45:41.858064941Z Stdout: [2;37m[ DEBUG   ]: 17:45:41 | system: (118/226): libssh-config-0.10.6-1.amzn2023.0.8. 896 kB/s | 9.1 kB     00:00    [0m
2026-09-24T17:45:41.871052581Z Stdout: [2;37m[ DEBUG   ]: 17:45:41 | system: (119/226): libssh-devel-0.10.6-1.amzn2023.0.8.x 3.3 MB/s |  39 kB     00:00    [0m
2026-09-24T17:45:41.884445433Z Stdout: [2;37m[ DEBUG   ]: 17:45:41 | system: (120/226): libuser-0.63-4.amzn2023.0.2.x86_64.r  33 MB/s | 382 kB     00:00    [0m
2026-09-24T17:45:41.897330474Z Stdout: [2;37m[ DEBUG   ]: 17:45:41 | system: (121/226): libutempter-1.2.1-4.amzn2023.0.2.x86 2.3 MB/s |  26 kB     00:00    [0m
2026-09-24T17:45:41.910215232Z Stdout: [2;37m[ DEBUG   ]: 17:45:41 | system: (122/226): libuuid-devel-2.37.4-1.amzn2023.0.6. 2.2 MB/s |  22 kB     00:00    [0m
2026-09-24T17:45:41.923054077Z Stdout: [2;37m[ DEBUG   ]: 17:45:41 | system: (123/226): libxslt-1.1.43-1.amzn2023.0.3.x86_64  24 MB/s | 183 kB     00:00    [0m
2026-09-24T17:45:41.935836245Z Stdout: [2;37m[ DEBUG   ]: 17:45:41 | system: (124/226): libverto-devel-0.3.2-1.amzn2023.0.2. 1.4 MB/s |  15 kB     00:00    [0m
2026-09-24T17:45:41.948667673Z Stdout: [2;37m[ DEBUG   ]: 17:45:41 | system: (125/226): linux-firmware-whence-20210208-117.a 3.0 MB/s |  33 kB     00:00    [0m
2026-09-24T17:45:41.961502061Z Stdout: [2;37m[ DEBUG   ]: 17:45:41 | system: (126/226): logrotate-3.20.1-2.amzn2023.0.3.x86_ 8.4 MB/s |  78 kB     00:00    [0m
2026-09-24T17:45:41.974869024Z Stdout: [2;37m[ DEBUG   ]: 17:45:41 | system: (127/226): lua-srpm-macros-1-4.amzn2023.0.2.noa 1.0 MB/s | 9.2 kB     00:00    [0m
2026-09-24T17:45:41.987784740Z Stdout: [2;37m[ DEBUG   ]: 17:45:41 | system: (128/226): lvm2-2.03.16-1.amzn2023.0.5.x86_64.r  85 MB/s | 1.5 MB     00:00    [0m
2026-09-24T17:45:42.000616163Z Stdout: [2;37m[ DEBUG   ]: 17:45:42 | system: (129/226): lvm2-libs-2.03.16-1.amzn2023.0.5.x86  44 MB/s | 985 kB     00:00    [0m
2026-09-24T17:45:42.013386154Z Stdout: [2;37m[ DEBUG   ]: 17:45:42 | system: (130/226): man-db-2.9.3-3.amzn2023.0.3.x86_64.r  45 MB/s | 1.1 MB     00:00    [0m
2026-09-24T17:45:42.026571553Z Stdout: [2;37m[ DEBUG   ]: 17:45:42 | system: (131/226): mdadm-4.2-3.amzn2023.0.5.x86_64.rpm   23 MB/s | 425 kB     00:00    [0m
2026-09-24T17:45:42.039327327Z Stdout: [2;37m[ DEBUG   ]: 17:45:42 | system: (132/226): ncurses-6.6-1.amzn2023.0.1.x86_64.rp  38 MB/s | 426 kB     00:00    [0m
2026-09-24T17:45:42.052118607Z Stdout: [2;37m[ DEBUG   ]: 17:45:42 | system: (133/226): mpfr-4.1.0-7.amzn2023.0.2.x86_64.rpm  16 MB/s | 330 kB     00:00    [0m
2026-09-24T17:45:42.064875558Z Stdout: [2;37m[ DEBUG   ]: 17:45:42 | system: (134/226): microcode_ctl-2.1-53.amzn2023.0.16.x 110 MB/s | 4.6 MB     00:00    [0m
2026-09-24T17:45:42.077662520Z Stdout: [2;37m[ DEBUG   ]: 17:45:42 | system: (135/226): nettle-3.10.1-1.amzn2023.0.1.x86_64.  21 MB/s | 573 kB     00:00    [0m
2026-09-24T17:45:42.090422922Z Stdout: [2;37m[ DEBUG   ]: 17:45:42 | system: (136/226): ngtcp2-1.21.0-1.amzn2023.0.2.x86_64. 5.4 MB/s | 148 kB     00:00    [0m
2026-09-24T17:45:42.103248159Z Stdout: [2;37m[ DEBUG   ]: 17:45:42 | system: (137/226): ngtcp2-crypto-ossl-1.21.0-1.amzn2023 1.7 MB/s |  27 kB     00:00    [0m
2026-09-24T17:45:42.116004592Z Stdout: [2;37m[ DEBUG   ]: 17:45:42 | system: (138/226): ngtcp2-crypto-ossl-devel-1.21.0-1.am 928 kB/s |  12 kB     00:00    [0m
2026-09-24T17:45:42.128761126Z Stdout: [2;37m[ DEBUG   ]: 17:45:42 | system: (139/226): ngtcp2-devel-1.21.0-1.amzn2023.0.2.x 4.5 MB/s |  51 kB     00:00    [0m
2026-09-24T17:45:42.141571178Z Stdout: [2;37m[ DEBUG   ]: 17:45:42 | system: (140/226): numactl-libs-2.0.14-3.amzn2023.0.3.x 3.2 MB/s |  30 kB     00:00    [0m
2026-09-24T17:45:42.154213888Z Stdout: [2;37m[ DEBUG   ]: 17:45:42 | system: (141/226): ocaml-srpm-macros-6-6.amzn2023.0.2.n 1.0 MB/s | 8.8 kB     00:00    [0m
2026-09-24T17:45:42.167090543Z Stdout: [2;37m[ DEBUG   ]: 17:45:42 | system: (142/226): oniguruma-6.9.7.1-1.amzn2023.0.2.x86  23 MB/s | 216 kB     00:00    [0m
2026-09-24T17:45:42.179952123Z Stdout: [2;37m[ DEBUG   ]: 17:45:42 | system: (143/226): openblas-srpm-macros-2-9.amzn2023.0. 934 kB/s | 8.2 kB     00:00    [0m
2026-09-24T17:45:42.192759998Z Stdout: [2;37m[ DEBUG   ]: 17:45:42 | system: (144/226): openldap-2.4.57-6.amzn2023.0.7.x86_6  24 MB/s | 256 kB     00:00    [0m
2026-09-24T17:45:42.205567228Z Stdout: [2;37m[ DEBUG   ]: 17:45:42 | system: (145/226): openssh-9.9p1-10.amzn2023.0.2.x86_64  36 MB/s | 425 kB     00:00    [0m
2026-09-24T17:45:42.218320453Z Stdout: [2;37m[ DEBUG   ]: 17:45:42 | system: (146/226): openssh-clients-9.9p1-10.amzn2023.0.  53 MB/s | 781 kB     00:00    [0m
2026-09-24T17:45:42.231194101Z Stdout: [2;37m[ DEBUG   ]: 17:45:42 | system: (147/226): openssl-devel-3.5.8-1.amzn2023.0.1.x 127 MB/s | 3.5 MB     00:00    [0m
2026-09-24T17:45:42.244024396Z Stdout: [2;37m[ DEBUG   ]: 17:45:42 | system: (148/226): package-notes-srpm-macros-0.4-18.amz 647 kB/s |  13 kB     00:00    [0m
2026-09-24T17:45:42.256780852Z Stdout: [2;37m[ DEBUG   ]: 17:45:42 | system: (149/226): openssl-pkcs11-0.4.12-3.amzn2023.0.1 2.7 MB/s |  76 kB     00:00    [0m
2026-09-24T17:45:42.269565938Z Stdout: [2;37m[ DEBUG   ]: 17:45:42 | system: (150/226): pam-1.5.1-8.amzn2023.0.8.x86_64.rpm   55 MB/s | 550 kB     00:00    [0m
2026-09-24T17:45:42.282442892Z Stdout: [2;37m[ DEBUG   ]: 17:45:42 | system: (151/226): passwd-0.80-10.amzn2023.0.2.x86_64.r  13 MB/s | 108 kB     00:00    [0m
2026-09-24T17:45:42.295125309Z Stdout: [2;37m[ DEBUG   ]: 17:45:42 | system: (152/226): pciutils-3.7.0-3.amzn2023.0.2.x86_64  12 MB/s |  93 kB     00:00    [0m
2026-09-24T17:45:42.307868406Z Stdout: [2;37m[ DEBUG   ]: 17:45:42 | system: (153/226): pcre2-devel-10.40-1.amzn2023.0.3.x86  42 MB/s | 473 kB     00:00    [0m
2026-09-24T17:45:42.320744973Z Stdout: [2;37m[ DEBUG   ]: 17:45:42 | system: (154/226): pciutils-libs-3.7.0-3.amzn2023.0.2.x 2.2 MB/s |  41 kB     00:00    [0m
2026-09-24T17:45:42.333500408Z Stdout: [2;37m[ DEBUG   ]: 17:45:42 | system: (155/226): pcre2-utf16-10.40-1.amzn2023.0.3.x86  24 MB/s | 216 kB     00:00    [0m
2026-09-24T17:45:42.346228555Z Stdout: [2;37m[ DEBUG   ]: 17:45:42 | system: (156/226): pcre2-utf32-10.40-1.amzn2023.0.3.x86  17 MB/s | 205 kB     00:00    [0m
2026-09-24T17:45:42.359012121Z Stdout: [2;37m[ DEBUG   ]: 17:45:42 | system: (157/226): perl-srpm-macros-1-39.amzn2023.0.2.n 958 kB/s | 8.7 kB     00:00    [0m
2026-09-24T17:45:42.371828513Z Stdout: [2;37m[ DEBUG   ]: 17:45:42 | system: (158/226): pkgconf-1.8.0-4.amzn2023.0.2.x86_64. 5.6 MB/s |  43 kB     00:00    [0m
2026-09-24T17:45:42.384542724Z Stdout: [2;37m[ DEBUG   ]: 17:45:42 | system: (159/226): pkgconf-m4-1.8.0-4.amzn2023.0.2.noar 2.4 MB/s |  15 kB     00:00    [0m
2026-09-24T17:45:42.397350894Z Stdout: [2;37m[ DEBUG   ]: 17:45:42 | system: (160/226): pkgconf-pkg-config-1.8.0-4.amzn2023. 1.6 MB/s |  11 kB     00:00    [0m
2026-09-24T17:45:42.410099867Z Stdout: [2;37m[ DEBUG   ]: 17:45:42 | system: (161/226): policycoreutils-3.4-6.amzn2023.0.3.x  26 MB/s | 210 kB     00:00    [0m
2026-09-24T17:45:42.422892316Z Stdout: [2;37m[ DEBUG   ]: 17:45:42 | system: (162/226): procps-ng-3.3.17-1.amzn2023.0.2.x86_  43 MB/s | 331 kB     00:00    [0m
2026-09-24T17:45:42.435662297Z Stdout: [2;37m[ DEBUG   ]: 17:45:42 | system: (163/226): psmisc-23.4-1.amzn2023.0.2.x86_64.rp  24 MB/s | 227 kB     00:00    [0m
2026-09-24T17:45:42.448417602Z Stdout: [2;37m[ DEBUG   ]: 17:45:42 | system: (164/226): publicsuffix-list-20260116-1.amzn202  11 MB/s |  92 kB     00:00    [0m
2026-09-24T17:45:42.461204961Z Stdout: [2;37m[ DEBUG   ]: 17:45:42 | system: (165/226): pv-1.6.20-63.amzn2023.0.3.x86_64.rpm 8.4 MB/s |  67 kB     00:00    [0m
2026-09-24T17:45:42.473983715Z Stdout: [2;37m[ DEBUG   ]: 17:45:42 | system: (166/226): python-srpm-macros-3.9-41.amzn2023.0 2.5 MB/s |  20 kB     00:00    [0m
2026-09-24T17:45:42.486826025Z Stdout: [2;37m[ DEBUG   ]: 17:45:42 | system: (167/226): python3-awscrt-0.31.1-1.amzn2023.0.1 109 MB/s | 1.8 MB     00:00    [0m
2026-09-24T17:45:42.499595241Z Stdout: [2;37m[ DEBUG   ]: 17:45:42 | system: (168/226): python3-colorama-0.4.4-2.amzn2023.0. 2.0 MB/s |  33 kB     00:00    [0m
2026-09-24T17:45:42.512312302Z Stdout: [2;37m[ DEBUG   ]: 17:45:42 | system: (169/226): python3-dateutil-2.8.1-3.amzn2023.0.  29 MB/s | 289 kB     00:00    [0m
2026-09-24T17:45:42.525151063Z Stdout: [2;37m[ DEBUG   ]: 17:45:42 | system: (170/226): python3-dbus-1.2.18-1.amzn2023.0.2.x  13 MB/s | 134 kB     00:00    [0m
2026-09-24T17:45:42.537855405Z Stdout: [2;37m[ DEBUG   ]: 17:45:42 | system: (171/226): python3-distro-1.5.0-5.amzn2023.0.2. 5.0 MB/s |  36 kB     00:00    [0m
2026-09-24T17:45:42.550961690Z Stdout: [2;37m[ DEBUG   ]: 17:45:42 | system: (172/226): python3-dnf-plugins-core-4.3.0-13.am  23 MB/s | 230 kB     00:00    [0m
2026-09-24T17:45:42.563445290Z Stdout: [2;37m[ DEBUG   ]: 17:45:42 | system: (173/226): python3-docutils-0.16-4.amzn2023.0.2  94 MB/s | 1.5 MB     00:00    [0m
2026-09-24T17:45:42.576294921Z Stdout: [2;37m[ DEBUG   ]: 17:45:42 | system: (174/226): python3-elementpath-2.3.2-2.amzn2023  20 MB/s | 274 kB     00:00    [0m
2026-09-24T17:45:42.589038652Z Stdout: [2;37m[ DEBUG   ]: 17:45:42 | system: (175/226): python3-idna-2.10-3.amzn2023.0.4.noa  14 MB/s |  98 kB     00:00    [0m
2026-09-24T17:45:42.601821650Z Stdout: [2;37m[ DEBUG   ]: 17:45:42 | system: (176/226): python3-jmespath-0.10.0-1.amzn2023.0 6.5 MB/s |  46 kB     00:00    [0m
2026-09-24T17:45:42.614554394Z Stdout: [2;37m[ DEBUG   ]: 17:45:42 | system: (177/226): python3-lxml-4.7.1-3.amzn2023.0.3.x8  75 MB/s | 1.2 MB     00:00    [0m
2026-09-24T17:45:42.627331817Z Stdout: [2;37m[ DEBUG   ]: 17:45:42 | system: (178/226): python3-prompt-toolkit-3.0.24-1.amzn  34 MB/s | 608 kB     00:00    [0m
2026-09-24T17:45:42.640148250Z Stdout: [2;37m[ DEBUG   ]: 17:45:42 | system: (179/226): python3-pysocks-1.7.1-8.amzn2023.0.2 4.4 MB/s |  34 kB     00:00    [0m
2026-09-24T17:45:42.652954187Z Stdout: [2;37m[ DEBUG   ]: 17:45:42 | system: (180/226): python3-ruamel-yaml-0.16.6-5.amzn202  25 MB/s | 189 kB     00:00    [0m
2026-09-24T17:45:42.665548025Z Stdout: [2;37m[ DEBUG   ]: 17:45:42 | system: (181/226): python3-ruamel-yaml-clib-0.1.2-6.amz  17 MB/s | 142 kB     00:00    [0m
2026-09-24T17:45:42.678331052Z Stdout: [2;37m[ DEBUG   ]: 17:45:42 | system: (182/226): python3-setuptools-59.6.0-2.amzn2023  75 MB/s | 941 kB     00:00    [0m
2026-09-24T17:45:42.691092808Z Stdout: [2;37m[ DEBUG   ]: 17:45:42 | system: (183/226): python3-six-1.15.0-5.amzn2023.0.2.no 3.2 MB/s |  36 kB     00:00    [0m
2026-09-24T17:45:42.703894767Z Stdout: [2;37m[ DEBUG   ]: 17:45:42 | system: (184/226): python3-supportinfo-1.0.0-1.amzn2023 3.8 MB/s |  30 kB     00:00    [0m
2026-09-24T17:45:42.716635624Z Stdout: [2;37m[ DEBUG   ]: 17:45:42 | system: (185/226): python3-systemd-235-51.amzn2023.0.2.  10 MB/s |  91 kB     00:00    [0m
2026-09-24T17:45:42.729396027Z Stdout: [2;37m[ DEBUG   ]: 17:45:42 | system: (186/226): python3-urllib3-1.25.10-5.amzn2023.0  23 MB/s | 179 kB     00:00    [0m
2026-09-24T17:45:42.742178354Z Stdout: [2;37m[ DEBUG   ]: 17:45:42 | system: (187/226): python3-wcwidth-0.2.5-3.amzn2023.0.2 4.3 MB/s |  41 kB     00:00    [0m
2026-09-24T17:45:42.754962316Z Stdout: [2;37m[ DEBUG   ]: 17:45:42 | system: (188/226): python3-xmlschema-1.4.2-1.amzn2023.0  31 MB/s | 330 kB     00:00    [0m
2026-09-24T17:45:42.767734020Z Stdout: [2;37m[ DEBUG   ]: 17:45:42 | system: (189/226): rng-tools-6.17-1.amzn2023.0.1.x86_64 7.5 MB/s |  74 kB     00:00    [0m
2026-09-24T17:45:42.780514844Z Stdout: [2;37m[ DEBUG   ]: 17:45:42 | system: (190/226): rootfiles-8.1-29.amzn2023.0.2.noarch 1.0 MB/s | 9.5 kB     00:00    [0m
2026-09-24T17:45:42.793287652Z Stdout: [2;37m[ DEBUG   ]: 17:45:42 | system: (191/226): rpm-plugin-selinux-4.16.1.3-29.amzn2 1.7 MB/s |  14 kB     00:00    [0m
2026-09-24T17:45:42.806089579Z Stdout: [2;37m[ DEBUG   ]: 17:45:42 | system: (192/226): parted-3.4-2.amzn2023.0.2.x86_64.rpm 2.5 MB/s | 584 kB     00:00    [0m
2026-09-24T17:45:42.818856763Z Stdout: [2;37m[ DEBUG   ]: 17:45:42 | system: (193/226): rpm-plugin-systemd-inhibit-4.16.1.3- 976 kB/s |  14 kB     00:00    [0m
2026-09-24T17:45:42.831642009Z Stdout: [2;37m[ DEBUG   ]: 17:45:42 | system: (194/226): rust-toolset-srpm-macros-1.98.0-1.am 930 kB/s |  14 kB     00:00    [0m
2026-09-24T17:45:42.844420747Z Stdout: [2;37m[ DEBUG   ]: 17:45:42 | system: (195/226): sbsigntools-0.9.4-8.amzn2023.0.2.x86 8.8 MB/s |  88 kB     00:00    [0m
2026-09-24T17:45:42.857207478Z Stdout: [2;37m[ DEBUG   ]: 17:45:42 | system: (196/226): selinux-policy-38.1.76-1.amzn2023.0. 5.7 MB/s |  42 kB     00:00    [0m
2026-09-24T17:45:42.869972241Z Stdout: [2;37m[ DEBUG   ]: 17:45:42 | system: (197/226): shadow-utils-4.9-12.amzn2023.0.4.x86  37 MB/s | 1.1 MB     00:00    [0m
2026-09-24T17:45:42.882766297Z Stdout: [2;37m[ DEBUG   ]: 17:45:42 | system: (198/226): sudo-1.9.15-1.p5.amzn2023.0.3.x86_64  35 MB/s | 1.3 MB     00:00    [0m
2026-09-24T17:45:42.895533331Z Stdout: [2;37m[ DEBUG   ]: 17:45:42 | system: (199/226): selinux-policy-targeted-38.1.76-1.am 102 MB/s | 6.5 MB     00:00    [0m
2026-09-24T17:45:42.908319031Z Stdout: [2;37m[ DEBUG   ]: 17:45:42 | system: (200/226): sysctl-defaults-1.0-3.amzn2023.noarc 255 kB/s | 8.5 kB     00:00    [0m
2026-09-24T17:45:42.921074288Z Stdout: [2;37m[ DEBUG   ]: 17:45:42 | system: (201/226): systemd-252.23-12.amzn2023.x86_64.rp 106 MB/s | 4.2 MB     00:00    [0m
2026-09-24T17:45:42.933855057Z Stdout: [2;37m[ DEBUG   ]: 17:45:42 | system: (202/226): systemd-boot-unsigned-252.23-12.amzn 3.7 MB/s |  91 kB     00:00    [0m
2026-09-24T17:45:42.946633710Z Stdout: [2;37m[ DEBUG   ]: 17:45:42 | system: (203/226): systemd-libs-252.23-12.amzn2023.x86_  23 MB/s | 614 kB     00:00    [0m
2026-09-24T17:45:42.959427475Z Stdout: [2;37m[ DEBUG   ]: 17:45:42 | system: (204/226): systemd-networkd-252.23-12.amzn2023.  48 MB/s | 605 kB     00:00    [0m
2026-09-24T17:45:42.972177200Z Stdout: [2;37m[ DEBUG   ]: 17:45:42 | system: (205/226): systemd-pam-252.23-12.amzn2023.x86_6  24 MB/s | 317 kB     00:00    [0m
2026-09-24T17:45:42.984953424Z Stdout: [2;37m[ DEBUG   ]: 17:45:42 | system: (206/226): systemd-resolved-252.23-12.amzn2023.  22 MB/s | 268 kB     00:00    [0m
2026-09-24T17:45:42.997736715Z Stdout: [2;37m[ DEBUG   ]: 17:45:42 | system: (207/226): systemd-udev-252.23-12.amzn2023.x86_ 102 MB/s | 2.0 MB     00:00    [0m
2026-09-24T17:45:43.010526157Z Stdout: [2;37m[ DEBUG   ]: 17:45:43 | system: (208/226): tar-1.34-1.amzn2023.0.4.x86_64.rpm    41 MB/s | 879 kB     00:00    [0m
2026-09-24T17:45:43.023292660Z Stdout: [2;37m[ DEBUG   ]: 17:45:43 | system: (209/226): tpm2-tss-4.0.2-1.amzn2023.0.1.x86_64  18 MB/s | 411 kB     00:00    [0m
2026-09-24T17:45:43.036066909Z Stdout: [2;37m[ DEBUG   ]: 17:45:43 | system: (210/226): tpm2-tss-devel-4.0.2-1.amzn2023.0.1.  22 MB/s | 318 kB     00:00    [0m
2026-09-24T17:45:43.048836444Z Stdout: [2;37m[ DEBUG   ]: 17:45:43 | system: (211/226): tpm2-tss-fapi-4.0.2-1.amzn2023.0.1.x  27 MB/s | 345 kB     00:00    [0m
2026-09-24T17:45:43.061610866Z Stdout: [2;37m[ DEBUG   ]: 17:45:43 | system: (212/226): unzip-6.0-68.amzn2023.0.2.x86_64.rpm  17 MB/s | 181 kB     00:00    [0m
2026-09-24T17:45:43.074406109Z Stdout: [2;37m[ DEBUG   ]: 17:45:43 | system: (213/226): userspace-rcu-0.12.1-3.amzn2023.0.4.  11 MB/s | 105 kB     00:00    [0m
2026-09-24T17:45:43.087200164Z Stdout: [2;37m[ DEBUG   ]: 17:45:43 | system: (214/226): util-linux-2.37.4-1.amzn2023.0.6.x86 106 MB/s | 2.2 MB     00:00    [0m
2026-09-24T17:45:43.099963663Z Stdout: [2;37m[ DEBUG   ]: 17:45:43 | system: (215/226): util-linux-core-2.37.4-1.amzn2023.0.  19 MB/s | 436 kB     00:00    [0m
2026-09-24T17:45:43.112786024Z Stdout: [2;37m[ DEBUG   ]: 17:45:43 | system: (216/226): veritysetup-2.6.1-1.amzn2023.0.1.x86 1.6 MB/s |  37 kB     00:00    [0m
2026-09-24T17:45:43.125606688Z Stdout: [2;37m[ DEBUG   ]: 17:45:43 | system: (217/226): vim-data-9.2.920-1.amzn2023.0.1.noar 2.3 MB/s |  20 kB     00:00    [0m
2026-09-24T17:45:43.138394931Z Stdout: [2;37m[ DEBUG   ]: 17:45:43 | system: (218/226): vim-minimal-9.2.920-1.amzn2023.0.1.x  75 MB/s | 850 kB     00:00    [0m
2026-09-24T17:45:43.151191339Z Stdout: [2;37m[ DEBUG   ]: 17:45:43 | system: (219/226): xfsprogs-6.12.0-3.amzn2023.0.1.x86_6  77 MB/s | 1.1 MB     00:00    [0m
2026-09-24T17:45:43.163954711Z Stdout: [2;37m[ DEBUG   ]: 17:45:43 | system: (220/226): xz-5.2.5-9.amzn2023.0.2.x86_64.rpm    13 MB/s | 215 kB     00:00    [0m
2026-09-24T17:45:43.176912502Z Stdout: [2;37m[ DEBUG   ]: 17:45:43 | system: (221/226): yum-4.14.0-1.amzn2023.0.7.noarch.rpm 2.5 MB/s |  30 kB     00:00    [0m
2026-09-24T17:45:43.189678845Z Stdout: [2;37m[ DEBUG   ]: 17:45:43 | system: (222/226): zip-3.0-28.amzn2023.0.4.x86_64.rpm    29 MB/s | 263 kB     00:00    [0m
2026-09-24T17:45:43.202513750Z Stdout: [2;37m[ DEBUG   ]: 17:45:43 | system: (223/226): zlib-devel-1.2.11-33.amzn2023.0.6.x8 7.2 MB/s |  44 kB     00:00    [0m
2026-09-24T17:45:43.215408218Z Stdout: [2;37m[ DEBUG   ]: 17:45:43 | system: (224/226): zram-generator-1.1.2-70.amzn2023.0.1  40 MB/s | 412 kB     00:00    [0m
2026-09-24T17:45:43.228150943Z Stdout: [2;37m[ DEBUG   ]: 17:45:43 | system: (225/226): zram-generator-defaults-1.1.2-70.amz 986 kB/s | 8.7 kB     00:00    [0m
2026-09-24T17:45:43.240947487Z Stdout: [2;37m[ DEBUG   ]: 17:45:43 | system: (226/226): zstd-1.5.5-1.amzn2023.0.1.x86_64.rpm  46 MB/s | 478 kB     00:00    [0m
2026-09-24T17:45:43.253920819Z Stdout: [2;37m[ DEBUG   ]: 17:45:43 | system: --------------------------------------------------------------------------------[0m
2026-09-24T17:45:43.266814318Z Stdout: [2;37m[ DEBUG   ]: 17:45:43 | system: Total                                            97 MB/s | 153 MB     00:01     [0m
2026-09-24T17:45:43.271024964Z Stdout: [2;37m[ DEBUG   ]: 17:45:43 | system: Running transaction check[0m
2026-09-24T17:45:43.275621666Z Stdout: [2;37m[ DEBUG   ]: 17:45:43 | system: Transaction check succeeded.[0m
2026-09-24T17:45:43.279713228Z Stdout: [2;37m[ DEBUG   ]: 17:45:43 | system: Running transaction test[0m
2026-09-24T17:45:43.284204645Z Stdout: [2;37m[ DEBUG   ]: 17:45:43 | system: Transaction test succeeded.[0m
2026-09-24T17:45:43.287455587Z Stdout: [2;37m[ DEBUG   ]: 17:45:43 | system: Running transaction[0m
2026-09-24T17:45:43.300491247Z Stdout: [2;37m[ DEBUG   ]: 17:45:43 | system:   Running scriptlet: selinux-policy-targeted-38.1.76-1.amzn2023.0.2.noarc   1/1 [0m
2026-09-24T17:45:43.313435451Z Stdout: [2;37m[ DEBUG   ]: 17:45:43 | system:   Preparing        :                                                        1/1 [0m
2026-09-24T17:45:43.326340579Z Stdout: [2;37m[ DEBUG   ]: 17:45:43 | system:   Installing       : systemd-libs-252.23-12.amzn2023.x86_64               1/226 [0m
2026-09-24T17:45:43.339261989Z Stdout: [2;37m[ DEBUG   ]: 17:45:43 | system:   Installing       : libedit-3.1-38.20210714cvs.amzn2023.0.2.x86_64       2/226 [0m
2026-09-24T17:45:43.352198424Z Stdout: [2;37m[ DEBUG   ]: 17:45:43 | system:   Installing       : kmod-libs-29-2.amzn2023.0.5.x86_64                   3/226 [0m
2026-09-24T17:45:43.365152624Z Stdout: [2;37m[ DEBUG   ]: 17:45:43 | system:   Installing       : gzip-1.12-1.amzn2023.0.1.x86_64                      4/226 [0m
2026-09-24T17:45:43.378051087Z Stdout: [ INFO    ]: Processing: [#                                       ] 3%[2;37m[ DEBUG   ]: 17:45:43 | system:   Installing       : procps-ng-3.3.17-1.amzn2023.0.2.x86_64               5/226 [0m
2026-09-24T17:45:43.391035322Z Stdout: [2;37m[ DEBUG   ]: 17:45:43 | system:   Installing       : util-linux-core-2.37.4-1.amzn2023.0.6.x86_64         6/226 [0m
2026-09-24T17:45:43.403932569Z Stdout: [2;37m[ DEBUG   ]: 17:45:43 | system:   Running scriptlet: util-linux-core-2.37.4-1.amzn2023.0.6.x86_64         6/226 [0m
2026-09-24T17:45:43.416900510Z Stdout: [2;37m[ DEBUG   ]: 17:45:43 | system:   Installing       : python3-setuptools-59.6.0-2.amzn2023.0.6.noarch      7/226 [0m
2026-09-24T17:45:43.429895739Z Stdout: [2;37m[ DEBUG   ]: 17:45:43 | system:   Installing       : libfdisk-2.37.4-1.amzn2023.0.6.x86_64                8/226 [0m
2026-09-24T17:45:43.442853111Z Stdout: [2;37m[ DEBUG   ]: 17:45:43 | system:   Installing       : libaio-0.3.111-11.amzn2023.0.2.x86_64                9/226 [0m
2026-09-24T17:45:43.455775802Z Stdout: [2;37m[ DEBUG   ]: 17:45:43 | system:   Installing       : kmod-29-2.amzn2023.0.5.x86_64                       10/226 [0m
2026-09-24T17:45:43.468720007Z Stdout: [2;37m[ DEBUG   ]: 17:45:43 | system:   Installing       : findutils-1:4.8.0-2.amzn2023.0.2.x86_64             11/226 [0m
2026-09-24T17:45:43.481773046Z Stdout: [2;37m[ DEBUG   ]: 17:45:43 | system:   Installing       : python3-distro-1.5.0-5.amzn2023.0.2.noarch          12/226 [0m
2026-09-24T17:45:43.494586015Z Stdout: [2;37m[ DEBUG   ]: 17:45:43 | system:   Installing       : python3-ruamel-yaml-clib-0.1.2-6.amzn2023.0.2.x8    13/226 [0m
2026-09-24T17:45:43.507673726Z Stdout: [2;37m[ DEBUG   ]: 17:45:43 | system:   Installing       : python3-ruamel-yaml-0.16.6-5.amzn2023.0.2.x86_64    14/226 [0m
2026-09-24T17:45:43.520640473Z Stdout: [2;37m[ DEBUG   ]: 17:45:43 | system:   Installing       : cracklib-2.9.6-27.amzn2023.0.2.x86_64               15/226 [0m
2026-09-24T17:45:43.533596680Z Stdout: [2;37m[ DEBUG   ]: 17:45:43 | system:   Installing       : dbus-libs-1:1.12.28-1.amzn2023.0.1.x86_64           16/226 [0m
2026-09-24T17:45:43.546513887Z Stdout: [2;37m[ DEBUG   ]: 17:45:43 | system:   Installing       : xz-5.2.5-9.amzn2023.0.2.x86_64                      17/226 [0m
2026-09-24T17:45:43.559545101Z Stdout: [2;37m[ DEBUG   ]: 17:45:43 | system:   Installing       : python3-wcwidth-0.2.5-3.amzn2023.0.2.noarch         18/226 [0m
2026-09-24T17:45:43.572527111Z Stdout: [2;37m[ DEBUG   ]: 17:45:43 | system:   Installing       : python3-six-1.15.0-5.amzn2023.0.2.noarch            19/226 [0m
2026-09-24T17:45:43.585406981Z Stdout: [2;37m[ DEBUG   ]: 17:45:43 | system:   Installing       : python3-dateutil-1:2.8.1-3.amzn2023.0.2.noarch      20/226 [0m
2026-09-24T17:45:43.598336145Z Stdout: [2;37m[ DEBUG   ]: 17:45:43 | system:   Installing       : ngtcp2-1.21.0-1.amzn2023.0.2.x86_64                 21/226 [0m
2026-09-24T17:45:43.611194694Z Stdout: [2;37m[ DEBUG   ]: 17:45:43 | system:   Installing       : nettle-3.10.1-1.amzn2023.0.1.x86_64                 22/226 [0m
2026-09-24T17:45:43.624272938Z Stdout: [2;37m[ DEBUG   ]: 17:45:43 | system:   Installing       : libsemanage-3.4-5.amzn2023.0.2.x86_64               23/226 [0m
2026-09-24T17:45:43.637176167Z Stdout: [2;37m[ DEBUG   ]: 17:45:43 | system:   Installing       : shadow-utils-2:4.9-12.amzn2023.0.4.x86_64           24/226 [0m
2026-09-24T17:45:43.650106612Z Stdout: [2;37m[ DEBUG   ]: 17:45:43 | system:   Installing       : libseccomp-2.5.3-1.amzn2023.0.2.x86_64              25/226 [0m
2026-09-24T17:45:43.663079778Z Stdout: [2;37m[ DEBUG   ]: 17:45:43 | system:   Installing       : libbrotli-1.0.9-4.amzn2023.0.2.x86_64               26/226 [0m
2026-09-24T17:45:43.676041159Z Stdout: [2;37m[ DEBUG   ]: 17:45:43 | system:   Installing       : jansson-2.14-0.amzn2023.x86_64                      27/226 [0m
2026-09-24T17:45:43.688908877Z Stdout: [2;37m[ DEBUG   ]: 17:45:43 | system:   Installing       : file-5.39-7.amzn2023.0.4.x86_64                     28/226 [0m
2026-09-24T17:45:43.701946570Z Stdout: [2;37m[ DEBUG   ]: 17:45:43 | system:   Installing       : diffutils-3.8-1.amzn2023.0.2.x86_64                 29/226 [0m
2026-09-24T17:45:43.714994615Z Stdout: [2;37m[ DEBUG   ]: 17:45:43 | system:   Installing       : cmake-filesystem-3.22.2-1.amzn2023.0.6.x86_64       30/226 [0m
2026-09-24T17:45:43.727890365Z Stdout: [2;37m[ DEBUG   ]: 17:45:43 | system:   Installing       : brotli-1.0.9-4.amzn2023.0.2.x86_64                  31/226 [0m
2026-09-24T17:45:43.740862247Z Stdout: [2;37m[ DEBUG   ]: 17:45:43 | system:   Running scriptlet: libutempter-1.2.1-4.amzn2023.0.2.x86_64             32/226 [0m
2026-09-24T17:45:43.753823227Z Stdout: [2;37m[ DEBUG   ]: 17:45:43 | system:   Installing       : libutempter-1.2.1-4.amzn2023.0.2.x86_64             32/226 [0m
2026-09-24T17:45:43.767013213Z Stdout: [2;37m[ DEBUG   ]: 17:45:43 | system:   Installing       : gnutls-3.8.10-4.amzn2023.0.2.x86_64                 33/226 [0m
2026-09-24T17:45:43.779735760Z Stdout: [2;37m[ DEBUG   ]: 17:45:43 | system:   Installing       : ngtcp2-crypto-ossl-1.21.0-1.amzn2023.0.2.x86_64     34/226 [0m
2026-09-24T17:45:43.792644945Z Stdout: [2;37m[ DEBUG   ]: 17:45:43 | system:   Installing       : python3-prompt-toolkit-3.0.24-1.amzn2023.0.2.noa    35/226 [0m
2026-09-24T17:45:43.805608484Z Stdout: [2;37m[ DEBUG   ]: 17:45:43 | system:   Installing       : python3-dbus-1.2.18-1.amzn2023.0.2.x86_64           36/226 [0m
2026-09-24T17:45:43.818580864Z Stdout: [2;37m[ DEBUG   ]: 17:45:43 | system:   Installing       : cracklib-dicts-2.9.6-27.amzn2023.0.2.x86_64         37/226 [0m
2026-09-24T17:45:43.831552025Z Stdout: [2;37m[ DEBUG   ]: 17:45:43 | system:   Installing       : device-mapper-persistent-data-0.9.0-7.amzn2023.0    38/226 [0m
2026-09-24T17:45:43.844522522Z Stdout: [2;37m[ DEBUG   ]: 17:45:43 | system:   Installing       : python3-systemd-235-51.amzn2023.0.2.x86_64          39/226 [0m
2026-09-24T17:45:43.857473972Z Stdout: [2;37m[ DEBUG   ]: 17:45:43 | system:   Installing       : python3-dnf-plugins-core-4.3.0-13.amzn2023.0.6.n    40/226 [0m
2026-09-24T17:45:43.870374770Z Stdout: [2;37m[ DEBUG   ]: 17:45:43 | system:   Installing       : zstd-1.5.5-1.amzn2023.0.1.x86_64                    41/226 [0m
2026-09-24T17:45:43.883319661Z Stdout: [2;37m[ DEBUG   ]: 17:45:43 | system:   Installing       : vim-data-2:9.2.920-1.amzn2023.0.1.noarch            42/226 [0m
2026-09-24T17:45:43.896290158Z Stdout: [2;37m[ DEBUG   ]: 17:45:43 | system:   Installing       : userspace-rcu-0.12.1-3.amzn2023.0.4.x86_64          43/226 [0m
2026-09-24T17:45:43.909239226Z Stdout: [2;37m[ DEBUG   ]: 17:45:43 | system:   Installing       : unzip-6.0-68.amzn2023.0.2.x86_64                    44/226 [0m
2026-09-24T17:45:43.922233779Z Stdout: [2;37m[ DEBUG   ]: 17:45:43 | system:   Installing       : zip-3.0-28.amzn2023.0.4.x86_64                      45/226 [0m
2026-09-24T17:45:43.935179525Z Stdout: [2;37m[ DEBUG   ]: 17:45:43 | system:   Installing       : sbsigntools-0.9.4-8.amzn2023.0.2.x86_64             46/226 [0m
2026-09-24T17:45:43.948160132Z Stdout: [2;37m[ DEBUG   ]: 17:45:43 | system:   Installing       : rust-toolset-srpm-macros-1.98.0-1.amzn2023.noarc    47/226 [0m
2026-09-24T17:45:43.961114168Z Stdout: [2;37m[ DEBUG   ]: 17:45:43 | system:   Installing       : python3-pysocks-1.7.1-8.amzn2023.0.2.noarch         48/226 [0m
2026-09-24T17:45:43.974112128Z Stdout: [2;37m[ DEBUG   ]: 17:45:43 | system:   Installing       : python3-jmespath-0.10.0-1.amzn2023.0.3.noarch       49/226 [0m
2026-09-24T17:45:43.987044214Z Stdout: [2;37m[ DEBUG   ]: 17:45:43 | system:   Installing       : python3-idna-2.10-3.amzn2023.0.4.noarch             50/226 [0m
2026-09-24T17:45:43.999931611Z Stdout: [2;37m[ DEBUG   ]: 17:45:43 | system:   Installing       : python3-urllib3-1.25.10-5.amzn2023.0.7.noarch       51/226 [0m
2026-09-24T17:45:44.012887460Z Stdout: [2;37m[ DEBUG   ]: 17:45:44 | system:   Installing       : python3-elementpath-2.3.2-2.amzn2023.noarch         52/226 [0m
2026-09-24T17:45:44.025800183Z Stdout: [2;37m[ DEBUG   ]: 17:45:44 | system:   Installing       : python3-xmlschema-1.4.2-1.amzn2023.0.2.noarch       53/226 [0m
2026-09-24T17:45:44.038808377Z Stdout: [2;37m[ DEBUG   ]: 17:45:44 | system:   Installing       : python3-docutils-0.16-4.amzn2023.0.2.noarch         54/226 [0m
2026-09-24T17:45:44.051703595Z Stdout: [2;37m[ DEBUG   ]: 17:45:44 | system:   Installing       : python3-colorama-0.4.4-2.amzn2023.0.2.noarch        55/226 [0m
2026-09-24T17:45:44.064655307Z Stdout: [2;37m[ DEBUG   ]: 17:45:44 | system:   Installing       : python3-awscrt-0.31.1-1.amzn2023.0.1.x86_64         56/226 [0m
2026-09-24T17:45:44.077595482Z Stdout: [2;37m[ DEBUG   ]: 17:45:44 | system:   Installing       : pv-1.6.20-63.amzn2023.0.3.x86_64                    57/226 [0m
2026-09-24T17:45:44.090635997Z Stdout: [2;37m[ DEBUG   ]: 17:45:44 | system:   Installing       : publicsuffix-list-20260116-1.amzn2023.0.1.noarch    58/226 [0m
2026-09-24T17:45:44.103518222Z Stdout: [2;37m[ DEBUG   ]: 17:45:44 | system:   Installing       : psmisc-23.4-1.amzn2023.0.2.x86_64                   59/226 [0m
2026-09-24T17:45:44.116463824Z Stdout: [2;37m[ DEBUG   ]: 17:45:44 | system:   Installing       : pkgconf-m4-1.8.0-4.amzn2023.0.2.noarch              60/226 [0m
2026-09-24T17:45:44.129435853Z Stdout: [2;37m[ DEBUG   ]: 17:45:44 | system:   Installing       : perl-srpm-macros-1-39.amzn2023.0.2.noarch           61/226 [0m
2026-09-24T17:45:44.142383645Z Stdout: [2;37m[ DEBUG   ]: 17:45:44 | system:   Installing       : pcre2-utf32-10.40-1.amzn2023.0.3.x86_64             62/226 [0m
2026-09-24T17:45:44.155352609Z Stdout: [2;37m[ DEBUG   ]: 17:45:44 | system:   Installing       : pcre2-utf16-10.40-1.amzn2023.0.3.x86_64             63/226 [0m
2026-09-24T17:45:44.168284681Z Stdout: [2;37m[ DEBUG   ]: 17:45:44 | system:   Installing       : pciutils-libs-3.7.0-3.amzn2023.0.2.x86_64           64/226 [0m
2026-09-24T17:45:44.181178295Z Stdout: [ INFO    ]: Processing: [##                                      ] 6%[2;37m[ DEBUG   ]: 17:45:44 | system:   Installing       : package-notes-srpm-macros-0.4-18.amzn2023.0.5.no    65/226 [0m
2026-09-24T17:45:44.194152831Z Stdout: [2;37m[ DEBUG   ]: 17:45:44 | system:   Installing       : openssl-pkcs11-0.4.12-3.amzn2023.0.1.x86_64         66/226 [0m
2026-09-24T17:45:44.207067833Z Stdout: [2;37m[ DEBUG   ]: 17:45:44 | system:   Installing       : openblas-srpm-macros-2-9.amzn2023.0.2.noarch        67/226 [0m
2026-09-24T17:45:44.220041709Z Stdout: [2;37m[ DEBUG   ]: 17:45:44 | system:   Installing       : oniguruma-6.9.7.1-1.amzn2023.0.2.x86_64             68/226 [0m
2026-09-24T17:45:44.232967749Z Stdout: [2;37m[ DEBUG   ]: 17:45:44 | system:   Installing       : jq-1.8.1-60.amzn2023.x86_64                         69/226 [0m
2026-09-24T17:45:44.245905216Z Stdout: [2;37m[ DEBUG   ]: 17:45:44 | system:   Installing       : ocaml-srpm-macros-6-6.amzn2023.0.2.noarch           70/226 [0m
2026-09-24T17:45:44.258877408Z Stdout: [2;37m[ DEBUG   ]: 17:45:44 | system:   Installing       : numactl-libs-2.0.14-3.amzn2023.0.3.x86_64           71/226 [0m
2026-09-24T17:45:44.271829941Z Stdout: [2;37m[ DEBUG   ]: 17:45:44 | system:   Installing       : mpfr-4.1.0-7.amzn2023.0.2.x86_64                    72/226 [0m
2026-09-24T17:45:44.284749877Z Stdout: [2;37m[ DEBUG   ]: 17:45:44 | system:   Installing       : microcode_ctl-2:2.1-53.amzn2023.0.16.x86_64         73/226 [0m
2026-09-24T17:45:44.297710021Z Stdout: [2;37m[ DEBUG   ]: 17:45:44 | system:   Installing       : lua-srpm-macros-1-4.amzn2023.0.2.noarch             74/226 [0m
2026-09-24T17:45:44.310558983Z Stdout: [2;37m[ DEBUG   ]: 17:45:44 | system:   Installing       : linux-firmware-whence-20210208-117.amzn2023.0.7.    75/226 [0m
2026-09-24T17:45:44.323543637Z Stdout: [2;37m[ DEBUG   ]: 17:45:44 | system:   Installing       : amd-ucode-firmware-20210208-117.amzn2023.0.7.noa    76/226 [0m
2026-09-24T17:45:44.336514812Z Stdout: [2;37m[ DEBUG   ]: 17:45:44 | system:   Running scriptlet: amd-ucode-firmware-20210208-117.amzn2023.0.7.noa    76/226 [0m
2026-09-24T17:45:44.349423043Z Stdout: [2;37m[ DEBUG   ]: 17:45:44 | system:   Installing       : libxslt-1.1.43-1.amzn2023.0.3.x86_64                77/226 [0m
2026-09-24T17:45:44.362430250Z Stdout: [2;37m[ DEBUG   ]: 17:45:44 | system:   Installing       : python3-lxml-4.7.1-3.amzn2023.0.3.x86_64            78/226 [0m
2026-09-24T17:45:44.375342287Z Stdout: [2;37m[ DEBUG   ]: 17:45:44 | system:   Installing       : python3-supportinfo-1.0.0-1.amzn2023.noarch         79/226 [0m
2026-09-24T17:45:44.388321395Z Stdout: [2;37m[ DEBUG   ]: 17:45:44 | system:   Installing       : libssh-config-0.10.6-1.amzn2023.0.8.noarch          80/226 [0m
2026-09-24T17:45:44.401249525Z Stdout: [2;37m[ DEBUG   ]: 17:45:44 | system:   Installing       : libssh-0.10.6-1.amzn2023.0.8.x86_64                 81/226 [0m
2026-09-24T17:45:44.414198935Z Stdout: [2;37m[ DEBUG   ]: 17:45:44 | system:   Installing       : libss-1.46.5-2.amzn2023.0.2.x86_64                  82/226 [0m
2026-09-24T17:45:44.427121932Z Stdout: [2;37m[ DEBUG   ]: 17:45:44 | system:   Installing       : libsigsegv-2.13-2.amzn2023.0.2.x86_64               83/226 [0m
2026-09-24T17:45:44.440127388Z Stdout: [2;37m[ DEBUG   ]: 17:45:44 | system:   Installing       : gawk-5.1.0-3.amzn2023.0.4.x86_64                    84/226 [0m
2026-09-24T17:45:44.453037706Z Stdout: [2;37m[ DEBUG   ]: 17:45:44 | system:   Installing       : libselinux-utils-3.4-5.amzn2023.0.2.x86_64          85/226 [0m
2026-09-24T17:45:44.466025014Z Stdout: [2;37m[ DEBUG   ]: 17:45:44 | system:   Installing       : libpkgconf-1.8.0-4.amzn2023.0.2.x86_64              86/226 [0m
2026-09-24T17:45:44.478953100Z Stdout: [2;37m[ DEBUG   ]: 17:45:44 | system:   Installing       : libpipeline-1.5.3-2.amzn2023.0.2.x86_64             87/226 [0m
2026-09-24T17:45:44.491933111Z Stdout: [2;37m[ DEBUG   ]: 17:45:44 | system:   Installing       : libnghttp3-1.15.0-1.amzn2023.0.1.x86_64             88/226 [0m
2026-09-24T17:45:44.504871374Z Stdout: [2;37m[ DEBUG   ]: 17:45:44 | system:   Installing       : libmnl-1.0.4-13.amzn2023.0.2.x86_64                 89/226 [0m
2026-09-24T17:45:44.517829974Z Stdout: [2;37m[ DEBUG   ]: 17:45:44 | system:   Installing       : libkadm5-1.21.3-8.amzn2023.0.1.x86_64               90/226 [0m
2026-09-24T17:45:44.530862611Z Stdout: [2;37m[ DEBUG   ]: 17:45:44 | system:   Installing       : libeconf-0.7.9-1.amzn2023.0.1.x86_64                91/226 [0m
2026-09-24T17:45:44.543727707Z Stdout: [2;37m[ DEBUG   ]: 17:45:44 | system:   Installing       : libdb-5.3.28-49.amzn2023.0.2.x86_64                 92/226 [0m
2026-09-24T17:45:44.556652803Z Stdout: [2;37m[ DEBUG   ]: 17:45:44 | system:   Installing       : pam-1.5.1-8.amzn2023.0.8.x86_64                     93/226 [0m
2026-09-24T17:45:48.036026702Z Stdout: [2;37m[ DEBUG   ]: 17:45:48 | system:   Installing       : libpwquality-1.4.4-6.amzn2023.0.2.x86_64            94/226 [0m
2026-09-24T17:45:48.049296757Z Stdout: [2;37m[ DEBUG   ]: 17:45:48 | system:   Installing       : util-linux-2.37.4-1.amzn2023.0.6.x86_64             95/226 [0m
2026-09-24T17:45:48.062182748Z Stdout: [2;37m[ DEBUG   ]: 17:45:48 | system:   Running scriptlet: util-linux-2.37.4-1.amzn2023.0.6.x86_64             95/226 [0m
2026-09-24T17:45:48.075220906Z Stdout: [2;37m[ DEBUG   ]: 17:45:48 | system:   Installing       : policycoreutils-3.4-6.amzn2023.0.3.x86_64           96/226 [0m
2026-09-24T17:45:48.088282317Z Stdout: [2;37m[ DEBUG   ]: 17:45:48 | system:   Running scriptlet: policycoreutils-3.4-6.amzn2023.0.3.x86_64           96/226 [0m
2026-09-24T17:45:48.101196789Z Stdout: [2;37m[ DEBUG   ]: 17:45:48 | system:   Installing       : rpm-plugin-selinux-4.16.1.3-29.amzn2023.0.7.x86_    97/226 [0m
2026-09-24T17:45:48.114229413Z Stdout: [2;37m[ DEBUG   ]: 17:45:48 | system:   Installing       : selinux-policy-38.1.76-1.amzn2023.0.2.noarch        98/226 [0m
2026-09-24T17:45:48.127536036Z Stdout: [2;37m[ DEBUG   ]: 17:45:48 | system:   Running scriptlet: selinux-policy-38.1.76-1.amzn2023.0.2.noarch        98/226 [0m
2026-09-24T17:45:48.141212089Z Stdout: [2;37m[ DEBUG   ]: 17:45:48 | system:   Running scriptlet: selinux-policy-targeted-38.1.76-1.amzn2023.0.2.n    99/226 [0m
2026-09-24T17:45:48.154850650Z Stdout: [2;37m[ DEBUG   ]: 17:45:48 | system:   Installing       : selinux-policy-targeted-38.1.76-1.amzn2023.0.2.n    99/226 [0m
2026-09-24T17:45:48.176967850Z Stdout: [2;37m[ DEBUG   ]: 17:45:48 | system:   Running scriptlet: selinux-policy-targeted-38.1.76-1.amzn2023.0.2.n    99/226 [0m
2026-09-24T17:45:48.189802558Z Stdout: [2;37m[ DEBUG   ]: 17:45:48 | system:   Running scriptlet: openssh-9.9p1-10.amzn2023.0.2.x86_64               100/226 [0m
2026-09-24T17:45:48.202869024Z Stdout: [2;37m[ DEBUG   ]: 17:45:48 | system:   Installing       : openssh-9.9p1-10.amzn2023.0.2.x86_64               100/226 [0m
2026-09-24T17:45:48.215839296Z Stdout: [2;37m[ DEBUG   ]: 17:45:48 | system:   Installing       : zram-generator-1.1.2-70.amzn2023.0.1.x86_64        101/226 [0m
2026-09-24T17:45:48.228814762Z Stdout: [ INFO    ]: Processing: [###                                     ] 8%[2;37m[ DEBUG   ]: 17:45:48 | system:   Installing       : libcbor-0.7.0-3.amzn2023.0.2.x86_64                102/226 [0m
2026-09-24T17:45:48.241742686Z Stdout: [2;37m[ DEBUG   ]: 17:45:48 | system:   Installing       : libbpf-2:1.6.1-3.amzn2023.x86_64                   103/226 [0m
2026-09-24T17:45:48.254852353Z Stdout: [2;37m[ DEBUG   ]: 17:45:48 | system:   Installing       : iproute-6.10.0-319.amzn2023.0.1.x86_64             104/226 [0m
2026-09-24T17:45:48.267690954Z Stdout: [2;37m[ DEBUG   ]: 17:45:48 | system:   Installing       : libargon2-20171227-9.amzn2023.0.2.x86_64           105/226 [0m
2026-09-24T17:45:48.280683104Z Stdout: [2;37m[ DEBUG   ]: 17:45:48 | system:   Installing       : less-608-2.amzn2023.0.2.x86_64                     106/226 [0m
2026-09-24T17:45:48.293610873Z Stdout: [2;37m[ DEBUG   ]: 17:45:48 | system:   Installing       : kernel-srpm-macros-1.0-14.amzn2023.0.3.noarch      107/226 [0m
2026-09-24T17:45:48.306549918Z Stdout: [2;37m[ DEBUG   ]: 17:45:48 | system:   Installing       : kbd-misc-2.4.0-2.amzn2023.0.4.noarch               108/226 [0m
2026-09-24T17:45:48.319485243Z Stdout: [2;37m[ DEBUG   ]: 17:45:48 | system:   Installing       : kbd-2.4.0-2.amzn2023.0.4.x86_64                    109/226 [0m
2026-09-24T17:45:48.332456299Z Stdout: [2;37m[ DEBUG   ]: 17:45:48 | system:   Installing       : jitterentropy-3.4.1-4.amzn2023.x86_64              110/226 [0m
2026-09-24T17:45:48.345458640Z Stdout: [2;37m[ DEBUG   ]: 17:45:48 | system:   Installing       : inih-58-2.amzn2023.0.1.x86_64                      111/226 [0m
2026-09-24T17:45:48.358416150Z Stdout: [2;37m[ DEBUG   ]: 17:45:48 | system:   Installing       : xfsprogs-6.12.0-3.amzn2023.0.1.x86_64              112/226 [0m
2026-09-24T17:45:48.371723770Z Stdout: [2;37m[ DEBUG   ]: 17:45:48 | system:   Installing       : hwdata-0.384-1.amzn2023.0.3.noarch                 113/226 [0m
2026-09-24T17:45:48.385011729Z Stdout: [2;37m[ DEBUG   ]: 17:45:48 | system:   Running scriptlet: groff-base-1.22.4-7.amzn2023.0.2.x86_64            114/226 [0m
2026-09-24T17:45:48.398130998Z Stdout: [2;37m[ DEBUG   ]: 17:45:48 | system:   Installing       : groff-base-1.22.4-7.amzn2023.0.2.x86_64            114/226 [0m
2026-09-24T17:45:48.411097146Z Stdout: [2;37m[ DEBUG   ]: 17:45:48 | system:   Running scriptlet: groff-base-1.22.4-7.amzn2023.0.2.x86_64            114/226 [0m
2026-09-24T17:45:48.424199128Z Stdout: [2;37m[ DEBUG   ]: 17:45:48 | system:   Installing       : ghc-srpm-macros-1.5.0-4.amzn2023.0.2.noarch        115/226 [0m
2026-09-24T17:45:48.437222235Z Stdout: [2;37m[ DEBUG   ]: 17:45:48 | system:   Installing       : gdisk-1.0.8-1.amzn2023.0.2.x86_64                  116/226 [0m
2026-09-24T17:45:48.450195980Z Stdout: [2;37m[ DEBUG   ]: 17:45:48 | system:   Installing       : fuse-libs-2.9.9-13.amzn2023.0.2.x86_64             117/226 [0m
2026-09-24T17:45:48.463156276Z Stdout: [2;37m[ DEBUG   ]: 17:45:48 | system:   Installing       : elfutils-debuginfod-client-0.188-3.amzn2023.0.3.   118/226 [0m
2026-09-24T17:45:48.476142786Z Stdout: [2;37m[ DEBUG   ]: 17:45:48 | system:   Installing       : efivar-libs-38-2.amzn2023.0.1.x86_64               119/226 [0m
2026-09-24T17:45:48.489563437Z Stdout: [2;37m[ DEBUG   ]: 17:45:48 | system:   Installing       : efivar-38-2.amzn2023.0.1.x86_64                    120/226 [0m
2026-09-24T17:45:48.502408780Z Stdout: [2;37m[ DEBUG   ]: 17:45:48 | system:   Installing       : efi-srpm-macros-5-4.amzn2023.0.5.noarch            121/226 [0m
2026-09-24T17:45:48.515552104Z Stdout: [2;37m[ DEBUG   ]: 17:45:48 | system:   Installing       : ec2-utils-2.3.0-1.amzn2023.0.1.noarch              122/226 [0m
2026-09-24T17:45:48.546505699Z Stdout: [2;37m[ DEBUG   ]: 17:45:48 | system:   Installing       : e2fsprogs-libs-1.46.5-2.amzn2023.0.2.x86_64        123/226 [0m
2026-09-24T17:45:48.559701106Z Stdout: [2;37m[ DEBUG   ]: 17:45:48 | system:   Installing       : e2fsprogs-1.46.5-2.amzn2023.0.2.x86_64             124/226 [0m
2026-09-24T17:45:48.572646639Z Stdout: [2;37m[ DEBUG   ]: 17:45:48 | system:   Installing       : dwz-0.16-2.amzn2023.0.1.x86_64                     125/226 [0m
2026-09-24T17:45:48.585738651Z Stdout: [2;37m[ DEBUG   ]: 17:45:48 | system:   Installing       : fonts-srpm-macros-1:2.0.5-12.amzn2023.0.2.noarch   126/226 [0m
2026-09-24T17:45:48.599003994Z Stdout: [2;37m[ DEBUG   ]: 17:45:48 | system:   Installing       : go-srpm-macros-3.8.0-1.amzn2023.0.1.noarch         127/226 [0m
2026-09-24T17:45:48.611953215Z Stdout: [2;37m[ DEBUG   ]: 17:45:48 | system:   Installing       : python-srpm-macros-3.9-41.amzn2023.0.6.noarch      128/226 [0m
2026-09-24T17:45:48.625028831Z Stdout: [2;37m[ DEBUG   ]: 17:45:48 | system:   Installing       : amazon-rpm-config-228-11.amzn2023.0.1.noarch       129/226 [0m
2026-09-24T17:45:48.638052662Z Stdout: [2;37m[ DEBUG   ]: 17:45:48 | system:   Running scriptlet: amazon-rpm-config-228-11.amzn2023.0.1.noarch       129/226 [0m
2026-09-24T17:45:48.651054567Z Stdout: [2;37m[ DEBUG   ]: 17:45:48 | system:   Installing       : pkgconf-1.8.0-4.amzn2023.0.2.x86_64                130/226 [0m
2026-09-24T17:45:48.663923879Z Stdout: [2;37m[ DEBUG   ]: 17:45:48 | system:   Installing       : pkgconf-pkg-config-1.8.0-4.amzn2023.0.2.x86_64     131/226 [0m
2026-09-24T17:45:48.676954312Z Stdout: [2;37m[ DEBUG   ]: 17:45:48 | system:   Installing       : openssl-devel-1:3.5.8-1.amzn2023.0.1.x86_64        132/226 [0m
2026-09-24T17:45:48.689927755Z Stdout: [2;37m[ DEBUG   ]: 17:45:48 | system:   Installing       : ngtcp2-devel-1.21.0-1.amzn2023.0.2.x86_64          133/226 [0m
2026-09-24T17:45:48.702839323Z Stdout: [2;37m[ DEBUG   ]: 17:45:48 | system:   Installing       : ngtcp2-crypto-ossl-devel-1.21.0-1.amzn2023.0.2.x   134/226 [0m
2026-09-24T17:45:48.715810662Z Stdout: [2;37m[ DEBUG   ]: 17:45:48 | system:   Installing       : brotli-devel-1.0.9-4.amzn2023.0.2.x86_64           135/226 [0m
2026-09-24T17:45:48.728727901Z Stdout: [2;37m[ DEBUG   ]: 17:45:48 | system:   Installing       : json-c-devel-0.14-8.amzn2023.0.2.x86_64            136/226 [0m
2026-09-24T17:45:48.741725774Z Stdout: [2;37m[ DEBUG   ]: 17:45:48 | system:   Installing       : keyutils-libs-devel-1.6.3-1.amzn2023.0.2.x86_64    137/226 [0m
2026-09-24T17:45:48.754885207Z Stdout: [2;37m[ DEBUG   ]: 17:45:48 | system:   Installing       : libcom_err-devel-1.46.5-2.amzn2023.0.2.x86_64      138/226 [0m
2026-09-24T17:45:48.767732716Z Stdout: [2;37m[ DEBUG   ]: 17:45:48 | system:   Installing       : libidn2-devel-2.3.2-1.amzn2023.0.5.x86_64          139/226 [0m
2026-09-24T17:45:48.780742463Z Stdout: [2;37m[ DEBUG   ]: 17:45:48 | system:   Installing       : libnghttp2-devel-1.59.0-3.amzn2023.0.2.x86_64      140/226 [0m
2026-09-24T17:45:48.793665927Z Stdout: [2;37m[ DEBUG   ]: 17:45:48 | system:   Installing       : libnghttp3-devel-1.15.0-1.amzn2023.0.1.x86_64      141/226 [0m
2026-09-24T17:45:48.806587825Z Stdout: [2;37m[ DEBUG   ]: 17:45:48 | system:   Installing       : libpsl-devel-0.21.5-1.amzn2023.0.1.x86_64          142/226 [0m
2026-09-24T17:45:48.819517436Z Stdout: [2;37m[ DEBUG   ]: 17:45:48 | system:   Installing       : libsepol-devel-3.4-3.amzn2023.0.3.x86_64           143/226 [0m
2026-09-24T17:45:48.832444028Z Stdout: [2;37m[ DEBUG   ]: 17:45:48 | system:   Installing       : libssh-devel-0.10.6-1.amzn2023.0.8.x86_64          144/226 [0m
2026-09-24T17:45:48.845336029Z Stdout: [2;37m[ DEBUG   ]: 17:45:48 | system:   Installing       : libuuid-devel-2.37.4-1.amzn2023.0.6.x86_64         145/226 [0m
2026-09-24T17:45:48.858922760Z Stdout: [2;37m[ DEBUG   ]: 17:45:48 | system:   Installing       : libverto-devel-0.3.2-1.amzn2023.0.2.x86_64         146/226 [0m
2026-09-24T17:45:48.873139793Z Stdout: [2;37m[ DEBUG   ]: 17:45:48 | system:   Installing       : pcre2-devel-10.40-1.amzn2023.0.3.x86_64            147/226 [0m
2026-09-24T17:45:48.886154760Z Stdout: [2;37m[ DEBUG   ]: 17:45:48 | system:   Installing       : libselinux-devel-3.4-5.amzn2023.0.2.x86_64         148/226 [0m
2026-09-24T17:45:48.899610484Z Stdout: [2;37m[ DEBUG   ]: 17:45:48 | system:   Installing       : krb5-devel-1.21.3-8.amzn2023.0.1.x86_64            149/226 [0m
2026-09-24T17:45:48.912682746Z Stdout: [2;37m[ DEBUG   ]: 17:45:48 | system:   Installing       : zlib-devel-1.2.11-33.amzn2023.0.6.x86_64           150/226 [0m
2026-09-24T17:45:48.925901990Z Stdout: [2;37m[ DEBUG   ]: 17:45:48 | system:   Installing       : libcurl-devel-8.21.0-5.amzn2023.0.1.x86_64         151/226 [0m
2026-09-24T17:45:48.938879232Z Stdout: [2;37m[ DEBUG   ]: 17:45:48 | system:   Installing       : dialog-1.3-51.20240101.amzn2023.x86_64             152/226 [0m
2026-09-24T17:45:48.952396773Z Stdout: [2;37m[ DEBUG   ]: 17:45:48 | system:   Installing       : dbus-common-1:1.12.28-1.amzn2023.0.1.noarch        153/226 [0m
2026-09-24T17:45:48.965921005Z Stdout: [2;37m[ DEBUG   ]: 17:45:48 | system:   Running scriptlet: dbus-common-1:1.12.28-1.amzn2023.0.1.noarch        153/226 [0m
2026-09-24T17:45:48.979094917Z Stdout: [2;37m[ DEBUG   ]: 17:45:48 | system:   Running scriptlet: dbus-broker-32-1.amzn2023.0.2.x86_64               154/226 [0m
2026-09-24T17:45:48.992808427Z Stdout: [2;37m[ DEBUG   ]: 17:45:48 | system:   Installing       : dbus-broker-32-1.amzn2023.0.2.x86_64               154/226 [0m
2026-09-24T17:45:49.006122003Z Stdout: [2;37m[ DEBUG   ]: 17:45:49 | system:   Running scriptlet: dbus-broker-32-1.amzn2023.0.2.x86_64               154/226 [0m
2026-09-24T17:45:49.019458644Z Stdout: [2;37m[ DEBUG   ]: 17:45:49 | system:   Installing       : dbus-1:1.12.28-1.amzn2023.0.1.x86_64               155/226 [0m
2026-09-24T17:45:49.032578202Z Stdout: [2;37m[ DEBUG   ]: 17:45:49 | system:   Installing       : cryptsetup-libs-2.6.1-1.amzn2023.0.1.x86_64        156/226 [0m
2026-09-24T17:45:49.046137749Z Stdout: [ INFO    ]: Processing: [####                                    ] 11%[2;37m[ DEBUG   ]: 17:45:49 | system:   Installing       : device-mapper-libs-1.02.185-1.amzn2023.0.5.x86_6   157/226 [0m
2026-09-24T17:45:49.059766619Z Stdout: [2;37m[ DEBUG   ]: 17:45:49 | system:   Installing       : device-mapper-1.02.185-1.amzn2023.0.5.x86_64       158/226 [0m
2026-09-24T17:45:49.072816327Z Stdout: [2;37m[ DEBUG   ]: 17:45:49 | system:   Installing       : systemd-networkd-252.23-12.amzn2023.x86_64         159/226 [0m
2026-09-24T17:45:49.085857260Z Stdout: [2;37m[ DEBUG   ]: 17:45:49 | system:   Running scriptlet: systemd-networkd-252.23-12.amzn2023.x86_64         159/226 [0m
2026-09-24T17:45:49.098920105Z Stdout: [2;37m[ DEBUG   ]: 17:45:49 | system:   Installing       : systemd-pam-252.23-12.amzn2023.x86_64              160/226 [0m
2026-09-24T17:45:49.111900046Z Stdout: [2;37m[ DEBUG   ]: 17:45:49 | system:   Installing       : systemd-resolved-252.23-12.amzn2023.x86_64         161/226 [0m
2026-09-24T17:45:49.124898734Z Stdout: [ INFO    ]: Processing: [######                                  ] 14%[2;37m[ DEBUG   ]: 17:45:49 | system:   Running scriptlet: systemd-resolved-252.23-12.amzn2023.x86_64         161/226 [0m
2026-09-24T17:45:49.137835694Z Stdout: [2;37m[ DEBUG   ]: 17:45:49 | system:   Installing       : systemd-252.23-12.amzn2023.x86_64                  162/226 [0m
2026-09-24T17:45:49.150795346Z Stdout: [2;37m[ DEBUG   ]: 17:45:49 | system:   Running scriptlet: systemd-252.23-12.amzn2023.x86_64                  162/226 [0m
2026-09-24T17:45:49.156771140Z Stdout: [2;37m[ DEBUG   ]: 17:45:49 | system: Creating group 'input' with GID 104.[0m
2026-09-24T17:45:49.162250143Z Stdout: [2;37m[ DEBUG   ]: 17:45:49 | system: Creating group 'kvm' with GID 36.[0m
2026-09-24T17:45:49.168383900Z Stdout: [2;37m[ DEBUG   ]: 17:45:49 | system: Creating group 'render' with GID 105.[0m
2026-09-24T17:45:49.174009579Z Stdout: [2;37m[ DEBUG   ]: 17:45:49 | system: Creating group 'sgx' with GID 106.[0m
2026-09-24T17:45:49.181509023Z Stdout: [2;37m[ DEBUG   ]: 17:45:49 | system: Creating group 'systemd-journal' with GID 190.[0m
2026-09-24T17:45:49.189067169Z Stdout: [2;37m[ DEBUG   ]: 17:45:49 | system: Creating group 'systemd-network' with GID 192.[0m
2026-09-24T17:45:49.202942091Z Stdout: [2;37m[ DEBUG   ]: 17:45:49 | system: Creating user 'systemd-network' (systemd Network Management) with UID 192 and GID 192.[0m
2026-09-24T17:45:49.209830160Z Stdout: [2;37m[ DEBUG   ]: 17:45:49 | system: Creating group 'systemd-oom' with GID 999.[0m
2026-09-24T17:45:49.223444808Z Stdout: [2;37m[ DEBUG   ]: 17:45:49 | system: Creating user 'systemd-oom' (systemd Userspace OOM Killer) with UID 999 and GID 999.[0m
2026-09-24T17:45:49.231085228Z Stdout: [2;37m[ DEBUG   ]: 17:45:49 | system: Creating group 'systemd-resolve' with GID 193.[0m
2026-09-24T17:45:49.243311466Z Stdout: [2;37m[ DEBUG   ]: 17:45:49 | system: Creating user 'systemd-resolve' (systemd Resolver) with UID 193 and GID 193.[0m
2026-09-24T17:45:49.256375240Z Stdout: [2;37m[ DEBUG   ]: 17:45:49 | system:   Installing       : libfido2-1.10.0-2.amzn2023.0.2.x86_64              163/226 [0m
2026-09-24T17:45:49.269383551Z Stdout: [2;37m[ DEBUG   ]: 17:45:49 | system:   Installing       : systemd-udev-252.23-12.amzn2023.x86_64             164/226 [0m
2026-09-24T17:45:49.282337913Z Stdout: [2;37m[ DEBUG   ]: 17:45:49 | system:   Running scriptlet: systemd-udev-252.23-12.amzn2023.x86_64             164/226 [0m
2026-09-24T17:45:49.305057808Z Stdout: [2;37m[ DEBUG   ]: 17:45:49 | system: Created symlink /etc/systemd/system/sysinit.target.wants/systemd-boot-update.service → /usr/lib/systemd/system/systemd-boot-update.service.[0m
2026-09-24T17:45:49.318199504Z Stdout: [2;37m[ DEBUG   ]: 17:45:49 | system:   Running scriptlet: tpm2-tss-4.0.2-1.amzn2023.0.1.x86_64               165/226 [0m
2026-09-24T17:45:49.331084882Z Stdout: [2;37m[ DEBUG   ]: 17:45:49 | system:   Installing       : tpm2-tss-4.0.2-1.amzn2023.0.1.x86_64               165/226 [0m
2026-09-24T17:45:49.344032186Z Stdout: [2;37m[ DEBUG   ]: 17:45:49 | system:   Running scriptlet: tpm2-tss-4.0.2-1.amzn2023.0.1.x86_64               165/226 [0m
2026-09-24T17:45:49.356994817Z Stdout: [2;37m[ DEBUG   ]: 17:45:49 | system:   Installing       : device-mapper-event-libs-1.02.185-1.amzn2023.0.5   166/226 [0m
2026-09-24T17:45:49.369969596Z Stdout: [2;37m[ DEBUG   ]: 17:45:49 | system:   Installing       : kpartx-0.8.7-16.amzn2023.0.2.x86_64                167/226 [0m
2026-09-24T17:45:49.382943822Z Stdout: [2;37m[ DEBUG   ]: 17:45:49 | system:   Installing       : device-mapper-event-1.02.185-1.amzn2023.0.5.x86_   168/226 [0m
2026-09-24T17:45:49.395861180Z Stdout: [2;37m[ DEBUG   ]: 17:45:49 | system:   Running scriptlet: device-mapper-event-1.02.185-1.amzn2023.0.5.x86_   168/226 [0m
2026-09-24T17:45:49.414695581Z Stdout: [2;37m[ DEBUG   ]: 17:45:49 | system: Created symlink /etc/systemd/system/sockets.target.wants/dm-event.socket → /usr/lib/systemd/system/dm-event.socket.[0m
2026-09-24T17:45:49.427758385Z Stdout: [2;37m[ DEBUG   ]: 17:45:49 | system:   Installing       : lvm2-libs-2.03.16-1.amzn2023.0.5.x86_64            169/226 [0m
2026-09-24T17:45:49.440693770Z Stdout: [2;37m[ DEBUG   ]: 17:45:49 | system:   Installing       : lvm2-2.03.16-1.amzn2023.0.5.x86_64                 170/226 [0m
2026-09-24T17:45:49.453597989Z Stdout: [2;37m[ DEBUG   ]: 17:45:49 | system:   Running scriptlet: lvm2-2.03.16-1.amzn2023.0.5.x86_64                 170/226 [0m
2026-09-24T17:45:49.474062322Z Stdout: [2;37m[ DEBUG   ]: 17:45:49 | system: Created symlink /etc/systemd/system/sysinit.target.wants/lvm2-monitor.service → /usr/lib/systemd/system/lvm2-monitor.service.[0m
2026-09-24T17:45:49.494528596Z Stdout: [2;37m[ DEBUG   ]: 17:45:49 | system: Created symlink /etc/systemd/system/sysinit.target.wants/lvm2-lvmpolld.socket → /usr/lib/systemd/system/lvm2-lvmpolld.socket.[0m
2026-09-24T17:45:49.507649650Z Stdout: [2;37m[ DEBUG   ]: 17:45:49 | system:   Installing       : tpm2-tss-fapi-4.0.2-1.amzn2023.0.1.x86_64          171/226 [0m
2026-09-24T17:45:49.520610023Z Stdout: [2;37m[ DEBUG   ]: 17:45:49 | system:   Installing       : tpm2-tss-devel-4.0.2-1.amzn2023.0.1.x86_64         172/226 [0m
2026-09-24T17:45:49.533576949Z Stdout: [2;37m[ DEBUG   ]: 17:45:49 | system:   Installing       : libkcapi-1.4.0-105.amzn2023.0.1.x86_64             173/226 [0m
2026-09-24T17:45:49.546861082Z Stdout: [2;37m[ DEBUG   ]: 17:45:49 | system:   Installing       : libkcapi-hmaccalc-1.4.0-105.amzn2023.0.1.x86_64    174/226 [0m
2026-09-24T17:45:49.560185837Z Stdout: [2;37m[ DEBUG   ]: 17:45:49 | system:   Running scriptlet: logrotate-3.20.1-2.amzn2023.0.3.x86_64             175/226 [0m
2026-09-24T17:45:49.573489744Z Stdout: [2;37m[ DEBUG   ]: 17:45:49 | system:   Installing       : logrotate-3.20.1-2.amzn2023.0.3.x86_64             175/226 [0m
2026-09-24T17:45:49.586671630Z Stdout: [2;37m[ DEBUG   ]: 17:45:49 | system:   Running scriptlet: logrotate-3.20.1-2.amzn2023.0.3.x86_64             175/226 [0m
2026-09-24T17:45:49.605960701Z Stdout: [2;37m[ DEBUG   ]: 17:45:49 | system: Created symlink /etc/systemd/system/timers.target.wants/logrotate.timer → /usr/lib/systemd/system/logrotate.timer.[0m
2026-09-24T17:45:49.619361119Z Stdout: [2;37m[ DEBUG   ]: 17:45:49 | system:   Running scriptlet: chrony-4.3-1.amzn2023.0.6.x86_64                   176/226 [0m
2026-09-24T17:45:49.632919276Z Stdout: [2;37m[ DEBUG   ]: 17:45:49 | system:   Installing       : chrony-4.3-1.amzn2023.0.6.x86_64                   176/226 [0m
2026-09-24T17:45:49.646475131Z Stdout: [2;37m[ DEBUG   ]: 17:45:49 | system:   Running scriptlet: chrony-4.3-1.amzn2023.0.6.x86_64                   176/226 [0m
2026-09-24T17:45:49.666032072Z Stdout: [2;37m[ DEBUG   ]: 17:45:49 | system: Created symlink /etc/systemd/system/multi-user.target.wants/chronyd.service → /usr/lib/systemd/system/chronyd.service.[0m
2026-09-24T17:45:49.679127519Z Stdout: [2;37m[ DEBUG   ]: 17:45:49 | system:   Installing       : amazon-chrony-config-4.3-1.amzn2023.0.6.noarch     177/226 [0m
2026-09-24T17:45:49.692180398Z Stdout: [ INFO    ]: Processing: [#######                                 ] 17%[2;37m[ DEBUG   ]: 17:45:49 | system:   Running scriptlet: amazon-chrony-config-4.3-1.amzn2023.0.6.noarch     177/226 [0m
2026-09-24T17:45:49.713761363Z Stdout: [2;37m[ DEBUG   ]: 17:45:49 | system: Created symlink /etc/systemd/system/chronyd.service.wants/chrony-config.service → /usr/lib/systemd/system/chrony-config.service.[0m
2026-09-24T17:45:49.727034108Z Stdout: [2;37m[ DEBUG   ]: 17:45:49 | system:   Installing       : mdadm-4.2-3.amzn2023.0.5.x86_64                    178/226 [0m
2026-09-24T17:45:49.740222970Z Stdout: [2;37m[ DEBUG   ]: 17:45:49 | system:   Running scriptlet: mdadm-4.2-3.amzn2023.0.5.x86_64                    178/226 [0m
2026-09-24T17:45:49.760719465Z Stdout: [2;37m[ DEBUG   ]: 17:45:49 | system: Created symlink /etc/systemd/system/multi-user.target.wants/mdmonitor.service → /usr/lib/systemd/system/mdmonitor.service.[0m
2026-09-24T17:45:49.779865346Z Stdout: [2;37m[ DEBUG   ]: 17:45:49 | system: Created symlink /etc/systemd/system/timers.target.wants/raid-check.timer → /usr/lib/systemd/system/raid-check.timer.[0m
2026-09-24T17:45:49.793054419Z Stdout: [2;37m[ DEBUG   ]: 17:45:49 | system:   Installing       : parted-3.4-2.amzn2023.0.2.x86_64                   179/226 [0m
2026-09-24T17:45:49.806031105Z Stdout: [2;37m[ DEBUG   ]: 17:45:49 | system:   Installing       : cryptsetup-2.6.1-1.amzn2023.0.1.x86_64             180/226 [0m
2026-09-24T17:45:50.137753928Z Stdout: [ INFO    ]: Processing: [########                                ] 19%[2;37m[ DEBUG   ]: 17:45:50 | system:   Installing       : cyrus-sasl-lib-2.1.27-18.amzn2023.0.3.x86_64       181/226 [0m
2026-09-24T17:45:50.151060541Z Stdout: [2;37m[ DEBUG   ]: 17:45:50 | system:   Installing       : openldap-2.4.57-6.amzn2023.0.7.x86_64              182/226 [0m
2026-09-24T17:45:50.163779894Z Stdout: [2;37m[ DEBUG   ]: 17:45:50 | system:   Installing       : libuser-0.63-4.amzn2023.0.2.x86_64                 183/226 [0m
2026-09-24T17:45:50.176596241Z Stdout: [2;37m[ DEBUG   ]: 17:45:50 | system:   Installing       : cpio-2.13-13.amzn2023.0.3.x86_64                   184/226 [0m
2026-09-24T17:45:50.189555744Z Stdout: [2;37m[ DEBUG   ]: 17:45:50 | system:   Installing       : dracut-102-3.amzn2023.0.4.x86_64                   185/226 [0m
2026-09-24T17:45:50.202485999Z Stdout: [2;37m[ DEBUG   ]: 17:45:50 | system:   Installing       : bc-1.07.1-14.amzn2023.0.2.x86_64                   186/226 [0m
2026-09-24T17:45:50.215417233Z Stdout: [2;37m[ DEBUG   ]: 17:45:50 | system:   Installing       : dracut-kiwi-lib-10.3.0-1.amzn2023.noarch           187/226 [0m
2026-09-24T17:45:50.228386051Z Stdout: [2;37m[ DEBUG   ]: 17:45:50 | system:   Installing       : dracut-kiwi-overlay-10.3.0-1.amzn2023.noarch       188/226 [0m
2026-09-24T17:45:50.241497601Z Stdout: [ INFO    ]: Processing: [#########                               ] 22%[2;37m[ DEBUG   ]: 17:45:50 | system:   Installing       : dracut-kiwi-verity-10.3.0-1.amzn2023.x86_64        189/226 [0m
2026-09-24T17:45:50.254282804Z Stdout: [ INFO    ]: Processing: [##########                              ] 25%[2;37m[ DEBUG   ]: 17:45:50 | system:   Installing       : dracut-config-ec2-3.1-1.amzn2023.0.1.noarch        190/226 [0m
2026-09-24T17:45:50.267262599Z Stdout: [2;37m[ DEBUG   ]: 17:45:50 | system:   Installing       : dracut-config-generic-102-3.amzn2023.0.4.x86_64    191/226 [0m
2026-09-24T17:45:50.280128877Z Stdout: [2;37m[ DEBUG   ]: 17:45:50 | system:   Installing       : kernel-1:6.1.186-228.376.amzn2023.x86_64           192/226 [0m
2026-09-24T17:45:50.293211023Z Stdout: [2;37m[ DEBUG   ]: 17:45:50 | system:   Running scriptlet: kernel-1:6.1.186-228.376.amzn2023.x86_64           192/226 [0m
2026-09-24T17:45:50.306170251Z Stdout: [2;37m[ DEBUG   ]: 17:45:50 | system:   Installing       : passwd-0.80-10.amzn2023.0.2.x86_64                 193/226 [0m
2026-09-24T17:45:50.319170198Z Stdout: [2;37m[ DEBUG   ]: 17:45:50 | system:   Installing       : sudo-1.9.15-1.p5.amzn2023.0.3.x86_64               194/226 [0m
2026-09-24T17:45:50.332058314Z Stdout: [2;37m[ DEBUG   ]: 17:45:50 | system:   Installing       : aws-nitro-tpm-tools-1.1.2-1.amzn2023.x86_64        195/226 [0m
2026-09-24T17:45:50.345016070Z Stdout: [ INFO    ]: Processing: [###########                             ] 28%[2;37m[ DEBUG   ]: 17:45:50 | system:   Installing       : amazon-ec2-net-utils-2.7.6-1.amzn2023.0.1.noarch   196/226 [0m
2026-09-24T17:45:50.357979625Z Stdout: [2;37m[ DEBUG   ]: 17:45:50 | system:   Running scriptlet: amazon-ec2-net-utils-2.7.6-1.amzn2023.0.1.noarch   196/226 [0m
2026-09-24T17:45:50.370821007Z Stdout: [2;37m[ DEBUG   ]: 17:45:50 | system: Failed to disable unit, unit NetworkManager-wait-online.service does not exist.[0m
2026-09-24T17:45:50.381624417Z Stdout: [2;37m[ DEBUG   ]: 17:45:50 | system: Failed to disable unit, unit NetworkManager.service does not exist.[0m
2026-09-24T17:45:50.394817363Z Stdout: [2;37m[ DEBUG   ]: 17:45:50 | system:   Installing       : openssh-clients-9.9p1-10.amzn2023.0.2.x86_64       197/226 [0m
2026-09-24T17:45:50.407611982Z Stdout: [2;37m[ DEBUG   ]: 17:45:50 | system:   Running scriptlet: openssh-clients-9.9p1-10.amzn2023.0.2.x86_64       197/226 [0m
2026-09-24T17:45:50.420557385Z Stdout: [2;37m[ DEBUG   ]: 17:45:50 | system:   Installing       : audit-3.1.5-1.amzn2023.0.2.x86_64                  198/226 [0m
2026-09-24T17:45:50.433473665Z Stdout: [2;37m[ DEBUG   ]: 17:45:50 | system:   Running scriptlet: audit-3.1.5-1.amzn2023.0.2.x86_64                  198/226 [0m
2026-09-24T17:45:50.452478838Z Stdout: [2;37m[ DEBUG   ]: 17:45:50 | system: Created symlink /etc/systemd/system/multi-user.target.wants/auditd.service → /usr/lib/systemd/system/auditd.service.[0m
2026-09-24T17:45:50.459532578Z Stdout: [2;37m[ DEBUG   ]: 17:45:50 | system: Running in chroot, ignoring command 'start'[0m
2026-09-24T17:45:50.472662241Z Stdout: [2;37m[ DEBUG   ]: 17:45:50 | system:   Installing       : initscripts-10.09-1.amzn2023.0.2.x86_64            199/226 [0m
2026-09-24T17:45:50.485630582Z Stdout: [2;37m[ DEBUG   ]: 17:45:50 | system:   Running scriptlet: initscripts-10.09-1.amzn2023.0.2.x86_64            199/226 [0m
2026-09-24T17:45:50.506046324Z Stdout: [2;37m[ DEBUG   ]: 17:45:50 | system: Created symlink /etc/systemd/system/sysinit.target.wants/import-state.service → /usr/lib/systemd/system/import-state.service.[0m
2026-09-24T17:45:50.519160508Z Stdout: [2;37m[ DEBUG   ]: 17:45:50 | system:   Installing       : iputils-20210202-2.amzn2023.0.4.x86_64             200/226 [0m
2026-09-24T17:45:50.532154244Z Stdout: [2;37m[ DEBUG   ]: 17:45:50 | system:   Running scriptlet: iputils-20210202-2.amzn2023.0.4.x86_64             200/226 [0m
2026-09-24T17:45:50.545077157Z Stdout: [2;37m[ DEBUG   ]: 17:45:50 | system:   Installing       : rng-tools-6.17-1.amzn2023.0.1.x86_64               201/226 [0m
2026-09-24T17:45:50.558051390Z Stdout: [2;37m[ DEBUG   ]: 17:45:50 | system:   Running scriptlet: rng-tools-6.17-1.amzn2023.0.1.x86_64               201/226 [0m
2026-09-24T17:45:50.570972275Z Stdout: [2;37m[ DEBUG   ]: 17:45:50 | system:   Installing       : veritysetup-2.6.1-1.amzn2023.0.1.x86_64            202/226 [0m
2026-09-24T17:45:50.583956649Z Stdout: [ INFO    ]: Processing: [############                            ] 31%[2;37m[ DEBUG   ]: 17:45:50 | system:   Installing       : amazon-linux-sb-keys-2023.1-1.amzn2023.0.6.noarc   203/226 [0m
2026-09-24T17:45:50.596923181Z Stdout: [2;37m[ DEBUG   ]: 17:45:50 | system:   Installing       : binutils-2.41-50.amzn2023.0.5.x86_64               204/226 [0m
2026-09-24T17:45:50.609840512Z Stdout: [ INFO    ]: Processing: [#############                           ] 33%[2;37m[ DEBUG   ]: 17:45:50 | system:   Running scriptlet: binutils-2.41-50.amzn2023.0.5.x86_64               204/226 [0m
2026-09-24T17:45:50.622847494Z Stdout: [2;37m[ DEBUG   ]: 17:45:50 | system:   Running scriptlet: man-db-2.9.3-3.amzn2023.0.3.x86_64                 205/226 [0m
2026-09-24T17:45:50.635797979Z Stdout: [2;37m[ DEBUG   ]: 17:45:50 | system:   Installing       : man-db-2.9.3-3.amzn2023.0.3.x86_64                 205/226 [0m
2026-09-24T17:45:50.648848892Z Stdout: [2;37m[ DEBUG   ]: 17:45:50 | system:   Running scriptlet: man-db-2.9.3-3.amzn2023.0.3.x86_64                 205/226 [0m
2026-09-24T17:45:50.662150269Z Stdout: [2;37m[ DEBUG   ]: 17:45:50 | system:   Installing       : pciutils-3.7.0-3.amzn2023.0.2.x86_64               206/226 [0m
2026-09-24T17:45:50.675800943Z Stdout: [ INFO    ]: Processing: [##############                          ] 36%[2;37m[ DEBUG   ]: 17:45:50 | system:   Installing       : zram-generator-defaults-1.1.2-70.amzn2023.0.1.no   207/226 [0m
2026-09-24T17:45:50.689346026Z Stdout: [ INFO    ]: Processing: [################                        ] 39%[ INFO    ]: Processing: [#################                       ] 42%[2;37m[ DEBUG   ]: 17:45:50 | system:   Installing       : cloud-utils-growpart-0.31-8.amzn2023.0.4.x86_64    208/226 [0m
2026-09-24T17:45:50.702603701Z Stdout: [2;37m[ DEBUG   ]: 17:45:50 | system:   Installing       : dnf-plugin-support-info-2.0.0-231.amzn2023.noarc   209/226 [0m
2026-09-24T17:45:50.715526373Z Stdout: [2;37m[ DEBUG   ]: 17:45:50 | system:   Installing       : irqbalance-2:1.9.0-1.amzn2023.0.3.x86_64           210/226 [0m
2026-09-24T17:45:50.728526465Z Stdout: [2;37m[ DEBUG   ]: 17:45:50 | system:   Running scriptlet: irqbalance-2:1.9.0-1.amzn2023.0.3.x86_64           210/226 [0m
2026-09-24T17:45:50.748830752Z Stdout: [2;37m[ DEBUG   ]: 17:45:50 | system: Created symlink /etc/systemd/system/multi-user.target.wants/irqbalance.service → /usr/lib/systemd/system/irqbalance.service.[0m
2026-09-24T17:45:57.586572346Z Stdout: [2;37m[ DEBUG   ]: 17:45:57 | system:   Installing       : awscli-2-2.33.15-1.amzn2023.0.1.noarch             211/226 [0m
2026-09-24T17:45:57.599943569Z Stdout: [ INFO    ]: Processing: [##################                      ] 44%[2;37m[ DEBUG   ]: 17:45:57 | system:   Installing       : vim-minimal-2:9.2.920-1.amzn2023.0.1.x86_64        212/226 [0m
2026-09-24T17:45:57.613140112Z Stdout: [2;37m[ DEBUG   ]: 17:45:57 | system:   Installing       : dnf-plugins-core-4.3.0-13.amzn2023.0.6.noarch      213/226 [0m
2026-09-24T17:45:57.626203603Z Stdout: [2;37m[ DEBUG   ]: 17:45:57 | system:   Installing       : rpm-plugin-systemd-inhibit-4.16.1.3-29.amzn2023.   214/226 [0m
2026-09-24T17:45:57.639385217Z Stdout: [2;37m[ DEBUG   ]: 17:45:57 | system:   Installing       : yum-4.14.0-1.amzn2023.0.7.noarch                   215/226 [0m
2026-09-24T17:45:57.652652228Z Stdout: [2;37m[ DEBUG   ]: 17:45:57 | system:   Installing       : tar-2:1.34-1.amzn2023.0.4.x86_64                   216/226 [0m
2026-09-24T17:45:57.665986569Z Stdout: [ INFO    ]: Processing: [###################                     ] 47%[2;37m[ DEBUG   ]: 17:45:57 | system:   Installing       : systemd-boot-unsigned-252.23-12.amzn2023.x86_64    217/226 [0m
2026-09-24T17:45:57.679348433Z Stdout: [ INFO    ]: Processing: [####################                    ] 50%[2;37m[ DEBUG   ]: 17:45:57 | system:   Installing       : sysctl-defaults-1.0-3.amzn2023.noarch              218/226 [0m
2026-09-24T17:45:57.692363712Z Stdout: [2;37m[ DEBUG   ]: 17:45:57 | system:   Installing       : rootfiles-8.1-29.amzn2023.0.2.noarch               219/226 [0m
2026-09-24T17:45:57.705347034Z Stdout: [2;37m[ DEBUG   ]: 17:45:57 | system:   Installing       : ncurses-6.6-1.amzn2023.0.1.x86_64                  220/226 [0m
2026-09-24T17:45:57.718410088Z Stdout: [2;37m[ DEBUG   ]: 17:45:57 | system:   Installing       : kernel-livepatch-repo-s3-2023.12.20260918-0.amzn   221/226 [0m
2026-09-24T17:45:57.731406771Z Stdout: [2;37m[ DEBUG   ]: 17:45:57 | system:   Installing       : hostname-3.23-4.amzn2023.0.3.x86_64                222/226 [0m
2026-09-24T17:45:57.744421150Z Stdout: [2;37m[ DEBUG   ]: 17:45:57 | system:   Running scriptlet: hostname-3.23-4.amzn2023.0.3.x86_64                222/226 [0m
2026-09-24T17:45:57.757389768Z Stdout: [2;37m[ DEBUG   ]: 17:45:57 | system:   Installing       : glibc-locale-source-2.34-231.amzn2023.0.5.x86_64   223/226 [0m
2026-09-24T17:45:57.770370291Z Stdout: [2;37m[ DEBUG   ]: 17:45:57 | system:   Installing       : glibc-gconv-extra-2.34-231.amzn2023.0.5.x86_64     224/226 [0m
2026-09-24T17:45:57.783323530Z Stdout: [2;37m[ DEBUG   ]: 17:45:57 | system:   Running scriptlet: glibc-gconv-extra-2.34-231.amzn2023.0.5.x86_64     224/226 [0m
2026-09-24T17:45:57.796264876Z Stdout: [2;37m[ DEBUG   ]: 17:45:57 | system:   Installing       : glibc-all-langpacks-2.34-231.amzn2023.0.5.x86_64   225/226 [0m
2026-09-24T17:45:57.809180515Z Stdout: [2;37m[ DEBUG   ]: 17:45:57 | system:   Installing       : dnf-plugin-release-notification-1.4-1.amzn2023.n   226/226 [0m
2026-09-24T17:45:57.822116593Z Stdout: [2;37m[ DEBUG   ]: 17:45:57 | system:   Running scriptlet: microcode_ctl-2:2.1-53.amzn2023.0.16.x86_64        226/226 [0m
2026-09-24T17:45:57.835052448Z Stdout: [2;37m[ DEBUG   ]: 17:45:57 | system:   Running scriptlet: pam-1.5.1-8.amzn2023.0.8.x86_64                    226/226 [0m
2026-09-24T17:45:57.847998287Z Stdout: [2;37m[ DEBUG   ]: 17:45:57 | system:   Running scriptlet: selinux-policy-targeted-38.1.76-1.amzn2023.0.2.n   226/226 [0m
2026-09-24T17:45:57.860938238Z Stdout: [2;37m[ DEBUG   ]: 17:45:57 | system:   Running scriptlet: systemd-resolved-252.23-12.amzn2023.x86_64         226/226 [0m
2026-09-24T17:45:57.873919159Z Stdout: [2;37m[ DEBUG   ]: 17:45:57 | system:   Running scriptlet: chrony-4.3-1.amzn2023.0.6.x86_64                   226/226 [0m
2026-09-24T17:45:57.985019835Z Stdout: [2;37m[ DEBUG   ]: 17:45:57 | system:   Running scriptlet: kernel-1:6.1.186-228.376.amzn2023.x86_64           226/226 [0m
2026-09-24T17:45:57.995467712Z Stdout: [2;37m[ DEBUG   ]: 17:45:57 | system: dracut[E]: No '/dev/log' or 'logger' included for syslog logging[0m
2026-09-24T17:45:58.001141611Z Stdout: [2;37m[ DEBUG   ]: 17:45:58 | system: Checking Secure Boot revocations...[0m
2026-09-24T17:45:58.008965999Z Stdout: [2;37m[ DEBUG   ]: 17:45:58 | system: efivar: show variable: Function not implemented[0m
2026-09-24T17:45:58.012046350Z Stdout: [2;37m[ DEBUG   ]: 17:45:58 | system: Not a UEFI instance[0m
2026-09-24T17:45:58.025347146Z Stdout: [2;37m[ DEBUG   ]: 17:45:58 | system:   Running scriptlet: audit-3.1.5-1.amzn2023.0.2.x86_64                  226/226 [0m
2026-09-24T17:45:58.038255410Z Stdout: [2;37m[ DEBUG   ]: 17:45:58 | system:   Running scriptlet: rootfiles-8.1-29.amzn2023.0.2.noarch               226/226 [0m
2026-09-24T17:45:58.051258221Z Stdout: [2;37m[ DEBUG   ]: 17:45:58 | system:   Running scriptlet: glibc-all-langpacks-2.34-231.amzn2023.0.5.x86_64   226/226 [0m
2026-09-24T17:45:58.064249182Z Stdout: [2;37m[ DEBUG   ]: 17:45:58 | system:   Running scriptlet: dnf-plugin-release-notification-1.4-1.amzn2023.n   226/226 [0m
2026-09-24T17:45:58.071935375Z Stdout: [2;37m[ DEBUG   ]: 17:45:58 | system: Creating group 'systemd-coredump' with GID 997.[0m
2026-09-24T17:45:58.084964932Z Stdout: [2;37m[ DEBUG   ]: 17:45:58 | system: Creating user 'systemd-coredump' (systemd Core Dumper) with UID 997 and GID 997.[0m
2026-09-24T17:45:58.092627903Z Stdout: [2;37m[ DEBUG   ]: 17:45:58 | system: Creating group 'systemd-timesync' with GID 996.[0m
2026-09-24T17:45:58.107030682Z Stdout: [2;37m[ DEBUG   ]: 17:45:58 | system: Creating user 'systemd-timesync' (systemd Time Synchronization) with UID 996 and GID 996.[0m
2026-09-24T17:45:58.120117429Z Stdout: [2;37m[ DEBUG   ]: 17:45:58 | system:   Verifying        : amazon-chrony-config-4.3-1.amzn2023.0.6.noarch       1/226 [0m
2026-09-24T17:45:58.133071484Z Stdout: [2;37m[ DEBUG   ]: 17:45:58 | system:   Verifying        : amazon-ec2-net-utils-2.7.6-1.amzn2023.0.1.noarch     2/226 [0m
2026-09-24T17:45:58.146012604Z Stdout: [2;37m[ DEBUG   ]: 17:45:58 | system:   Verifying        : amazon-linux-sb-keys-2023.1-1.amzn2023.0.6.noarc     3/226 [0m
2026-09-24T17:45:58.156220221Z Stdout: [2;37m[ DEBUG   ]: 17:45:58 | system:   Verifying        : amazon-rpm-config-228-11.amzn2023.0.1.noarch         4/226 [0m
2026-09-24T17:45:58.156584239Z Stdout: [2;37m[ DEBUG   ]: 17:45:58 | system:   Verifying        : amd-ucode-firmware-20210208-117.amzn2023.0.7.noa     5/226 [0m
2026-09-24T17:45:58.156900751Z Stdout: [2;37m[ DEBUG   ]: 17:45:58 | system:   Verifying        : audit-3.1.5-1.amzn2023.0.2.x86_64                    6/226 [0m
2026-09-24T17:45:58.157184984Z Stdout: [2;37m[ DEBUG   ]: 17:45:58 | system:   Verifying        : aws-nitro-tpm-tools-1.1.2-1.amzn2023.x86_64          7/226 [0m
2026-09-24T17:45:58.157469075Z Stdout: [2;37m[ DEBUG   ]: 17:45:58 | system:   Verifying        : awscli-2-2.33.15-1.amzn2023.0.1.noarch               8/226 [0m
2026-09-24T17:45:58.157871866Z Stdout: [2;37m[ DEBUG   ]: 17:45:58 | system:   Verifying        : bc-1.07.1-14.amzn2023.0.2.x86_64                     9/226 [0m
2026-09-24T17:45:58.158148600Z Stdout: [2;37m[ DEBUG   ]: 17:45:58 | system:   Verifying        : binutils-2.41-50.amzn2023.0.5.x86_64                10/226 [0m
2026-09-24T17:45:58.158454534Z Stdout: [2;37m[ DEBUG   ]: 17:45:58 | system:   Verifying        : brotli-1.0.9-4.amzn2023.0.2.x86_64                  11/226 [0m
2026-09-24T17:45:58.158626027Z Stdout: [2;37m[ DEBUG   ]: 17:45:58 | system:   Verifying        : brotli-devel-1.0.9-4.amzn2023.0.2.x86_64            12/226 [0m
2026-09-24T17:45:58.159006846Z Stdout: [2;37m[ DEBUG   ]: 17:45:58 | system:   Verifying        : chrony-4.3-1.amzn2023.0.6.x86_64                    13/226 [0m
2026-09-24T17:45:58.159343801Z Stdout: [2;37m[ DEBUG   ]: 17:45:58 | system:   Verifying        : cloud-utils-growpart-0.31-8.amzn2023.0.4.x86_64     14/226 [0m
2026-09-24T17:45:58.159797517Z Stdout: [2;37m[ DEBUG   ]: 17:45:58 | system:   Verifying        : cmake-filesystem-3.22.2-1.amzn2023.0.6.x86_64       15/226 [0m
2026-09-24T17:45:58.160155505Z Stdout: [2;37m[ DEBUG   ]: 17:45:58 | system:   Verifying        : cpio-2.13-13.amzn2023.0.3.x86_64                    16/226 [0m
2026-09-24T17:45:58.160524593Z Stdout: [2;37m[ DEBUG   ]: 17:45:58 | system:   Verifying        : cracklib-2.9.6-27.amzn2023.0.2.x86_64               17/226 [0m
2026-09-24T17:45:58.160648492Z Stdout: [2;37m[ DEBUG   ]: 17:45:58 | system:   Verifying        : cracklib-dicts-2.9.6-27.amzn2023.0.2.x86_64         18/226 [0m
2026-09-24T17:45:58.160979783Z Stdout: [2;37m[ DEBUG   ]: 17:45:58 | system:   Verifying        : cryptsetup-2.6.1-1.amzn2023.0.1.x86_64              19/226 [0m
2026-09-24T17:45:58.161461725Z Stdout: [2;37m[ DEBUG   ]: 17:45:58 | system:   Verifying        : cryptsetup-libs-2.6.1-1.amzn2023.0.1.x86_64         20/226 [0m
2026-09-24T17:45:58.161835120Z Stdout: [2;37m[ DEBUG   ]: 17:45:58 | system:   Verifying        : cyrus-sasl-lib-2.1.27-18.amzn2023.0.3.x86_64        21/226 [0m
2026-09-24T17:45:58.162176026Z Stdout: [2;37m[ DEBUG   ]: 17:45:58 | system:   Verifying        : dbus-1:1.12.28-1.amzn2023.0.1.x86_64                22/226 [0m
2026-09-24T17:45:58.162472953Z Stdout: [2;37m[ DEBUG   ]: 17:45:58 | system:   Verifying        : dbus-broker-32-1.amzn2023.0.2.x86_64                23/226 [0m
2026-09-24T17:45:58.162922315Z Stdout: [2;37m[ DEBUG   ]: 17:45:58 | system:   Verifying        : dbus-common-1:1.12.28-1.amzn2023.0.1.noarch         24/226 [0m
2026-09-24T17:45:58.163197259Z Stdout: [2;37m[ DEBUG   ]: 17:45:58 | system:   Verifying        : dbus-libs-1:1.12.28-1.amzn2023.0.1.x86_64           25/226 [0m
2026-09-24T17:45:58.163494051Z Stdout: [2;37m[ DEBUG   ]: 17:45:58 | system:   Verifying        : device-mapper-1.02.185-1.amzn2023.0.5.x86_64        26/226 [0m
2026-09-24T17:45:58.163862887Z Stdout: [2;37m[ DEBUG   ]: 17:45:58 | system:   Verifying        : device-mapper-event-1.02.185-1.amzn2023.0.5.x86_    27/226 [0m
2026-09-24T17:45:58.164159583Z Stdout: [2;37m[ DEBUG   ]: 17:45:58 | system:   Verifying        : device-mapper-event-libs-1.02.185-1.amzn2023.0.5    28/226 [0m
2026-09-24T17:45:58.164361202Z Stdout: [2;37m[ DEBUG   ]: 17:45:58 | system:   Verifying        : device-mapper-libs-1.02.185-1.amzn2023.0.5.x86_6    29/226 [0m
2026-09-24T17:45:58.164686955Z Stdout: [2;37m[ DEBUG   ]: 17:45:58 | system:   Verifying        : device-mapper-persistent-data-0.9.0-7.amzn2023.0    30/226 [0m
2026-09-24T17:45:58.165153171Z Stdout: [2;37m[ DEBUG   ]: 17:45:58 | system:   Verifying        : dialog-1.3-51.20240101.amzn2023.x86_64              31/226 [0m
2026-09-24T17:45:58.165472116Z Stdout: [2;37m[ DEBUG   ]: 17:45:58 | system:   Verifying        : diffutils-3.8-1.amzn2023.0.2.x86_64                 32/226 [0m
2026-09-24T17:45:58.165831436Z Stdout: [2;37m[ DEBUG   ]: 17:45:58 | system:   Verifying        : dnf-plugin-release-notification-1.4-1.amzn2023.n    33/226 [0m
2026-09-24T17:45:58.166147339Z Stdout: [2;37m[ DEBUG   ]: 17:45:58 | system:   Verifying        : dnf-plugin-support-info-2.0.0-231.amzn2023.noarc    34/226 [0m
2026-09-24T17:45:58.166344999Z Stdout: [2;37m[ DEBUG   ]: 17:45:58 | system:   Verifying        : dnf-plugins-core-4.3.0-13.amzn2023.0.6.noarch       35/226 [0m
2026-09-24T17:45:58.166843377Z Stdout: [2;37m[ DEBUG   ]: 17:45:58 | system:   Verifying        : dracut-102-3.amzn2023.0.4.x86_64                    36/226 [0m
2026-09-24T17:45:58.167335982Z Stdout: [2;37m[ DEBUG   ]: 17:45:58 | system:   Verifying        : dracut-config-ec2-3.1-1.amzn2023.0.1.noarch         37/226 [0m
2026-09-24T17:45:58.167428383Z Stdout: [2;37m[ DEBUG   ]: 17:45:58 | system:   Verifying        : dracut-config-generic-102-3.amzn2023.0.4.x86_64     38/226 [0m
2026-09-24T17:45:58.167755914Z Stdout: [2;37m[ DEBUG   ]: 17:45:58 | system:   Verifying        : dracut-kiwi-lib-10.3.0-1.amzn2023.noarch            39/226 [0m
2026-09-24T17:45:58.168080271Z Stdout: [2;37m[ DEBUG   ]: 17:45:58 | system:   Verifying        : dracut-kiwi-overlay-10.3.0-1.amzn2023.noarch        40/226 [0m
2026-09-24T17:45:58.168403562Z Stdout: [2;37m[ DEBUG   ]: 17:45:58 | system:   Verifying        : dracut-kiwi-verity-10.3.0-1.amzn2023.x86_64         41/226 [0m
2026-09-24T17:45:58.168737349Z Stdout: [2;37m[ DEBUG   ]: 17:45:58 | system:   Verifying        : dwz-0.16-2.amzn2023.0.1.x86_64                      42/226 [0m
2026-09-24T17:45:58.169065099Z Stdout: [2;37m[ DEBUG   ]: 17:45:58 | system:   Verifying        : e2fsprogs-1.46.5-2.amzn2023.0.2.x86_64              43/226 [0m
2026-09-24T17:45:58.169395825Z Stdout: [2;37m[ DEBUG   ]: 17:45:58 | system:   Verifying        : e2fsprogs-libs-1.46.5-2.amzn2023.0.2.x86_64         44/226 [0m
2026-09-24T17:45:58.169726645Z Stdout: [2;37m[ DEBUG   ]: 17:45:58 | system:   Verifying        : ec2-utils-2.3.0-1.amzn2023.0.1.noarch               45/226 [0m
2026-09-24T17:45:58.170069640Z Stdout: [2;37m[ DEBUG   ]: 17:45:58 | system:   Verifying        : efi-srpm-macros-5-4.amzn2023.0.5.noarch             46/226 [0m
2026-09-24T17:45:58.170383071Z Stdout: [2;37m[ DEBUG   ]: 17:45:58 | system:   Verifying        : efivar-38-2.amzn2023.0.1.x86_64                     47/226 [0m
2026-09-24T17:45:58.170756109Z Stdout: [2;37m[ DEBUG   ]: 17:45:58 | system:   Verifying        : efivar-libs-38-2.amzn2023.0.1.x86_64                48/226 [0m
2026-09-24T17:45:58.171123679Z Stdout: [2;37m[ DEBUG   ]: 17:45:58 | system:   Verifying        : elfutils-debuginfod-client-0.188-3.amzn2023.0.3.    49/226 [0m
2026-09-24T17:45:58.171573194Z Stdout: [2;37m[ DEBUG   ]: 17:45:58 | system:   Verifying        : file-5.39-7.amzn2023.0.4.x86_64                     50/226 [0m
2026-09-24T17:45:58.171911054Z Stdout: [2;37m[ DEBUG   ]: 17:45:58 | system:   Verifying        : findutils-1:4.8.0-2.amzn2023.0.2.x86_64             51/226 [0m
2026-09-24T17:45:58.172247357Z Stdout: [2;37m[ DEBUG   ]: 17:45:58 | system:   Verifying        : fonts-srpm-macros-1:2.0.5-12.amzn2023.0.2.noarch    52/226 [0m
2026-09-24T17:45:58.172638479Z Stdout: [2;37m[ DEBUG   ]: 17:45:58 | system:   Verifying        : fuse-libs-2.9.9-13.amzn2023.0.2.x86_64              53/226 [0m
2026-09-24T17:45:58.173026995Z Stdout: [2;37m[ DEBUG   ]: 17:45:58 | system:   Verifying        : gawk-5.1.0-3.amzn2023.0.4.x86_64                    54/226 [0m
2026-09-24T17:45:58.173336394Z Stdout: [2;37m[ DEBUG   ]: 17:45:58 | system:   Verifying        : gdisk-1.0.8-1.amzn2023.0.2.x86_64                   55/226 [0m
2026-09-24T17:45:58.173632825Z Stdout: [2;37m[ DEBUG   ]: 17:45:58 | system:   Verifying        : ghc-srpm-macros-1.5.0-4.amzn2023.0.2.noarch         56/226 [0m
2026-09-24T17:45:58.173745318Z Stdout: [2;37m[ DEBUG   ]: 17:45:58 | system:   Verifying        : glibc-all-langpacks-2.34-231.amzn2023.0.5.x86_64    57/226 [0m
2026-09-24T17:45:58.174076181Z Stdout: [2;37m[ DEBUG   ]: 17:45:58 | system:   Verifying        : glibc-gconv-extra-2.34-231.amzn2023.0.5.x86_64      58/226 [0m
2026-09-24T17:45:58.174391678Z Stdout: [2;37m[ DEBUG   ]: 17:45:58 | system:   Verifying        : glibc-locale-source-2.34-231.amzn2023.0.5.x86_64    59/226 [0m
2026-09-24T17:45:58.174883852Z Stdout: [2;37m[ DEBUG   ]: 17:45:58 | system:   Verifying        : gnutls-3.8.10-4.amzn2023.0.2.x86_64                 60/226 [0m
2026-09-24T17:45:58.175231362Z Stdout: [2;37m[ DEBUG   ]: 17:45:58 | system:   Verifying        : go-srpm-macros-3.8.0-1.amzn2023.0.1.noarch          61/226 [0m
2026-09-24T17:45:58.175525757Z Stdout: [2;37m[ DEBUG   ]: 17:45:58 | system:   Verifying        : groff-base-1.22.4-7.amzn2023.0.2.x86_64             62/226 [0m
2026-09-24T17:45:58.175894426Z Stdout: [2;37m[ DEBUG   ]: 17:45:58 | system:   Verifying        : gzip-1.12-1.amzn2023.0.1.x86_64                     63/226 [0m
2026-09-24T17:45:58.176191864Z Stdout: [2;37m[ DEBUG   ]: 17:45:58 | system:   Verifying        : hostname-3.23-4.amzn2023.0.3.x86_64                 64/226 [0m
2026-09-24T17:45:58.176539757Z Stdout: [2;37m[ DEBUG   ]: 17:45:58 | system:   Verifying        : hwdata-0.384-1.amzn2023.0.3.noarch                  65/226 [0m
2026-09-24T17:45:58.176836778Z Stdout: [2;37m[ DEBUG   ]: 17:45:58 | system:   Verifying        : inih-58-2.amzn2023.0.1.x86_64                       66/226 [0m
2026-09-24T17:45:58.177036069Z Stdout: [2;37m[ DEBUG   ]: 17:45:58 | system:   Verifying        : initscripts-10.09-1.amzn2023.0.2.x86_64             67/226 [0m
2026-09-24T17:45:58.177367551Z Stdout: [2;37m[ DEBUG   ]: 17:45:58 | system:   Verifying        : iproute-6.10.0-319.amzn2023.0.1.x86_64              68/226 [0m
2026-09-24T17:45:58.177698034Z Stdout: [2;37m[ DEBUG   ]: 17:45:58 | system:   Verifying        : iputils-20210202-2.amzn2023.0.4.x86_64              69/226 [0m
2026-09-24T17:45:58.178029722Z Stdout: [2;37m[ DEBUG   ]: 17:45:58 | system:   Verifying        : irqbalance-2:1.9.0-1.amzn2023.0.3.x86_64            70/226 [0m
2026-09-24T17:45:58.178361239Z Stdout: [2;37m[ DEBUG   ]: 17:45:58 | system:   Verifying        : jansson-2.14-0.amzn2023.x86_64                      71/226 [0m
2026-09-24T17:45:58.178721408Z Stdout: [2;37m[ DEBUG   ]: 17:45:58 | system:   Verifying        : jitterentropy-3.4.1-4.amzn2023.x86_64               72/226 [0m
2026-09-24T17:45:58.179056927Z Stdout: [2;37m[ DEBUG   ]: 17:45:58 | system:   Verifying        : jq-1.8.1-60.amzn2023.x86_64                         73/226 [0m
2026-09-24T17:45:58.179388928Z Stdout: [2;37m[ DEBUG   ]: 17:45:58 | system:   Verifying        : json-c-devel-0.14-8.amzn2023.0.2.x86_64             74/226 [0m
2026-09-24T17:45:58.179721731Z Stdout: [2;37m[ DEBUG   ]: 17:45:58 | system:   Verifying        : kbd-2.4.0-2.amzn2023.0.4.x86_64                     75/226 [0m
2026-09-24T17:45:58.180054663Z Stdout: [2;37m[ DEBUG   ]: 17:45:58 | system:   Verifying        : kbd-misc-2.4.0-2.amzn2023.0.4.noarch                76/226 [0m
2026-09-24T17:45:58.180386552Z Stdout: [2;37m[ DEBUG   ]: 17:45:58 | system:   Verifying        : kernel-1:6.1.186-228.376.amzn2023.x86_64            77/226 [0m
2026-09-24T17:45:58.180732477Z Stdout: [2;37m[ DEBUG   ]: 17:45:58 | system:   Verifying        : kernel-livepatch-repo-s3-2023.12.20260918-0.amzn    78/226 [0m
2026-09-24T17:45:58.181085493Z Stdout: [2;37m[ DEBUG   ]: 17:45:58 | system:   Verifying        : kernel-srpm-macros-1.0-14.amzn2023.0.3.noarch       79/226 [0m
2026-09-24T17:45:58.181411281Z Stdout: [2;37m[ DEBUG   ]: 17:45:58 | system:   Verifying        : keyutils-libs-devel-1.6.3-1.amzn2023.0.2.x86_64     80/226 [0m
2026-09-24T17:45:58.181748571Z Stdout: [2;37m[ DEBUG   ]: 17:45:58 | system:   Verifying        : kmod-29-2.amzn2023.0.5.x86_64                       81/226 [0m
2026-09-24T17:45:58.182084640Z Stdout: [2;37m[ DEBUG   ]: 17:45:58 | system:   Verifying        : kmod-libs-29-2.amzn2023.0.5.x86_64                  82/226 [0m
2026-09-24T17:45:58.182415726Z Stdout: [2;37m[ DEBUG   ]: 17:45:58 | system:   Verifying        : kpartx-0.8.7-16.amzn2023.0.2.x86_64                 83/226 [0m
2026-09-24T17:45:58.182929785Z Stdout: [2;37m[ DEBUG   ]: 17:45:58 | system:   Verifying        : krb5-devel-1.21.3-8.amzn2023.0.1.x86_64             84/226 [0m
2026-09-24T17:45:58.183404062Z Stdout: [2;37m[ DEBUG   ]: 17:45:58 | system:   Verifying        : less-608-2.amzn2023.0.2.x86_64                      85/226 [0m
2026-09-24T17:45:58.183515404Z Stdout: [2;37m[ DEBUG   ]: 17:45:58 | system:   Verifying        : libaio-0.3.111-11.amzn2023.0.2.x86_64               86/226 [0m
2026-09-24T17:45:58.183849491Z Stdout: [2;37m[ DEBUG   ]: 17:45:58 | system:   Verifying        : libargon2-20171227-9.amzn2023.0.2.x86_64            87/226 [0m
2026-09-24T17:45:58.184181165Z Stdout: [2;37m[ DEBUG   ]: 17:45:58 | system:   Verifying        : libbpf-2:1.6.1-3.amzn2023.x86_64                    88/226 [0m
2026-09-24T17:45:58.184514067Z Stdout: [2;37m[ DEBUG   ]: 17:45:58 | system:   Verifying        : libbrotli-1.0.9-4.amzn2023.0.2.x86_64               89/226 [0m
2026-09-24T17:45:58.184845170Z Stdout: [2;37m[ DEBUG   ]: 17:45:58 | system:   Verifying        : libcbor-0.7.0-3.amzn2023.0.2.x86_64                 90/226 [0m
2026-09-24T17:45:58.185180033Z Stdout: [2;37m[ DEBUG   ]: 17:45:58 | system:   Verifying        : libcom_err-devel-1.46.5-2.amzn2023.0.2.x86_64       91/226 [0m
2026-09-24T17:45:58.185511110Z Stdout: [2;37m[ DEBUG   ]: 17:45:58 | system:   Verifying        : libcurl-devel-8.21.0-5.amzn2023.0.1.x86_64          92/226 [0m
2026-09-24T17:45:58.185844646Z Stdout: [2;37m[ DEBUG   ]: 17:45:58 | system:   Verifying        : libdb-5.3.28-49.amzn2023.0.2.x86_64                 93/226 [0m
2026-09-24T17:45:58.186174602Z Stdout: [2;37m[ DEBUG   ]: 17:45:58 | system:   Verifying        : libeconf-0.7.9-1.amzn2023.0.1.x86_64                94/226 [0m
2026-09-24T17:45:58.186522568Z Stdout: [2;37m[ DEBUG   ]: 17:45:58 | system:   Verifying        : libedit-3.1-38.20210714cvs.amzn2023.0.2.x86_64      95/226 [0m
2026-09-24T17:45:58.186873980Z Stdout: [2;37m[ DEBUG   ]: 17:45:58 | system:   Verifying        : libfdisk-2.37.4-1.amzn2023.0.6.x86_64               96/226 [0m
2026-09-24T17:45:58.187208297Z Stdout: [2;37m[ DEBUG   ]: 17:45:58 | system:   Verifying        : libfido2-1.10.0-2.amzn2023.0.2.x86_64               97/226 [0m
2026-09-24T17:45:58.187539638Z Stdout: [2;37m[ DEBUG   ]: 17:45:58 | system:   Verifying        : libidn2-devel-2.3.2-1.amzn2023.0.5.x86_64           98/226 [0m
2026-09-24T17:45:58.187874702Z Stdout: [2;37m[ DEBUG   ]: 17:45:58 | system:   Verifying        : libkadm5-1.21.3-8.amzn2023.0.1.x86_64               99/226 [0m
2026-09-24T17:45:58.188205725Z Stdout: [2;37m[ DEBUG   ]: 17:45:58 | system:   Verifying        : libkcapi-1.4.0-105.amzn2023.0.1.x86_64             100/226 [0m
2026-09-24T17:45:58.188537717Z Stdout: [2;37m[ DEBUG   ]: 17:45:58 | system:   Verifying        : libkcapi-hmaccalc-1.4.0-105.amzn2023.0.1.x86_64    101/226 [0m
2026-09-24T17:45:58.188871513Z Stdout: [2;37m[ DEBUG   ]: 17:45:58 | system:   Verifying        : libmnl-1.0.4-13.amzn2023.0.2.x86_64                102/226 [0m
2026-09-24T17:45:58.189203670Z Stdout: [2;37m[ DEBUG   ]: 17:45:58 | system:   Verifying        : libnghttp2-devel-1.59.0-3.amzn2023.0.2.x86_64      103/226 [0m
2026-09-24T17:45:58.189536472Z Stdout: [2;37m[ DEBUG   ]: 17:45:58 | system:   Verifying        : libnghttp3-1.15.0-1.amzn2023.0.1.x86_64            104/226 [0m
2026-09-24T17:45:58.189869083Z Stdout: [2;37m[ DEBUG   ]: 17:45:58 | system:   Verifying        : libnghttp3-devel-1.15.0-1.amzn2023.0.1.x86_64      105/226 [0m
2026-09-24T17:45:58.190200869Z Stdout: [2;37m[ DEBUG   ]: 17:45:58 | system:   Verifying        : libpipeline-1.5.3-2.amzn2023.0.2.x86_64            106/226 [0m
2026-09-24T17:45:58.190551488Z Stdout: [2;37m[ DEBUG   ]: 17:45:58 | system:   Verifying        : libpkgconf-1.8.0-4.amzn2023.0.2.x86_64             107/226 [0m
2026-09-24T17:45:58.190938370Z Stdout: [2;37m[ DEBUG   ]: 17:45:58 | system:   Verifying        : libpsl-devel-0.21.5-1.amzn2023.0.1.x86_64          108/226 [0m
2026-09-24T17:45:58.191333798Z Stdout: [2;37m[ DEBUG   ]: 17:45:58 | system:   Verifying        : libpwquality-1.4.4-6.amzn2023.0.2.x86_64           109/226 [0m
2026-09-24T17:45:58.191652820Z Stdout: [2;37m[ DEBUG   ]: 17:45:58 | system:   Verifying        : libseccomp-2.5.3-1.amzn2023.0.2.x86_64             110/226 [0m
2026-09-24T17:45:58.191986341Z Stdout: [2;37m[ DEBUG   ]: 17:45:58 | system:   Verifying        : libselinux-devel-3.4-5.amzn2023.0.2.x86_64         111/226 [0m
2026-09-24T17:45:58.192319648Z Stdout: [2;37m[ DEBUG   ]: 17:45:58 | system:   Verifying        : libselinux-utils-3.4-5.amzn2023.0.2.x86_64         112/226 [0m
2026-09-24T17:45:58.192656034Z Stdout: [2;37m[ DEBUG   ]: 17:45:58 | system:   Verifying        : libsemanage-3.4-5.amzn2023.0.2.x86_64              113/226 [0m
2026-09-24T17:45:58.192985637Z Stdout: [2;37m[ DEBUG   ]: 17:45:58 | system:   Verifying        : libsepol-devel-3.4-3.amzn2023.0.3.x86_64           114/226 [0m
2026-09-24T17:45:58.193317346Z Stdout: [2;37m[ DEBUG   ]: 17:45:58 | system:   Verifying        : libsigsegv-2.13-2.amzn2023.0.2.x86_64              115/226 [0m
2026-09-24T17:45:58.193658576Z Stdout: [2;37m[ DEBUG   ]: 17:45:58 | system:   Verifying        : libss-1.46.5-2.amzn2023.0.2.x86_64                 116/226 [0m
2026-09-24T17:45:58.194001322Z Stdout: [2;37m[ DEBUG   ]: 17:45:58 | system:   Verifying        : libssh-0.10.6-1.amzn2023.0.8.x86_64                117/226 [0m
2026-09-24T17:45:58.194342671Z Stdout: [2;37m[ DEBUG   ]: 17:45:58 | system:   Verifying        : libssh-config-0.10.6-1.amzn2023.0.8.noarch         118/226 [0m
2026-09-24T17:45:58.194715005Z Stdout: [2;37m[ DEBUG   ]: 17:45:58 | system:   Verifying        : libssh-devel-0.10.6-1.amzn2023.0.8.x86_64          119/226 [0m
2026-09-24T17:45:58.195057674Z Stdout: [2;37m[ DEBUG   ]: 17:45:58 | system:   Verifying        : libuser-0.63-4.amzn2023.0.2.x86_64                 120/226 [0m
2026-09-24T17:45:58.195390681Z Stdout: [2;37m[ DEBUG   ]: 17:45:58 | system:   Verifying        : libutempter-1.2.1-4.amzn2023.0.2.x86_64            121/226 [0m
2026-09-24T17:45:58.195726296Z Stdout: [2;37m[ DEBUG   ]: 17:45:58 | system:   Verifying        : libuuid-devel-2.37.4-1.amzn2023.0.6.x86_64         122/226 [0m
2026-09-24T17:45:58.196059512Z Stdout: [2;37m[ DEBUG   ]: 17:45:58 | system:   Verifying        : libverto-devel-0.3.2-1.amzn2023.0.2.x86_64         123/226 [0m
2026-09-24T17:45:58.196391943Z Stdout: [2;37m[ DEBUG   ]: 17:45:58 | system:   Verifying        : libxslt-1.1.43-1.amzn2023.0.3.x86_64               124/226 [0m
2026-09-24T17:45:58.196724835Z Stdout: [2;37m[ DEBUG   ]: 17:45:58 | system:   Verifying        : linux-firmware-whence-20210208-117.amzn2023.0.7.   125/226 [0m
2026-09-24T17:45:58.197056988Z Stdout: [2;37m[ DEBUG   ]: 17:45:58 | system:   Verifying        : logrotate-3.20.1-2.amzn2023.0.3.x86_64             126/226 [0m
2026-09-24T17:45:58.197388699Z Stdout: [2;37m[ DEBUG   ]: 17:45:58 | system:   Verifying        : lua-srpm-macros-1-4.amzn2023.0.2.noarch            127/226 [0m
2026-09-24T17:45:58.197721804Z Stdout: [2;37m[ DEBUG   ]: 17:45:58 | system:   Verifying        : lvm2-2.03.16-1.amzn2023.0.5.x86_64                 128/226 [0m
2026-09-24T17:45:58.198056542Z Stdout: [2;37m[ DEBUG   ]: 17:45:58 | system:   Verifying        : lvm2-libs-2.03.16-1.amzn2023.0.5.x86_64            129/226 [0m
2026-09-24T17:45:58.198386984Z Stdout: [2;37m[ DEBUG   ]: 17:45:58 | system:   Verifying        : man-db-2.9.3-3.amzn2023.0.3.x86_64                 130/226 [0m
2026-09-24T17:45:58.198748745Z Stdout: [2;37m[ DEBUG   ]: 17:45:58 | system:   Verifying        : mdadm-4.2-3.amzn2023.0.5.x86_64                    131/226 [0m
2026-09-24T17:45:58.199086850Z Stdout: [2;37m[ DEBUG   ]: 17:45:58 | system:   Verifying        : microcode_ctl-2:2.1-53.amzn2023.0.16.x86_64        132/226 [0m
2026-09-24T17:45:58.199421159Z Stdout: [2;37m[ DEBUG   ]: 17:45:58 | system:   Verifying        : mpfr-4.1.0-7.amzn2023.0.2.x86_64                   133/226 [0m
2026-09-24T17:45:58.199757608Z Stdout: [2;37m[ DEBUG   ]: 17:45:58 | system:   Verifying        : ncurses-6.6-1.amzn2023.0.1.x86_64                  134/226 [0m
2026-09-24T17:45:58.200090307Z Stdout: [2;37m[ DEBUG   ]: 17:45:58 | system:   Verifying        : nettle-3.10.1-1.amzn2023.0.1.x86_64                135/226 [0m
2026-09-24T17:45:58.200423730Z Stdout: [2;37m[ DEBUG   ]: 17:45:58 | system:   Verifying        : ngtcp2-1.21.0-1.amzn2023.0.2.x86_64                136/226 [0m
2026-09-24T17:45:58.200764712Z Stdout: [2;37m[ DEBUG   ]: 17:45:58 | system:   Verifying        : ngtcp2-crypto-ossl-1.21.0-1.amzn2023.0.2.x86_64    137/226 [0m
2026-09-24T17:45:58.201128285Z Stdout: [2;37m[ DEBUG   ]: 17:45:58 | system:   Verifying        : ngtcp2-crypto-ossl-devel-1.21.0-1.amzn2023.0.2.x   138/226 [0m
2026-09-24T17:45:58.201470964Z Stdout: [2;37m[ DEBUG   ]: 17:45:58 | system:   Verifying        : ngtcp2-devel-1.21.0-1.amzn2023.0.2.x86_64          139/226 [0m
2026-09-24T17:45:58.201815642Z Stdout: [2;37m[ DEBUG   ]: 17:45:58 | system:   Verifying        : numactl-libs-2.0.14-3.amzn2023.0.3.x86_64          140/226 [0m
2026-09-24T17:45:58.202152974Z Stdout: [2;37m[ DEBUG   ]: 17:45:58 | system:   Verifying        : ocaml-srpm-macros-6-6.amzn2023.0.2.noarch          141/226 [0m
2026-09-24T17:45:58.202499591Z Stdout: [2;37m[ DEBUG   ]: 17:45:58 | system:   Verifying        : oniguruma-6.9.7.1-1.amzn2023.0.2.x86_64            142/226 [0m
2026-09-24T17:45:58.202985573Z Stdout: [2;37m[ DEBUG   ]: 17:45:58 | system:   Verifying        : openblas-srpm-macros-2-9.amzn2023.0.2.noarch       143/226 [0m
2026-09-24T17:45:58.203330555Z Stdout: [2;37m[ DEBUG   ]: 17:45:58 | system:   Verifying        : openldap-2.4.57-6.amzn2023.0.7.x86_64              144/226 [0m
2026-09-24T17:45:58.203688413Z Stdout: [2;37m[ DEBUG   ]: 17:45:58 | system:   Verifying        : openssh-9.9p1-10.amzn2023.0.2.x86_64               145/226 [0m
2026-09-24T17:45:58.203984271Z Stdout: [2;37m[ DEBUG   ]: 17:45:58 | system:   Verifying        : openssh-clients-9.9p1-10.amzn2023.0.2.x86_64       146/226 [0m
2026-09-24T17:45:58.204300546Z Stdout: [2;37m[ DEBUG   ]: 17:45:58 | system:   Verifying        : openssl-devel-1:3.5.8-1.amzn2023.0.1.x86_64        147/226 [0m
2026-09-24T17:45:58.204669373Z Stdout: [2;37m[ DEBUG   ]: 17:45:58 | system:   Verifying        : openssl-pkcs11-0.4.12-3.amzn2023.0.1.x86_64        148/226 [0m
2026-09-24T17:45:58.204965961Z Stdout: [2;37m[ DEBUG   ]: 17:45:58 | system:   Verifying        : package-notes-srpm-macros-0.4-18.amzn2023.0.5.no   149/226 [0m
2026-09-24T17:45:58.205178367Z Stdout: [2;37m[ DEBUG   ]: 17:45:58 | system:   Verifying        : pam-1.5.1-8.amzn2023.0.8.x86_64                    150/226 [0m
2026-09-24T17:45:58.205515621Z Stdout: [2;37m[ DEBUG   ]: 17:45:58 | system:   Verifying        : parted-3.4-2.amzn2023.0.2.x86_64                   151/226 [0m
2026-09-24T17:45:58.205849007Z Stdout: [2;37m[ DEBUG   ]: 17:45:58 | system:   Verifying        : passwd-0.80-10.amzn2023.0.2.x86_64                 152/226 [0m
2026-09-24T17:45:58.206350095Z Stdout: [2;37m[ DEBUG   ]: 17:45:58 | system:   Verifying        : pciutils-3.7.0-3.amzn2023.0.2.x86_64               153/226 [0m
2026-09-24T17:45:58.206523790Z Stdout: [2;37m[ DEBUG   ]: 17:45:58 | system:   Verifying        : pciutils-libs-3.7.0-3.amzn2023.0.2.x86_64          154/226 [0m
2026-09-24T17:45:58.206897466Z Stdout: [2;37m[ DEBUG   ]: 17:45:58 | system:   Verifying        : pcre2-devel-10.40-1.amzn2023.0.3.x86_64            155/226 [0m
2026-09-24T17:45:58.207287036Z Stdout: [2;37m[ DEBUG   ]: 17:45:58 | system:   Verifying        : pcre2-utf16-10.40-1.amzn2023.0.3.x86_64            156/226 [0m
2026-09-24T17:45:58.207630897Z Stdout: [2;37m[ DEBUG   ]: 17:45:58 | system:   Verifying        : pcre2-utf32-10.40-1.amzn2023.0.3.x86_64            157/226 [0m
2026-09-24T17:45:58.207962711Z Stdout: [2;37m[ DEBUG   ]: 17:45:58 | system:   Verifying        : perl-srpm-macros-1-39.amzn2023.0.2.noarch          158/226 [0m
2026-09-24T17:45:58.208301481Z Stdout: [2;37m[ DEBUG   ]: 17:45:58 | system:   Verifying        : pkgconf-1.8.0-4.amzn2023.0.2.x86_64                159/226 [0m
2026-09-24T17:45:58.208624514Z Stdout: [2;37m[ DEBUG   ]: 17:45:58 | system:   Verifying        : pkgconf-m4-1.8.0-4.amzn2023.0.2.noarch             160/226 [0m
2026-09-24T17:45:58.208956135Z Stdout: [2;37m[ DEBUG   ]: 17:45:58 | system:   Verifying        : pkgconf-pkg-config-1.8.0-4.amzn2023.0.2.x86_64     161/226 [0m
2026-09-24T17:45:58.209288028Z Stdout: [2;37m[ DEBUG   ]: 17:45:58 | system:   Verifying        : policycoreutils-3.4-6.amzn2023.0.3.x86_64          162/226 [0m
2026-09-24T17:45:58.209619783Z Stdout: [2;37m[ DEBUG   ]: 17:45:58 | system:   Verifying        : procps-ng-3.3.17-1.amzn2023.0.2.x86_64             163/226 [0m
2026-09-24T17:45:58.209953140Z Stdout: [2;37m[ DEBUG   ]: 17:45:58 | system:   Verifying        : psmisc-23.4-1.amzn2023.0.2.x86_64                  164/226 [0m
2026-09-24T17:45:58.210283343Z Stdout: [2;37m[ DEBUG   ]: 17:45:58 | system:   Verifying        : publicsuffix-list-20260116-1.amzn2023.0.1.noarch   165/226 [0m
2026-09-24T17:45:58.210643440Z Stdout: [2;37m[ DEBUG   ]: 17:45:58 | system:   Verifying        : pv-1.6.20-63.amzn2023.0.3.x86_64                   166/226 [0m
2026-09-24T17:45:58.210978549Z Stdout: [2;37m[ DEBUG   ]: 17:45:58 | system:   Verifying        : python-srpm-macros-3.9-41.amzn2023.0.6.noarch      167/226 [0m
2026-09-24T17:45:58.211479970Z Stdout: [2;37m[ DEBUG   ]: 17:45:58 | system:   Verifying        : python3-awscrt-0.31.1-1.amzn2023.0.1.x86_64        168/226 [0m
2026-09-24T17:45:58.211800701Z Stdout: [2;37m[ DEBUG   ]: 17:45:58 | system:   Verifying        : python3-colorama-0.4.4-2.amzn2023.0.2.noarch       169/226 [0m
2026-09-24T17:45:58.212156201Z Stdout: [2;37m[ DEBUG   ]: 17:45:58 | system:   Verifying        : python3-dateutil-1:2.8.1-3.amzn2023.0.2.noarch     170/226 [0m
2026-09-24T17:45:58.212483784Z Stdout: [2;37m[ DEBUG   ]: 17:45:58 | system:   Verifying        : python3-dbus-1.2.18-1.amzn2023.0.2.x86_64          171/226 [0m
2026-09-24T17:45:58.212802574Z Stdout: [2;37m[ DEBUG   ]: 17:45:58 | system:   Verifying        : python3-distro-1.5.0-5.amzn2023.0.2.noarch         172/226 [0m
2026-09-24T17:45:58.213108195Z Stdout: [2;37m[ DEBUG   ]: 17:45:58 | system:   Verifying        : python3-dnf-plugins-core-4.3.0-13.amzn2023.0.6.n   173/226 [0m
2026-09-24T17:45:58.213456907Z Stdout: [2;37m[ DEBUG   ]: 17:45:58 | system:   Verifying        : python3-docutils-0.16-4.amzn2023.0.2.noarch        174/226 [0m
2026-09-24T17:45:58.213654476Z Stdout: [2;37m[ DEBUG   ]: 17:45:58 | system:   Verifying        : python3-elementpath-2.3.2-2.amzn2023.noarch        175/226 [0m
2026-09-24T17:45:58.213985264Z Stdout: [2;37m[ DEBUG   ]: 17:45:58 | system:   Verifying        : python3-idna-2.10-3.amzn2023.0.4.noarch            176/226 [0m
2026-09-24T17:45:58.214317764Z Stdout: [2;37m[ DEBUG   ]: 17:45:58 | system:   Verifying        : python3-jmespath-0.10.0-1.amzn2023.0.3.noarch      177/226 [0m
2026-09-24T17:45:58.214679478Z Stdout: [2;37m[ DEBUG   ]: 17:45:58 | system:   Verifying        : python3-lxml-4.7.1-3.amzn2023.0.3.x86_64           178/226 [0m
2026-09-24T17:45:58.215013569Z Stdout: [2;37m[ DEBUG   ]: 17:45:58 | system:   Verifying        : python3-prompt-toolkit-3.0.24-1.amzn2023.0.2.noa   179/226 [0m
2026-09-24T17:45:58.215525480Z Stdout: [2;37m[ DEBUG   ]: 17:45:58 | system:   Verifying        : python3-pysocks-1.7.1-8.amzn2023.0.2.noarch        180/226 [0m
2026-09-24T17:45:58.215801980Z Stdout: [2;37m[ DEBUG   ]: 17:45:58 | system:   Verifying        : python3-ruamel-yaml-0.16.6-5.amzn2023.0.2.x86_64   181/226 [0m
2026-09-24T17:45:58.216129232Z Stdout: [2;37m[ DEBUG   ]: 17:45:58 | system:   Verifying        : python3-ruamel-yaml-clib-0.1.2-6.amzn2023.0.2.x8   182/226 [0m
2026-09-24T17:45:58.216508162Z Stdout: [2;37m[ DEBUG   ]: 17:45:58 | system:   Verifying        : python3-setuptools-59.6.0-2.amzn2023.0.6.noarch    183/226 [0m
2026-09-24T17:45:58.216895057Z Stdout: [2;37m[ DEBUG   ]: 17:45:58 | system:   Verifying        : python3-six-1.15.0-5.amzn2023.0.2.noarch           184/226 [0m
2026-09-24T17:45:58.217173524Z Stdout: [2;37m[ DEBUG   ]: 17:45:58 | system:   Verifying        : python3-supportinfo-1.0.0-1.amzn2023.noarch        185/226 [0m
2026-09-24T17:45:58.217333193Z Stdout: [2;37m[ DEBUG   ]: 17:45:58 | system:   Verifying        : python3-systemd-235-51.amzn2023.0.2.x86_64         186/226 [0m
2026-09-24T17:45:58.217659814Z Stdout: [2;37m[ DEBUG   ]: 17:45:58 | system:   Verifying        : python3-urllib3-1.25.10-5.amzn2023.0.7.noarch      187/226 [0m
2026-09-24T17:45:58.217991640Z Stdout: [2;37m[ DEBUG   ]: 17:45:58 | system:   Verifying        : python3-wcwidth-0.2.5-3.amzn2023.0.2.noarch        188/226 [0m
2026-09-24T17:45:58.218320990Z Stdout: [2;37m[ DEBUG   ]: 17:45:58 | system:   Verifying        : python3-xmlschema-1.4.2-1.amzn2023.0.2.noarch      189/226 [0m
2026-09-24T17:45:58.218688709Z Stdout: [2;37m[ DEBUG   ]: 17:45:58 | system:   Verifying        : rng-tools-6.17-1.amzn2023.0.1.x86_64               190/226 [0m
2026-09-24T17:45:58.219020033Z Stdout: [2;37m[ DEBUG   ]: 17:45:58 | system:   Verifying        : rootfiles-8.1-29.amzn2023.0.2.noarch               191/226 [0m
2026-09-24T17:45:58.219352650Z Stdout: [2;37m[ DEBUG   ]: 17:45:58 | system:   Verifying        : rpm-plugin-selinux-4.16.1.3-29.amzn2023.0.7.x86_   192/226 [0m
2026-09-24T17:45:58.219686028Z Stdout: [2;37m[ DEBUG   ]: 17:45:58 | system:   Verifying        : rpm-plugin-systemd-inhibit-4.16.1.3-29.amzn2023.   193/226 [0m
2026-09-24T17:45:58.220018040Z Stdout: [2;37m[ DEBUG   ]: 17:45:58 | system:   Verifying        : rust-toolset-srpm-macros-1.98.0-1.amzn2023.noarc   194/226 [0m
2026-09-24T17:45:58.220349106Z Stdout: [2;37m[ DEBUG   ]: 17:45:58 | system:   Verifying        : sbsigntools-0.9.4-8.amzn2023.0.2.x86_64            195/226 [0m
2026-09-24T17:45:58.220680463Z Stdout: [2;37m[ DEBUG   ]: 17:45:58 | system:   Verifying        : selinux-policy-38.1.76-1.amzn2023.0.2.noarch       196/226 [0m
2026-09-24T17:45:58.221039620Z Stdout: [2;37m[ DEBUG   ]: 17:45:58 | system:   Verifying        : selinux-policy-targeted-38.1.76-1.amzn2023.0.2.n   197/226 [0m
2026-09-24T17:45:58.221371173Z Stdout: [2;37m[ DEBUG   ]: 17:45:58 | system:   Verifying        : shadow-utils-2:4.9-12.amzn2023.0.4.x86_64          198/226 [0m
2026-09-24T17:45:58.221706001Z Stdout: [2;37m[ DEBUG   ]: 17:45:58 | system:   Verifying        : sudo-1.9.15-1.p5.amzn2023.0.3.x86_64               199/226 [0m
2026-09-24T17:45:58.222040806Z Stdout: [2;37m[ DEBUG   ]: 17:45:58 | system:   Verifying        : sysctl-defaults-1.0-3.amzn2023.noarch              200/226 [0m
2026-09-24T17:45:58.222377392Z Stdout: [2;37m[ DEBUG   ]: 17:45:58 | system:   Verifying        : systemd-252.23-12.amzn2023.x86_64                  201/226 [0m
2026-09-24T17:45:58.222927944Z Stdout: [2;37m[ DEBUG   ]: 17:45:58 | system:   Verifying        : systemd-boot-unsigned-252.23-12.amzn2023.x86_64    202/226 [0m
2026-09-24T17:45:58.223224247Z Stdout: [2;37m[ DEBUG   ]: 17:45:58 | system:   Verifying        : systemd-libs-252.23-12.amzn2023.x86_64             203/226 [0m
2026-09-24T17:45:58.223593651Z Stdout: [2;37m[ DEBUG   ]: 17:45:58 | system:   Verifying        : systemd-networkd-252.23-12.amzn2023.x86_64         204/226 [0m
2026-09-24T17:45:58.223910787Z Stdout: [2;37m[ DEBUG   ]: 17:45:58 | system:   Verifying        : systemd-pam-252.23-12.amzn2023.x86_64              205/226 [0m
2026-09-24T17:45:58.224258734Z Stdout: [2;37m[ DEBUG   ]: 17:45:58 | system:   Verifying        : systemd-resolved-252.23-12.amzn2023.x86_64         206/226 [0m
2026-09-24T17:45:58.224596768Z Stdout: [2;37m[ DEBUG   ]: 17:45:58 | system:   Verifying        : systemd-udev-252.23-12.amzn2023.x86_64             207/226 [0m
2026-09-24T17:45:58.224944711Z Stdout: [2;37m[ DEBUG   ]: 17:45:58 | system:   Verifying        : tar-2:1.34-1.amzn2023.0.4.x86_64                   208/226 [0m
2026-09-24T17:45:58.225119244Z Stdout: [2;37m[ DEBUG   ]: 17:45:58 | system:   Verifying        : tpm2-tss-4.0.2-1.amzn2023.0.1.x86_64               209/226 [0m
2026-09-24T17:45:58.225442198Z Stdout: [2;37m[ DEBUG   ]: 17:45:58 | system:   Verifying        : tpm2-tss-devel-4.0.2-1.amzn2023.0.1.x86_64         210/226 [0m
2026-09-24T17:45:58.225774276Z Stdout: [2;37m[ DEBUG   ]: 17:45:58 | system:   Verifying        : tpm2-tss-fapi-4.0.2-1.amzn2023.0.1.x86_64          211/226 [0m
2026-09-24T17:45:58.226106163Z Stdout: [2;37m[ DEBUG   ]: 17:45:58 | system:   Verifying        : unzip-6.0-68.amzn2023.0.2.x86_64                   212/226 [0m
2026-09-24T17:45:58.226588731Z Stdout: [2;37m[ DEBUG   ]: 17:45:58 | system:   Verifying        : userspace-rcu-0.12.1-3.amzn2023.0.4.x86_64         213/226 [0m
2026-09-24T17:45:58.226961814Z Stdout: [2;37m[ DEBUG   ]: 17:45:58 | system:   Verifying        : util-linux-2.37.4-1.amzn2023.0.6.x86_64            214/226 [0m
2026-09-24T17:45:58.227192196Z Stdout: [2;37m[ DEBUG   ]: 17:45:58 | system:   Verifying        : util-linux-core-2.37.4-1.amzn2023.0.6.x86_64       215/226 [0m
2026-09-24T17:45:58.227561242Z Stdout: [2;37m[ DEBUG   ]: 17:45:58 | system:   Verifying        : veritysetup-2.6.1-1.amzn2023.0.1.x86_64            216/226 [0m
2026-09-24T17:45:58.227893016Z Stdout: [2;37m[ DEBUG   ]: 17:45:58 | system:   Verifying        : vim-data-2:9.2.920-1.amzn2023.0.1.noarch           217/226 [0m
2026-09-24T17:45:58.228224066Z Stdout: [2;37m[ DEBUG   ]: 17:45:58 | system:   Verifying        : vim-minimal-2:9.2.920-1.amzn2023.0.1.x86_64        218/226 [0m
2026-09-24T17:45:58.228556718Z Stdout: [2;37m[ DEBUG   ]: 17:45:58 | system:   Verifying        : xfsprogs-6.12.0-3.amzn2023.0.1.x86_64              219/226 [0m
2026-09-24T17:45:58.228888256Z Stdout: [2;37m[ DEBUG   ]: 17:45:58 | system:   Verifying        : xz-5.2.5-9.amzn2023.0.2.x86_64                     220/226 [0m
2026-09-24T17:45:58.229224074Z Stdout: [2;37m[ DEBUG   ]: 17:45:58 | system:   Verifying        : yum-4.14.0-1.amzn2023.0.7.noarch                   221/226 [0m
2026-09-24T17:45:58.229551997Z Stdout: [2;37m[ DEBUG   ]: 17:45:58 | system:   Verifying        : zip-3.0-28.amzn2023.0.4.x86_64                     222/226 [0m
2026-09-24T17:45:58.229885070Z Stdout: [2;37m[ DEBUG   ]: 17:45:58 | system:   Verifying        : zlib-devel-1.2.11-33.amzn2023.0.6.x86_64           223/226 [0m
2026-09-24T17:45:58.230216216Z Stdout: [2;37m[ DEBUG   ]: 17:45:58 | system:   Verifying        : zram-generator-1.1.2-70.amzn2023.0.1.x86_64        224/226 [0m
2026-09-24T17:45:58.230577217Z Stdout: [2;37m[ DEBUG   ]: 17:45:58 | system:   Verifying        : zram-generator-defaults-1.1.2-70.amzn2023.0.1.no   225/226 [0m
2026-09-24T17:45:58.230957926Z Stdout: [2;37m[ DEBUG   ]: 17:45:58 | system:   Verifying        : zstd-1.5.5-1.amzn2023.0.1.x86_64                   226/226 [0m
2026-09-24T17:45:58.231122685Z Stdout: [2;37m[ DEBUG   ]: 17:45:58 | system: Installed:[0m
2026-09-24T17:45:58.231601482Z Stdout: [2;37m[ DEBUG   ]: 17:45:58 | system:   amazon-chrony-config-4.3-1.amzn2023.0.6.noarch                                [0m
2026-09-24T17:45:58.231929471Z Stdout: [2;37m[ DEBUG   ]: 17:45:58 | system:   amazon-ec2-net-utils-2.7.6-1.amzn2023.0.1.noarch                              [0m
2026-09-24T17:45:58.232339199Z Stdout: [2;37m[ DEBUG   ]: 17:45:58 | system:   amazon-linux-sb-keys-2023.1-1.amzn2023.0.6.noarch                             [0m
2026-09-24T17:45:58.232605266Z Stdout: [2;37m[ DEBUG   ]: 17:45:58 | system:   amazon-rpm-config-228-11.amzn2023.0.1.noarch                                  [0m
2026-09-24T17:45:58.232976837Z Stdout: [2;37m[ DEBUG   ]: 17:45:58 | system:   amd-ucode-firmware-20210208-117.amzn2023.0.7.noarch                           [0m
2026-09-24T17:45:58.233250433Z Stdout: [2;37m[ DEBUG   ]: 17:45:58 | system:   audit-3.1.5-1.amzn2023.0.2.x86_64                                             [0m
2026-09-24T17:45:58.233700723Z Stdout: [2;37m[ DEBUG   ]: 17:45:58 | system:   aws-nitro-tpm-tools-1.1.2-1.amzn2023.x86_64                                   [0m
2026-09-24T17:45:58.233933310Z Stdout: [2;37m[ DEBUG   ]: 17:45:58 | system:   awscli-2-2.33.15-1.amzn2023.0.1.noarch                                        [0m
2026-09-24T17:45:58.234304744Z Stdout: [2;37m[ DEBUG   ]: 17:45:58 | system:   bc-1.07.1-14.amzn2023.0.2.x86_64                                              [0m
2026-09-24T17:45:58.234482737Z Stdout: [2;37m[ DEBUG   ]: 17:45:58 | system:   binutils-2.41-50.amzn2023.0.5.x86_64                                          [0m
2026-09-24T17:45:58.235001299Z Stdout: [2;37m[ DEBUG   ]: 17:45:58 | system:   brotli-1.0.9-4.amzn2023.0.2.x86_64                                            [0m
2026-09-24T17:45:58.235400643Z Stdout: [2;37m[ DEBUG   ]: 17:45:58 | system:   brotli-devel-1.0.9-4.amzn2023.0.2.x86_64                                      [0m
2026-09-24T17:45:58.235738843Z Stdout: [2;37m[ DEBUG   ]: 17:45:58 | system:   chrony-4.3-1.amzn2023.0.6.x86_64                                              [0m
2026-09-24T17:45:58.236066267Z Stdout: [2;37m[ DEBUG   ]: 17:45:58 | system:   cloud-utils-growpart-0.31-8.amzn2023.0.4.x86_64                               [0m
2026-09-24T17:45:58.236342944Z Stdout: [2;37m[ DEBUG   ]: 17:45:58 | system:   cmake-filesystem-3.22.2-1.amzn2023.0.6.x86_64                                 [0m
2026-09-24T17:45:58.236560256Z Stdout: [2;37m[ DEBUG   ]: 17:45:58 | system:   cpio-2.13-13.amzn2023.0.3.x86_64                                              [0m
2026-09-24T17:45:58.236882407Z Stdout: [2;37m[ DEBUG   ]: 17:45:58 | system:   cracklib-2.9.6-27.amzn2023.0.2.x86_64                                         [0m
2026-09-24T17:45:58.237204578Z Stdout: [2;37m[ DEBUG   ]: 17:45:58 | system:   cracklib-dicts-2.9.6-27.amzn2023.0.2.x86_64                                   [0m
2026-09-24T17:45:58.237527069Z Stdout: [2;37m[ DEBUG   ]: 17:45:58 | system:   cryptsetup-2.6.1-1.amzn2023.0.1.x86_64                                        [0m
2026-09-24T17:45:58.237850291Z Stdout: [2;37m[ DEBUG   ]: 17:45:58 | system:   cryptsetup-libs-2.6.1-1.amzn2023.0.1.x86_64                                   [0m
2026-09-24T17:45:58.238179907Z Stdout: [2;37m[ DEBUG   ]: 17:45:58 | system:   cyrus-sasl-lib-2.1.27-18.amzn2023.0.3.x86_64                                  [0m
2026-09-24T17:45:58.238518285Z Stdout: [2;37m[ DEBUG   ]: 17:45:58 | system:   dbus-1:1.12.28-1.amzn2023.0.1.x86_64                                          [0m
2026-09-24T17:45:58.238892298Z Stdout: [2;37m[ DEBUG   ]: 17:45:58 | system:   dbus-broker-32-1.amzn2023.0.2.x86_64                                          [0m
2026-09-24T17:45:58.239225733Z Stdout: [2;37m[ DEBUG   ]: 17:45:58 | system:   dbus-common-1:1.12.28-1.amzn2023.0.1.noarch                                   [0m
2026-09-24T17:45:58.239557846Z Stdout: [2;37m[ DEBUG   ]: 17:45:58 | system:   dbus-libs-1:1.12.28-1.amzn2023.0.1.x86_64                                     [0m
2026-09-24T17:45:58.239891048Z Stdout: [2;37m[ DEBUG   ]: 17:45:58 | system:   device-mapper-1.02.185-1.amzn2023.0.5.x86_64                                  [0m
2026-09-24T17:45:58.240229859Z Stdout: [2;37m[ DEBUG   ]: 17:45:58 | system:   device-mapper-event-1.02.185-1.amzn2023.0.5.x86_64                            [0m
2026-09-24T17:45:58.240560597Z Stdout: [2;37m[ DEBUG   ]: 17:45:58 | system:   device-mapper-event-libs-1.02.185-1.amzn2023.0.5.x86_64                       [0m
2026-09-24T17:45:58.240896735Z Stdout: [2;37m[ DEBUG   ]: 17:45:58 | system:   device-mapper-libs-1.02.185-1.amzn2023.0.5.x86_64                             [0m
2026-09-24T17:45:58.241255224Z Stdout: [2;37m[ DEBUG   ]: 17:45:58 | system:   device-mapper-persistent-data-0.9.0-7.amzn2023.0.4.x86_64                     [0m
2026-09-24T17:45:58.241579083Z Stdout: [2;37m[ DEBUG   ]: 17:45:58 | system:   dialog-1.3-51.20240101.amzn2023.x86_64                                        [0m
2026-09-24T17:45:58.241912773Z Stdout: [2;37m[ DEBUG   ]: 17:45:58 | system:   diffutils-3.8-1.amzn2023.0.2.x86_64                                           [0m
2026-09-24T17:45:58.242254128Z Stdout: [2;37m[ DEBUG   ]: 17:45:58 | system:   dnf-plugin-release-notification-1.4-1.amzn2023.noarch                         [0m
2026-09-24T17:45:58.242599413Z Stdout: [2;37m[ DEBUG   ]: 17:45:58 | system:   dnf-plugin-support-info-2.0.0-231.amzn2023.noarch                             [0m
2026-09-24T17:45:58.243112940Z Stdout: [2;37m[ DEBUG   ]: 17:45:58 | system:   dnf-plugins-core-4.3.0-13.amzn2023.0.6.noarch                                 [0m
2026-09-24T17:45:58.243522221Z Stdout: [2;37m[ DEBUG   ]: 17:45:58 | system:   dracut-102-3.amzn2023.0.4.x86_64                                              [0m
2026-09-24T17:45:58.243842196Z Stdout: [2;37m[ DEBUG   ]: 17:45:58 | system:   dracut-config-ec2-3.1-1.amzn2023.0.1.noarch                                   [0m
2026-09-24T17:45:58.244174811Z Stdout: [2;37m[ DEBUG   ]: 17:45:58 | system:   dracut-config-generic-102-3.amzn2023.0.4.x86_64                               [0m
2026-09-24T17:45:58.244543409Z Stdout: [2;37m[ DEBUG   ]: 17:45:58 | system:   dracut-kiwi-lib-10.3.0-1.amzn2023.noarch                                      [0m
2026-09-24T17:45:58.244829944Z Stdout: [2;37m[ DEBUG   ]: 17:45:58 | system:   dracut-kiwi-overlay-10.3.0-1.amzn2023.noarch                                  [0m
2026-09-24T17:45:58.245188487Z Stdout: [2;37m[ DEBUG   ]: 17:45:58 | system:   dracut-kiwi-verity-10.3.0-1.amzn2023.x86_64                                   [0m
2026-09-24T17:45:58.245370285Z Stdout: [2;37m[ DEBUG   ]: 17:45:58 | system:   dwz-0.16-2.amzn2023.0.1.x86_64                                                [0m
2026-09-24T17:45:58.245701525Z Stdout: [2;37m[ DEBUG   ]: 17:45:58 | system:   e2fsprogs-1.46.5-2.amzn2023.0.2.x86_64                                        [0m
2026-09-24T17:45:58.246031310Z Stdout: [2;37m[ DEBUG   ]: 17:45:58 | system:   e2fsprogs-libs-1.46.5-2.amzn2023.0.2.x86_64                                   [0m
2026-09-24T17:45:58.246363178Z Stdout: [2;37m[ DEBUG   ]: 17:45:58 | system:   ec2-utils-2.3.0-1.amzn2023.0.1.noarch                                         [0m
2026-09-24T17:45:58.246860154Z Stdout: [2;37m[ DEBUG   ]: 17:45:58 | system:   efi-srpm-macros-5-4.amzn2023.0.5.noarch                                       [0m
2026-09-24T17:45:58.247202365Z Stdout: [2;37m[ DEBUG   ]: 17:45:58 | system:   efivar-38-2.amzn2023.0.1.x86_64                                               [0m
2026-09-24T17:45:58.247381228Z Stdout: [2;37m[ DEBUG   ]: 17:45:58 | system:   efivar-libs-38-2.amzn2023.0.1.x86_64                                          [0m
2026-09-24T17:45:58.247706009Z Stdout: [2;37m[ DEBUG   ]: 17:45:58 | system:   elfutils-debuginfod-client-0.188-3.amzn2023.0.3.x86_64                        [0m
2026-09-24T17:45:58.248028540Z Stdout: [2;37m[ DEBUG   ]: 17:45:58 | system:   file-5.39-7.amzn2023.0.4.x86_64                                               [0m
2026-09-24T17:45:58.248359604Z Stdout: [2;37m[ DEBUG   ]: 17:45:58 | system:   findutils-1:4.8.0-2.amzn2023.0.2.x86_64                                       [0m
2026-09-24T17:45:58.248689946Z Stdout: [2;37m[ DEBUG   ]: 17:45:58 | system:   fonts-srpm-macros-1:2.0.5-12.amzn2023.0.2.noarch                              [0m
2026-09-24T17:45:58.249022742Z Stdout: [2;37m[ DEBUG   ]: 17:45:58 | system:   fuse-libs-2.9.9-13.amzn2023.0.2.x86_64                                        [0m
2026-09-24T17:45:58.249355852Z Stdout: [2;37m[ DEBUG   ]: 17:45:58 | system:   gawk-5.1.0-3.amzn2023.0.4.x86_64                                              [0m
2026-09-24T17:45:58.249687898Z Stdout: [2;37m[ DEBUG   ]: 17:45:58 | system:   gdisk-1.0.8-1.amzn2023.0.2.x86_64                                             [0m
2026-09-24T17:45:58.250018117Z Stdout: [2;37m[ DEBUG   ]: 17:45:58 | system:   ghc-srpm-macros-1.5.0-4.amzn2023.0.2.noarch                                   [0m
2026-09-24T17:45:58.250348850Z Stdout: [2;37m[ DEBUG   ]: 17:45:58 | system:   glibc-all-langpacks-2.34-231.amzn2023.0.5.x86_64                              [0m
2026-09-24T17:45:58.250721012Z Stdout: [2;37m[ DEBUG   ]: 17:45:58 | system:   glibc-gconv-extra-2.34-231.amzn2023.0.5.x86_64                                [0m
2026-09-24T17:45:58.251076968Z Stdout: [2;37m[ DEBUG   ]: 17:45:58 | system:   glibc-locale-source-2.34-231.amzn2023.0.5.x86_64                              [0m
2026-09-24T17:45:58.251558110Z Stdout: [2;37m[ DEBUG   ]: 17:45:58 | system:   gnutls-3.8.10-4.amzn2023.0.2.x86_64                                           [0m
2026-09-24T17:45:58.251896300Z Stdout: [2;37m[ DEBUG   ]: 17:45:58 | system:   go-srpm-macros-3.8.0-1.amzn2023.0.1.noarch                                    [0m
2026-09-24T17:45:58.252182545Z Stdout: [2;37m[ DEBUG   ]: 17:45:58 | system:   groff-base-1.22.4-7.amzn2023.0.2.x86_64                                       [0m
2026-09-24T17:45:58.252531150Z Stdout: [2;37m[ DEBUG   ]: 17:45:58 | system:   gzip-1.12-1.amzn2023.0.1.x86_64                                               [0m
2026-09-24T17:45:58.252890836Z Stdout: [2;37m[ DEBUG   ]: 17:45:58 | system:   hostname-3.23-4.amzn2023.0.3.x86_64                                           [0m
2026-09-24T17:45:58.253185817Z Stdout: [2;37m[ DEBUG   ]: 17:45:58 | system:   hwdata-0.384-1.amzn2023.0.3.noarch                                            [0m
2026-09-24T17:45:58.253545741Z Stdout: [2;37m[ DEBUG   ]: 17:45:58 | system:   inih-58-2.amzn2023.0.1.x86_64                                                 [0m
2026-09-24T17:45:58.253706897Z Stdout: [2;37m[ DEBUG   ]: 17:45:58 | system:   initscripts-10.09-1.amzn2023.0.2.x86_64                                       [0m
2026-09-24T17:45:58.254032586Z Stdout: [2;37m[ DEBUG   ]: 17:45:58 | system:   iproute-6.10.0-319.amzn2023.0.1.x86_64                                        [0m
2026-09-24T17:45:58.254352183Z Stdout: [2;37m[ DEBUG   ]: 17:45:58 | system:   iputils-20210202-2.amzn2023.0.4.x86_64                                        [0m
2026-09-24T17:45:58.254696896Z Stdout: [2;37m[ DEBUG   ]: 17:45:58 | system:   irqbalance-2:1.9.0-1.amzn2023.0.3.x86_64                                      [0m
2026-09-24T17:45:58.255203325Z Stdout: [2;37m[ DEBUG   ]: 17:45:58 | system:   jansson-2.14-0.amzn2023.x86_64                                                [0m
2026-09-24T17:45:58.255551234Z Stdout: [2;37m[ DEBUG   ]: 17:45:58 | system:   jitterentropy-3.4.1-4.amzn2023.x86_64                                         [0m
2026-09-24T17:45:58.255930098Z Stdout: [2;37m[ DEBUG   ]: 17:45:58 | system:   jq-1.8.1-60.amzn2023.x86_64                                                   [0m
2026-09-24T17:45:58.256208865Z Stdout: [2;37m[ DEBUG   ]: 17:45:58 | system:   json-c-devel-0.14-8.amzn2023.0.2.x86_64                                       [0m
2026-09-24T17:45:58.256575643Z Stdout: [2;37m[ DEBUG   ]: 17:45:58 | system:   kbd-2.4.0-2.amzn2023.0.4.x86_64                                               [0m
2026-09-24T17:45:58.256872610Z Stdout: [2;37m[ DEBUG   ]: 17:45:58 | system:   kbd-misc-2.4.0-2.amzn2023.0.4.noarch                                          [0m
2026-09-24T17:45:58.257052429Z Stdout: [2;37m[ DEBUG   ]: 17:45:58 | system:   kernel-1:6.1.186-228.376.amzn2023.x86_64                                      [0m
2026-09-24T17:45:58.257384083Z Stdout: [2;37m[ DEBUG   ]: 17:45:58 | system:   kernel-livepatch-repo-s3-2023.12.20260918-0.amzn2023.noarch                   [0m
2026-09-24T17:45:58.257709539Z Stdout: [2;37m[ DEBUG   ]: 17:45:58 | system:   kernel-srpm-macros-1.0-14.amzn2023.0.3.noarch                                 [0m
2026-09-24T17:45:58.258035058Z Stdout: [2;37m[ DEBUG   ]: 17:45:58 | system:   keyutils-libs-devel-1.6.3-1.amzn2023.0.2.x86_64                               [0m
2026-09-24T17:45:58.258358771Z Stdout: [2;37m[ DEBUG   ]: 17:45:58 | system:   kmod-29-2.amzn2023.0.5.x86_64                                                 [0m
2026-09-24T17:45:58.258730762Z Stdout: [2;37m[ DEBUG   ]: 17:45:58 | system:   kmod-libs-29-2.amzn2023.0.5.x86_64                                            [0m
2026-09-24T17:45:58.259115662Z Stdout: [2;37m[ DEBUG   ]: 17:45:58 | system:   kpartx-0.8.7-16.amzn2023.0.2.x86_64                                           [0m
2026-09-24T17:45:58.259431814Z Stdout: [2;37m[ DEBUG   ]: 17:45:58 | system:   krb5-devel-1.21.3-8.amzn2023.0.1.x86_64                                       [0m
2026-09-24T17:45:58.259756383Z Stdout: [2;37m[ DEBUG   ]: 17:45:58 | system:   less-608-2.amzn2023.0.2.x86_64                                                [0m
2026-09-24T17:45:58.260079552Z Stdout: [2;37m[ DEBUG   ]: 17:45:58 | system:   libaio-0.3.111-11.amzn2023.0.2.x86_64                                         [0m
2026-09-24T17:45:58.260403813Z Stdout: [2;37m[ DEBUG   ]: 17:45:58 | system:   libargon2-20171227-9.amzn2023.0.2.x86_64                                      [0m
2026-09-24T17:45:58.260732988Z Stdout: [2;37m[ DEBUG   ]: 17:45:58 | system:   libbpf-2:1.6.1-3.amzn2023.x86_64                                              [0m
2026-09-24T17:45:58.261096123Z Stdout: [2;37m[ DEBUG   ]: 17:45:58 | system:   libbrotli-1.0.9-4.amzn2023.0.2.x86_64                                         [0m
2026-09-24T17:45:58.261413170Z Stdout: [2;37m[ DEBUG   ]: 17:45:58 | system:   libcbor-0.7.0-3.amzn2023.0.2.x86_64                                           [0m
2026-09-24T17:45:58.261746058Z Stdout: [2;37m[ DEBUG   ]: 17:45:58 | system:   libcom_err-devel-1.46.5-2.amzn2023.0.2.x86_64                                 [0m
2026-09-24T17:45:58.262078055Z Stdout: [2;37m[ DEBUG   ]: 17:45:58 | system:   libcurl-devel-8.21.0-5.amzn2023.0.1.x86_64                                    [0m
2026-09-24T17:45:58.262412655Z Stdout: [2;37m[ DEBUG   ]: 17:45:58 | system:   libdb-5.3.28-49.amzn2023.0.2.x86_64                                           [0m
2026-09-24T17:45:58.262905531Z Stdout: [2;37m[ DEBUG   ]: 17:45:58 | system:   libeconf-0.7.9-1.amzn2023.0.1.x86_64                                          [0m
2026-09-24T17:45:58.263221062Z Stdout: [2;37m[ DEBUG   ]: 17:45:58 | system:   libedit-3.1-38.20210714cvs.amzn2023.0.2.x86_64                                [0m
2026-09-24T17:45:58.263589882Z Stdout: [2;37m[ DEBUG   ]: 17:45:58 | system:   libfdisk-2.37.4-1.amzn2023.0.6.x86_64                                         [0m
2026-09-24T17:45:58.263927844Z Stdout: [2;37m[ DEBUG   ]: 17:45:58 | system:   libfido2-1.10.0-2.amzn2023.0.2.x86_64                                         [0m
2026-09-24T17:45:58.264214811Z Stdout: [2;37m[ DEBUG   ]: 17:45:58 | system:   libidn2-devel-2.3.2-1.amzn2023.0.5.x86_64                                     [0m
2026-09-24T17:45:58.264627093Z Stdout: [2;37m[ DEBUG   ]: 17:45:58 | system:   libkadm5-1.21.3-8.amzn2023.0.1.x86_64                                         [0m
2026-09-24T17:45:58.264921168Z Stdout: [2;37m[ DEBUG   ]: 17:45:58 | system:   libkcapi-1.4.0-105.amzn2023.0.1.x86_64                                        [0m
2026-09-24T17:45:58.265081534Z Stdout: [2;37m[ DEBUG   ]: 17:45:58 | system:   libkcapi-hmaccalc-1.4.0-105.amzn2023.0.1.x86_64                               [0m
2026-09-24T17:45:58.265411652Z Stdout: [2;37m[ DEBUG   ]: 17:45:58 | system:   libmnl-1.0.4-13.amzn2023.0.2.x86_64                                           [0m
2026-09-24T17:45:58.265743860Z Stdout: [2;37m[ DEBUG   ]: 17:45:58 | system:   libnghttp2-devel-1.59.0-3.amzn2023.0.2.x86_64                                 [0m
2026-09-24T17:45:58.266076032Z Stdout: [2;37m[ DEBUG   ]: 17:45:58 | system:   libnghttp3-1.15.0-1.amzn2023.0.1.x86_64                                       [0m
2026-09-24T17:45:58.266534538Z Stdout: [2;37m[ DEBUG   ]: 17:45:58 | system:   libnghttp3-devel-1.15.0-1.amzn2023.0.1.x86_64                                 [0m
2026-09-24T17:45:58.266911979Z Stdout: [2;37m[ DEBUG   ]: 17:45:58 | system:   libpipeline-1.5.3-2.amzn2023.0.2.x86_64                                       [0m
2026-09-24T17:45:58.267218892Z Stdout: [2;37m[ DEBUG   ]: 17:45:58 | system:   libpkgconf-1.8.0-4.amzn2023.0.2.x86_64                                        [0m
2026-09-24T17:45:58.267424361Z Stdout: [2;37m[ DEBUG   ]: 17:45:58 | system:   libpsl-devel-0.21.5-1.amzn2023.0.1.x86_64                                     [0m
2026-09-24T17:45:58.267750404Z Stdout: [2;37m[ DEBUG   ]: 17:45:58 | system:   libpwquality-1.4.4-6.amzn2023.0.2.x86_64                                      [0m
2026-09-24T17:45:58.268084782Z Stdout: [2;37m[ DEBUG   ]: 17:45:58 | system:   libseccomp-2.5.3-1.amzn2023.0.2.x86_64                                        [0m
2026-09-24T17:45:58.268418356Z Stdout: [2;37m[ DEBUG   ]: 17:45:58 | system:   libselinux-devel-3.4-5.amzn2023.0.2.x86_64                                    [0m
2026-09-24T17:45:58.268746236Z Stdout: [2;37m[ DEBUG   ]: 17:45:58 | system:   libselinux-utils-3.4-5.amzn2023.0.2.x86_64                                    [0m
2026-09-24T17:45:58.269078120Z Stdout: [2;37m[ DEBUG   ]: 17:45:58 | system:   libsemanage-3.4-5.amzn2023.0.2.x86_64                                         [0m
2026-09-24T17:45:58.269408828Z Stdout: [2;37m[ DEBUG   ]: 17:45:58 | system:   libsepol-devel-3.4-3.amzn2023.0.3.x86_64                                      [0m
2026-09-24T17:45:58.269739617Z Stdout: [2;37m[ DEBUG   ]: 17:45:58 | system:   libsigsegv-2.13-2.amzn2023.0.2.x86_64                                         [0m
2026-09-24T17:45:58.270071699Z Stdout: [2;37m[ DEBUG   ]: 17:45:58 | system:   libss-1.46.5-2.amzn2023.0.2.x86_64                                            [0m
2026-09-24T17:45:58.270403304Z Stdout: [2;37m[ DEBUG   ]: 17:45:58 | system:   libssh-0.10.6-1.amzn2023.0.8.x86_64                                           [0m
2026-09-24T17:45:58.270766676Z Stdout: [2;37m[ DEBUG   ]: 17:45:58 | system:   libssh-config-0.10.6-1.amzn2023.0.8.noarch                                    [0m
2026-09-24T17:45:58.271178062Z Stdout: [2;37m[ DEBUG   ]: 17:45:58 | system:   libssh-devel-0.10.6-1.amzn2023.0.8.x86_64                                     [0m
2026-09-24T17:45:58.271658854Z Stdout: [2;37m[ DEBUG   ]: 17:45:58 | system:   libuser-0.63-4.amzn2023.0.2.x86_64                                            [0m
2026-09-24T17:45:58.272037597Z Stdout: [2;37m[ DEBUG   ]: 17:45:58 | system:   libutempter-1.2.1-4.amzn2023.0.2.x86_64                                       [0m
2026-09-24T17:45:58.272324924Z Stdout: [2;37m[ DEBUG   ]: 17:45:58 | system:   libuuid-devel-2.37.4-1.amzn2023.0.6.x86_64                                    [0m
2026-09-24T17:45:58.272683141Z Stdout: [2;37m[ DEBUG   ]: 17:45:58 | system:   libverto-devel-0.3.2-1.amzn2023.0.2.x86_64                                    [0m
2026-09-24T17:45:58.273000607Z Stdout: [2;37m[ DEBUG   ]: 17:45:58 | system:   libxslt-1.1.43-1.amzn2023.0.3.x86_64                                          [0m
2026-09-24T17:45:58.273359088Z Stdout: [2;37m[ DEBUG   ]: 17:45:58 | system:   linux-firmware-whence-20210208-117.amzn2023.0.7.noarch                        [0m
2026-09-24T17:45:58.273526097Z Stdout: [2;37m[ DEBUG   ]: 17:45:58 | system:   logrotate-3.20.1-2.amzn2023.0.3.x86_64                                        [0m
2026-09-24T17:45:58.273866006Z Stdout: [2;37m[ DEBUG   ]: 17:45:58 | system:   lua-srpm-macros-1-4.amzn2023.0.2.noarch                                       [0m
2026-09-24T17:45:58.274210094Z Stdout: [2;37m[ DEBUG   ]: 17:45:58 | system:   lvm2-2.03.16-1.amzn2023.0.5.x86_64                                            [0m
2026-09-24T17:45:58.274815777Z Stdout: [2;37m[ DEBUG   ]: 17:45:58 | system:   lvm2-libs-2.03.16-1.amzn2023.0.5.x86_64                                       [0m
2026-09-24T17:45:58.275082005Z Stdout: [2;37m[ DEBUG   ]: 17:45:58 | system:   man-db-2.9.3-3.amzn2023.0.3.x86_64                                            [0m
2026-09-24T17:45:58.275389673Z Stdout: [2;37m[ DEBUG   ]: 17:45:58 | system:   mdadm-4.2-3.amzn2023.0.5.x86_64                                               [0m
2026-09-24T17:45:58.275724392Z Stdout: [2;37m[ DEBUG   ]: 17:45:58 | system:   microcode_ctl-2:2.1-53.amzn2023.0.16.x86_64                                   [0m
2026-09-24T17:45:58.276036107Z Stdout: [2;37m[ DEBUG   ]: 17:45:58 | system:   mpfr-4.1.0-7.amzn2023.0.2.x86_64                                              [0m
2026-09-24T17:45:58.276382316Z Stdout: [2;37m[ DEBUG   ]: 17:45:58 | system:   ncurses-6.6-1.amzn2023.0.1.x86_64                                             [0m
2026-09-24T17:45:58.276560805Z Stdout: [2;37m[ DEBUG   ]: 17:45:58 | system:   nettle-3.10.1-1.amzn2023.0.1.x86_64                                           [0m
2026-09-24T17:45:58.276891753Z Stdout: [2;37m[ DEBUG   ]: 17:45:58 | system:   ngtcp2-1.21.0-1.amzn2023.0.2.x86_64                                           [0m
2026-09-24T17:45:58.277226237Z Stdout: [2;37m[ DEBUG   ]: 17:45:58 | system:   ngtcp2-crypto-ossl-1.21.0-1.amzn2023.0.2.x86_64                               [0m
2026-09-24T17:45:58.277557814Z Stdout: [2;37m[ DEBUG   ]: 17:45:58 | system:   ngtcp2-crypto-ossl-devel-1.21.0-1.amzn2023.0.2.x86_64                         [0m
2026-09-24T17:45:58.277889239Z Stdout: [2;37m[ DEBUG   ]: 17:45:58 | system:   ngtcp2-devel-1.21.0-1.amzn2023.0.2.x86_64                                     [0m
2026-09-24T17:45:58.278221985Z Stdout: [2;37m[ DEBUG   ]: 17:45:58 | system:   numactl-libs-2.0.14-3.amzn2023.0.3.x86_64                                     [0m
2026-09-24T17:45:58.278565511Z Stdout: [2;37m[ DEBUG   ]: 17:45:58 | system:   ocaml-srpm-macros-6-6.amzn2023.0.2.noarch                                     [0m
2026-09-24T17:45:58.278945471Z Stdout: [2;37m[ DEBUG   ]: 17:45:58 | system:   oniguruma-6.9.7.1-1.amzn2023.0.2.x86_64                                       [0m
2026-09-24T17:45:58.279311044Z Stdout: [2;37m[ DEBUG   ]: 17:45:58 | system:   openblas-srpm-macros-2-9.amzn2023.0.2.noarch                                  [0m
2026-09-24T17:45:58.279644100Z Stdout: [2;37m[ DEBUG   ]: 17:45:58 | system:   openldap-2.4.57-6.amzn2023.0.7.x86_64                                         [0m
2026-09-24T17:45:58.279975993Z Stdout: [2;37m[ DEBUG   ]: 17:45:58 | system:   openssh-9.9p1-10.amzn2023.0.2.x86_64                                          [0m
2026-09-24T17:45:58.280307092Z Stdout: [2;37m[ DEBUG   ]: 17:45:58 | system:   openssh-clients-9.9p1-10.amzn2023.0.2.x86_64                                  [0m
2026-09-24T17:45:58.280641036Z Stdout: [2;37m[ DEBUG   ]: 17:45:58 | system:   openssl-devel-1:3.5.8-1.amzn2023.0.1.x86_64                                   [0m
2026-09-24T17:45:58.280974284Z Stdout: [2;37m[ DEBUG   ]: 17:45:58 | system:   openssl-pkcs11-0.4.12-3.amzn2023.0.1.x86_64                                   [0m
2026-09-24T17:45:58.281338441Z Stdout: [2;37m[ DEBUG   ]: 17:45:58 | system:   package-notes-srpm-macros-0.4-18.amzn2023.0.5.noarch                          [0m
2026-09-24T17:45:58.281663531Z Stdout: [2;37m[ DEBUG   ]: 17:45:58 | system:   pam-1.5.1-8.amzn2023.0.8.x86_64                                               [0m
2026-09-24T17:45:58.281995519Z Stdout: [2;37m[ DEBUG   ]: 17:45:58 | system:   parted-3.4-2.amzn2023.0.2.x86_64                                              [0m
2026-09-24T17:45:58.282327319Z Stdout: [2;37m[ DEBUG   ]: 17:45:58 | system:   passwd-0.80-10.amzn2023.0.2.x86_64                                            [0m
2026-09-24T17:45:58.282688718Z Stdout: [2;37m[ DEBUG   ]: 17:45:58 | system:   pciutils-3.7.0-3.amzn2023.0.2.x86_64                                          [0m
2026-09-24T17:45:58.283024718Z Stdout: [2;37m[ DEBUG   ]: 17:45:58 | system:   pciutils-libs-3.7.0-3.amzn2023.0.2.x86_64                                     [0m
2026-09-24T17:45:58.283357627Z Stdout: [2;37m[ DEBUG   ]: 17:45:58 | system:   pcre2-devel-10.40-1.amzn2023.0.3.x86_64                                       [0m
2026-09-24T17:45:58.283697274Z Stdout: [2;37m[ DEBUG   ]: 17:45:58 | system:   pcre2-utf16-10.40-1.amzn2023.0.3.x86_64                                       [0m
2026-09-24T17:45:58.284037361Z Stdout: [2;37m[ DEBUG   ]: 17:45:58 | system:   pcre2-utf32-10.40-1.amzn2023.0.3.x86_64                                       [0m
2026-09-24T17:45:58.284380048Z Stdout: [2;37m[ DEBUG   ]: 17:45:58 | system:   perl-srpm-macros-1-39.amzn2023.0.2.noarch                                     [0m
2026-09-24T17:45:58.284714272Z Stdout: [2;37m[ DEBUG   ]: 17:45:58 | system:   pkgconf-1.8.0-4.amzn2023.0.2.x86_64                                           [0m
2026-09-24T17:45:58.285046078Z Stdout: [2;37m[ DEBUG   ]: 17:45:58 | system:   pkgconf-m4-1.8.0-4.amzn2023.0.2.noarch                                        [0m
2026-09-24T17:45:58.285383731Z Stdout: [2;37m[ DEBUG   ]: 17:45:58 | system:   pkgconf-pkg-config-1.8.0-4.amzn2023.0.2.x86_64                                [0m
2026-09-24T17:45:58.285706508Z Stdout: [2;37m[ DEBUG   ]: 17:45:58 | system:   policycoreutils-3.4-6.amzn2023.0.3.x86_64                                     [0m
2026-09-24T17:45:58.286036969Z Stdout: [2;37m[ DEBUG   ]: 17:45:58 | system:   procps-ng-3.3.17-1.amzn2023.0.2.x86_64                                        [0m
2026-09-24T17:45:58.286368235Z Stdout: [2;37m[ DEBUG   ]: 17:45:58 | system:   psmisc-23.4-1.amzn2023.0.2.x86_64                                             [0m
2026-09-24T17:45:58.286727859Z Stdout: [2;37m[ DEBUG   ]: 17:45:58 | system:   publicsuffix-list-20260116-1.amzn2023.0.1.noarch                              [0m
2026-09-24T17:45:58.287064816Z Stdout: [2;37m[ DEBUG   ]: 17:45:58 | system:   pv-1.6.20-63.amzn2023.0.3.x86_64                                              [0m
2026-09-24T17:45:58.287523165Z Stdout: [2;37m[ DEBUG   ]: 17:45:58 | system:   python-srpm-macros-3.9-41.amzn2023.0.6.noarch                                 [0m
2026-09-24T17:45:58.287953309Z Stdout: [2;37m[ DEBUG   ]: 17:45:58 | system:   python3-awscrt-0.31.1-1.amzn2023.0.1.x86_64                                   [0m
2026-09-24T17:45:58.288405346Z Stdout: [2;37m[ DEBUG   ]: 17:45:58 | system:   python3-colorama-0.4.4-2.amzn2023.0.2.noarch                                  [0m
2026-09-24T17:45:58.288838961Z Stdout: [2;37m[ DEBUG   ]: 17:45:58 | system:   python3-dateutil-1:2.8.1-3.amzn2023.0.2.noarch                                [0m
2026-09-24T17:45:58.289014698Z Stdout: [2;37m[ DEBUG   ]: 17:45:58 | system:   python3-dbus-1.2.18-1.amzn2023.0.2.x86_64                                     [0m
2026-09-24T17:45:58.289332433Z Stdout: [2;37m[ DEBUG   ]: 17:45:58 | system:   python3-distro-1.5.0-5.amzn2023.0.2.noarch                                    [0m
2026-09-24T17:45:58.289665964Z Stdout: [2;37m[ DEBUG   ]: 17:45:58 | system:   python3-dnf-plugins-core-4.3.0-13.amzn2023.0.6.noarch                         [0m
2026-09-24T17:45:58.289997012Z Stdout: [2;37m[ DEBUG   ]: 17:45:58 | system:   python3-docutils-0.16-4.amzn2023.0.2.noarch                                   [0m
2026-09-24T17:45:58.290330090Z Stdout: [2;37m[ DEBUG   ]: 17:45:58 | system:   python3-elementpath-2.3.2-2.amzn2023.noarch                                   [0m
2026-09-24T17:45:58.290704014Z Stdout: [2;37m[ DEBUG   ]: 17:45:58 | system:   python3-idna-2.10-3.amzn2023.0.4.noarch                                       [0m
2026-09-24T17:45:58.291278965Z Stdout: [2;37m[ DEBUG   ]: 17:45:58 | system:   python3-jmespath-0.10.0-1.amzn2023.0.3.noarch                                 [0m
2026-09-24T17:45:58.291642256Z Stdout: [2;37m[ DEBUG   ]: 17:45:58 | system:   python3-lxml-4.7.1-3.amzn2023.0.3.x86_64                                      [0m
2026-09-24T17:45:58.291938872Z Stdout: [2;37m[ DEBUG   ]: 17:45:58 | system:   python3-prompt-toolkit-3.0.24-1.amzn2023.0.2.noarch                           [0m
2026-09-24T17:45:58.292256592Z Stdout: [2;37m[ DEBUG   ]: 17:45:58 | system:   python3-pysocks-1.7.1-8.amzn2023.0.2.noarch                                   [0m
2026-09-24T17:45:58.292472250Z Stdout: [2;37m[ DEBUG   ]: 17:45:58 | system:   python3-ruamel-yaml-0.16.6-5.amzn2023.0.2.x86_64                              [0m
2026-09-24T17:45:58.292933185Z Stdout: [2;37m[ DEBUG   ]: 17:45:58 | system:   python3-ruamel-yaml-clib-0.1.2-6.amzn2023.0.2.x86_64                          [0m
2026-09-24T17:45:58.293265522Z Stdout: [2;37m[ DEBUG   ]: 17:45:58 | system:   python3-setuptools-59.6.0-2.amzn2023.0.6.noarch                               [0m
2026-09-24T17:45:58.293599232Z Stdout: [2;37m[ DEBUG   ]: 17:45:58 | system:   python3-six-1.15.0-5.amzn2023.0.2.noarch                                      [0m
2026-09-24T17:45:58.293797780Z Stdout: [2;37m[ DEBUG   ]: 17:45:58 | system:   python3-supportinfo-1.0.0-1.amzn2023.noarch                                   [0m
2026-09-24T17:45:58.294129296Z Stdout: [2;37m[ DEBUG   ]: 17:45:58 | system:   python3-systemd-235-51.amzn2023.0.2.x86_64                                    [0m
2026-09-24T17:45:58.294474090Z Stdout: [2;37m[ DEBUG   ]: 17:45:58 | system:   python3-urllib3-1.25.10-5.amzn2023.0.7.noarch                                 [0m
2026-09-24T17:45:58.295024597Z Stdout: [2;37m[ DEBUG   ]: 17:45:58 | system:   python3-wcwidth-0.2.5-3.amzn2023.0.2.noarch                                   [0m
2026-09-24T17:45:58.295310728Z Stdout: [2;37m[ DEBUG   ]: 17:45:58 | system:   python3-xmlschema-1.4.2-1.amzn2023.0.2.noarch                                 [0m
2026-09-24T17:45:58.295649691Z Stdout: [2;37m[ DEBUG   ]: 17:45:58 | system:   rng-tools-6.17-1.amzn2023.0.1.x86_64                                          [0m
2026-09-24T17:45:58.295943074Z Stdout: [2;37m[ DEBUG   ]: 17:45:58 | system:   rootfiles-8.1-29.amzn2023.0.2.noarch                                          [0m
2026-09-24T17:45:58.296301442Z Stdout: [2;37m[ DEBUG   ]: 17:45:58 | system:   rpm-plugin-selinux-4.16.1.3-29.amzn2023.0.7.x86_64                            [0m
2026-09-24T17:45:58.296649659Z Stdout: [2;37m[ DEBUG   ]: 17:45:58 | system:   rpm-plugin-systemd-inhibit-4.16.1.3-29.amzn2023.0.7.x86_64                    [0m
2026-09-24T17:45:58.296934065Z Stdout: [2;37m[ DEBUG   ]: 17:45:58 | system:   rust-toolset-srpm-macros-1.98.0-1.amzn2023.noarch                             [0m
2026-09-24T17:45:58.297153211Z Stdout: [2;37m[ DEBUG   ]: 17:45:58 | system:   sbsigntools-0.9.4-8.amzn2023.0.2.x86_64                                       [0m
2026-09-24T17:45:58.297485977Z Stdout: [2;37m[ DEBUG   ]: 17:45:58 | system:   selinux-policy-38.1.76-1.amzn2023.0.2.noarch                                  [0m
2026-09-24T17:45:58.297819095Z Stdout: [2;37m[ DEBUG   ]: 17:45:58 | system:   selinux-policy-targeted-38.1.76-1.amzn2023.0.2.noarch                         [0m
2026-09-24T17:45:58.298150420Z Stdout: [2;37m[ DEBUG   ]: 17:45:58 | system:   shadow-utils-2:4.9-12.amzn2023.0.4.x86_64                                     [0m
2026-09-24T17:45:58.298495088Z Stdout: [2;37m[ DEBUG   ]: 17:45:58 | system:   sudo-1.9.15-1.p5.amzn2023.0.3.x86_64                                          [0m
2026-09-24T17:45:58.298876314Z Stdout: [2;37m[ DEBUG   ]: 17:45:58 | system:   sysctl-defaults-1.0-3.amzn2023.noarch                                         [0m
2026-09-24T17:45:58.299253763Z Stdout: [2;37m[ DEBUG   ]: 17:45:58 | system:   systemd-252.23-12.amzn2023.x86_64                                             [0m
2026-09-24T17:45:58.299587449Z Stdout: [2;37m[ DEBUG   ]: 17:45:58 | system:   systemd-boot-unsigned-252.23-12.amzn2023.x86_64                               [0m
2026-09-24T17:45:58.299922382Z Stdout: [2;37m[ DEBUG   ]: 17:45:58 | system:   systemd-libs-252.23-12.amzn2023.x86_64                                        [0m
2026-09-24T17:45:58.300252803Z Stdout: [2;37m[ DEBUG   ]: 17:45:58 | system:   systemd-networkd-252.23-12.amzn2023.x86_64                                    [0m
2026-09-24T17:45:58.300584612Z Stdout: [2;37m[ DEBUG   ]: 17:45:58 | system:   systemd-pam-252.23-12.amzn2023.x86_64                                         [0m
2026-09-24T17:45:58.300917130Z Stdout: [2;37m[ DEBUG   ]: 17:45:58 | system:   systemd-resolved-252.23-12.amzn2023.x86_64                                    [0m
2026-09-24T17:45:58.301273127Z Stdout: [2;37m[ DEBUG   ]: 17:45:58 | system:   systemd-udev-252.23-12.amzn2023.x86_64                                        [0m
2026-09-24T17:45:58.301604501Z Stdout: [2;37m[ DEBUG   ]: 17:45:58 | system:   tar-2:1.34-1.amzn2023.0.4.x86_64                                              [0m
2026-09-24T17:45:58.301941285Z Stdout: [2;37m[ DEBUG   ]: 17:45:58 | system:   tpm2-tss-4.0.2-1.amzn2023.0.1.x86_64                                          [0m
2026-09-24T17:45:58.302270372Z Stdout: [2;37m[ DEBUG   ]: 17:45:58 | system:   tpm2-tss-devel-4.0.2-1.amzn2023.0.1.x86_64                                    [0m
2026-09-24T17:45:58.302628375Z Stdout: [2;37m[ DEBUG   ]: 17:45:58 | system:   tpm2-tss-fapi-4.0.2-1.amzn2023.0.1.x86_64                                     [0m
2026-09-24T17:45:58.303144148Z Stdout: [2;37m[ DEBUG   ]: 17:45:58 | system:   unzip-6.0-68.amzn2023.0.2.x86_64                                              [0m
2026-09-24T17:45:58.303440351Z Stdout: [2;37m[ DEBUG   ]: 17:45:58 | system:   userspace-rcu-0.12.1-3.amzn2023.0.4.x86_64                                    [0m
2026-09-24T17:45:58.303786404Z Stdout: [2;37m[ DEBUG   ]: 17:45:58 | system:   util-linux-2.37.4-1.amzn2023.0.6.x86_64                                       [0m
2026-09-24T17:45:58.304145720Z Stdout: [2;37m[ DEBUG   ]: 17:45:58 | system:   util-linux-core-2.37.4-1.amzn2023.0.6.x86_64                                  [0m
2026-09-24T17:45:58.304421987Z Stdout: [2;37m[ DEBUG   ]: 17:45:58 | system:   veritysetup-2.6.1-1.amzn2023.0.1.x86_64                                       [0m
2026-09-24T17:45:58.304622797Z Stdout: [2;37m[ DEBUG   ]: 17:45:58 | system:   vim-data-2:9.2.920-1.amzn2023.0.1.noarch                                      [0m
2026-09-24T17:45:58.304955783Z Stdout: [2;37m[ DEBUG   ]: 17:45:58 | system:   vim-minimal-2:9.2.920-1.amzn2023.0.1.x86_64                                   [0m
2026-09-24T17:45:58.305415331Z Stdout: [2;37m[ DEBUG   ]: 17:45:58 | system:   xfsprogs-6.12.0-3.amzn2023.0.1.x86_64                                         [0m
2026-09-24T17:45:58.305773486Z Stdout: [2;37m[ DEBUG   ]: 17:45:58 | system:   xz-5.2.5-9.amzn2023.0.2.x86_64                                                [0m
2026-09-24T17:45:58.306070399Z Stdout: [2;37m[ DEBUG   ]: 17:45:58 | system:   yum-4.14.0-1.amzn2023.0.7.noarch                                              [0m
2026-09-24T17:45:58.306503355Z Stdout: [2;37m[ DEBUG   ]: 17:45:58 | system:   zip-3.0-28.amzn2023.0.4.x86_64                                                [0m
2026-09-24T17:45:58.306836453Z Stdout: [2;37m[ DEBUG   ]: 17:45:58 | system:   zlib-devel-1.2.11-33.amzn2023.0.6.x86_64                                      [0m
2026-09-24T17:45:58.307138898Z Stdout: [2;37m[ DEBUG   ]: 17:45:58 | system:   zram-generator-1.1.2-70.amzn2023.0.1.x86_64                                   [0m
2026-09-24T17:45:58.307577291Z Stdout: [2;37m[ DEBUG   ]: 17:45:58 | system:   zram-generator-defaults-1.1.2-70.amzn2023.0.1.noarch                          [0m
2026-09-24T17:45:58.307741789Z Stdout: [2;37m[ DEBUG   ]: 17:45:58 | system:   zstd-1.5.5-1.amzn2023.0.1.x86_64                                              [0m
2026-09-24T17:45:58.307854467Z Stdout: [2;37m[ DEBUG   ]: 17:45:58 | system: Complete![0m
2026-09-24T17:45:58.307934614Z Stdout: [ INFO    ]: Processing: [########################################] 100%
2026-09-24T17:45:58.309094843Z Stdout: [2;37m[ DEBUG   ]: 17:45:58 | Looking for cp in /usr/local/sbin:/usr/local/bin:/usr/sbin:/usr/bin[0m
2026-09-24T17:45:58.309198262Z Stdout: [2;37m[ DEBUG   ]: 17:45:58 | EXEC: [cp /var/tmp/kiwi_2kmutjhf /var/tmp/kiwi_x5_ip6ro][0m
2026-09-24T17:45:58.313769837Z Stdout: [2;37m[ DEBUG   ]: 17:45:58 | Looking for bash in /usr/local/sbin:/usr/local/bin:/usr/sbin:/usr/bin[0m
2026-09-24T17:45:58.313778811Z Stdout: [2;37m[ DEBUG   ]: 17:45:58 | EXEC: [bash -c source /usr/lib/python3.9/site-packages/kiwi/config/functions.sh; baseQuoteFile /var/tmp/kiwi_x5_ip6ro][0m
2026-09-24T17:45:58.324670054Z Stdout: [2;37m[ DEBUG   ]: 17:45:58 | --> kiwi_align='1048576'[0m
2026-09-24T17:45:58.324676031Z Stdout: [2;37m[ DEBUG   ]: 17:45:58 | --> kiwi_boot_timeout='0'[0m
2026-09-24T17:45:58.324678587Z Stdout: [2;37m[ DEBUG   ]: 17:45:58 | --> kiwi_bootkernel=''[0m
2026-09-24T17:45:58.324685896Z Stdout: [2;37m[ DEBUG   ]: 17:45:58 | --> kiwi_bootloader='systemd_boot'[0m
2026-09-24T17:45:58.324691497Z Stdout: [2;37m[ DEBUG   ]: 17:45:58 | --> kiwi_bootloader_console='default:default'[0m
2026-09-24T17:45:58.324696026Z Stdout: [2;37m[ DEBUG   ]: 17:45:58 | --> kiwi_bootprofile=''[0m
2026-09-24T17:45:58.325055338Z Stdout: [2;37m[ DEBUG   ]: 17:45:58 | --> kiwi_btrfs_root_is_snapper_snapshot=''[0m
2026-09-24T17:45:58.325059397Z Stdout: [2;37m[ DEBUG   ]: 17:45:58 | --> kiwi_btrfs_root_is_snapshot=''[0m
2026-09-24T17:45:58.325062648Z Stdout: [2;37m[ DEBUG   ]: 17:45:58 | --> kiwi_cmdline='console=ttyS0 rd.shell=0 systemd.getty_auto=false rd.kiwi.verity_options=panic-on-corruption'[0m
2026-09-24T17:45:58.325065863Z Stdout: [2;37m[ DEBUG   ]: 17:45:58 | --> kiwi_compressed=''[0m
2026-09-24T17:45:58.325068269Z Stdout: [2;37m[ DEBUG   ]: 17:45:58 | --> kiwi_delete=''[0m
2026-09-24T17:45:58.325070754Z Stdout: [2;37m[ DEBUG   ]: 17:45:58 | --> kiwi_devicepersistency=''[0m
2026-09-24T17:45:58.325073559Z Stdout: [2;37m[ DEBUG   ]: 17:45:58 | --> kiwi_displayname='al2023-attestable-image-example'[0m
2026-09-24T17:45:58.325075976Z Stdout: [2;37m[ DEBUG   ]: 17:45:58 | --> kiwi_drivers=''[0m
2026-09-24T17:45:58.325078378Z Stdout: [2;37m[ DEBUG   ]: 17:45:58 | --> kiwi_firmware='uefi'[0m
2026-09-24T17:45:58.325080669Z Stdout: [2;37m[ DEBUG   ]: 17:45:58 | --> kiwi_fsmountoptions=''[0m
2026-09-24T17:45:58.325082988Z Stdout: [2;37m[ DEBUG   ]: 17:45:58 | --> kiwi_gpt_hybrid_mbr=''[0m
2026-09-24T17:45:58.325087573Z Stdout: [2;37m[ DEBUG   ]: 17:45:58 | --> kiwi_hybridpersistent=''[0m
2026-09-24T17:45:58.325091099Z Stdout: [2;37m[ DEBUG   ]: 17:45:58 | --> kiwi_hybridpersistent_filesystem=''[0m
2026-09-24T17:45:58.325093631Z Stdout: [2;37m[ DEBUG   ]: 17:45:58 | --> kiwi_iname='al2023-attestable-image-example'[0m
2026-09-24T17:45:58.325098606Z Stdout: [2;37m[ DEBUG   ]: 17:45:58 | --> kiwi_initrd_system='dracut'[0m
2026-09-24T17:45:58.325101080Z Stdout: [2;37m[ DEBUG   ]: 17:45:58 | --> kiwi_install_volid='INSTALL'[0m
2026-09-24T17:45:58.325107136Z Stdout: [2;37m[ DEBUG   ]: 17:45:58 | --> kiwi_installboot=''[0m
2026-09-24T17:45:58.325403085Z Stdout: [2;37m[ DEBUG   ]: 17:45:58 | --> kiwi_iversion='1.0.0'[0m
2026-09-24T17:45:58.325406736Z Stdout: [2;37m[ DEBUG   ]: 17:45:58 | --> kiwi_keytable='us'[0m
2026-09-24T17:45:58.325409467Z Stdout: [2;37m[ DEBUG   ]: 17:45:58 | --> kiwi_language='en_US'[0m
2026-09-24T17:45:58.325412049Z Stdout: [2;37m[ DEBUG   ]: 17:45:58 | --> kiwi_luks_empty_passphrase='false'[0m
2026-09-24T17:45:58.325414444Z Stdout: [2;37m[ DEBUG   ]: 17:45:58 | --> kiwi_oembootwait=''[0m
2026-09-24T17:45:58.325416797Z Stdout: [2;37m[ DEBUG   ]: 17:45:58 | --> kiwi_oemdevicefilter=''[0m
2026-09-24T17:45:58.325419172Z Stdout: [2;37m[ DEBUG   ]: 17:45:58 | --> kiwi_oemkboot=''[0m
2026-09-24T17:45:58.325421518Z Stdout: [2;37m[ DEBUG   ]: 17:45:58 | --> kiwi_oemmultipath_scan=''[0m
2026-09-24T17:45:58.325423960Z Stdout: [2;37m[ DEBUG   ]: 17:45:58 | --> kiwi_oemnicfilter=''[0m
2026-09-24T17:45:58.325426341Z Stdout: [2;37m[ DEBUG   ]: 17:45:58 | --> kiwi_oempartition_install=''[0m
2026-09-24T17:45:58.325428826Z Stdout: [2;37m[ DEBUG   ]: 17:45:58 | --> kiwi_oemramdisksize=''[0m
2026-09-24T17:45:58.325431319Z Stdout: [2;37m[ DEBUG   ]: 17:45:58 | --> kiwi_oemreboot=''[0m
2026-09-24T17:45:58.325434799Z Stdout: [2;37m[ DEBUG   ]: 17:45:58 | --> kiwi_oemrebootinteractive=''[0m
2026-09-24T17:45:58.325437394Z Stdout: [2;37m[ DEBUG   ]: 17:45:58 | --> kiwi_oemrecovery=''[0m
2026-09-24T17:45:58.325454192Z Stdout: [2;37m[ DEBUG   ]: 17:45:58 | --> kiwi_oemrecoveryID=''[0m
2026-09-24T17:45:58.325659283Z Stdout: [2;37m[ DEBUG   ]: 17:45:58 | --> kiwi_oemrecoveryInPlace=''[0m
2026-09-24T17:45:58.325663527Z Stdout: [2;37m[ DEBUG   ]: 17:45:58 | --> kiwi_oemrecoveryPartSize=''[0m
2026-09-24T17:45:58.325666265Z Stdout: [2;37m[ DEBUG   ]: 17:45:58 | --> kiwi_oemresizeonce=''[0m
2026-09-24T17:45:58.325668793Z Stdout: [2;37m[ DEBUG   ]: 17:45:58 | --> kiwi_oemrootMB=''[0m
2026-09-24T17:45:58.325675512Z Stdout: [2;37m[ DEBUG   ]: 17:45:58 | --> kiwi_oemshutdown=''[0m
2026-09-24T17:45:58.325678397Z Stdout: [2;37m[ DEBUG   ]: 17:45:58 | --> kiwi_oemshutdowninteractive=''[0m
2026-09-24T17:45:58.325682548Z Stdout: [2;37m[ DEBUG   ]: 17:45:58 | --> kiwi_oemsilentboot=''[0m
2026-09-24T17:45:58.325686636Z Stdout: [2;37m[ DEBUG   ]: 17:45:58 | --> kiwi_oemsilentinstall=''[0m
2026-09-24T17:45:58.325690287Z Stdout: [2;37m[ DEBUG   ]: 17:45:58 | --> kiwi_oemsilentverify=''[0m
2026-09-24T17:45:58.325692899Z Stdout: [2;37m[ DEBUG   ]: 17:45:58 | --> kiwi_oemskipverify=''[0m
2026-09-24T17:45:58.325701035Z Stdout: [2;37m[ DEBUG   ]: 17:45:58 | --> kiwi_oemswapMB=''[0m
2026-09-24T17:45:58.325965751Z Stdout: [2;37m[ DEBUG   ]: 17:45:58 | --> kiwi_oemtitle=''[0m
2026-09-24T17:45:58.325969669Z Stdout: [2;37m[ DEBUG   ]: 17:45:58 | --> kiwi_oemunattended=''[0m
2026-09-24T17:45:58.325972308Z Stdout: [2;37m[ DEBUG   ]: 17:45:58 | --> kiwi_oemunattended_id=''[0m
2026-09-24T17:45:58.325976973Z Stdout: [2;37m[ DEBUG   ]: 17:45:58 | --> kiwi_oemvmcp_parmfile=''[0m
2026-09-24T17:45:58.325979685Z Stdout: [2;37m[ DEBUG   ]: 17:45:58 | --> kiwi_profiles=''[0m
2026-09-24T17:45:58.325982258Z Stdout: [2;37m[ DEBUG   ]: 17:45:58 | --> kiwi_ramonly=''[0m
2026-09-24T17:45:58.325985118Z Stdout: [2;37m[ DEBUG   ]: 17:45:58 | --> kiwi_revision='$Format:%H$'[0m
2026-09-24T17:45:58.325988231Z Stdout: [2;37m[ DEBUG   ]: 17:45:58 | --> kiwi_rootpartuuid=''[0m
2026-09-24T17:45:58.325990670Z Stdout: [2;37m[ DEBUG   ]: 17:45:58 | --> kiwi_sectorsize='512'[0m
2026-09-24T17:45:58.325993080Z Stdout: [2;37m[ DEBUG   ]: 17:45:58 | --> kiwi_showlicense=''[0m
2026-09-24T17:45:58.325995720Z Stdout: [2;37m[ DEBUG   ]: 17:45:58 | --> kiwi_startsector='2048'[0m
2026-09-24T17:45:58.325999192Z Stdout: [2;37m[ DEBUG   ]: 17:45:58 | --> kiwi_strip_delete=''[0m
2026-09-24T17:45:58.326003643Z Stdout: [2;37m[ DEBUG   ]: 17:45:58 | --> kiwi_strip_libs=''[0m
2026-09-24T17:45:58.326027077Z Stdout: [2;37m[ DEBUG   ]: 17:45:58 | --> kiwi_strip_tools=''[0m
2026-09-24T17:45:58.326050907Z Stdout: [2;37m[ DEBUG   ]: 17:45:58 | --> kiwi_target_blocksize=''[0m
2026-09-24T17:45:58.326073797Z Stdout: [2;37m[ DEBUG   ]: 17:45:58 | --> kiwi_target_removable=''[0m
2026-09-24T17:45:58.326098097Z Stdout: [2;37m[ DEBUG   ]: 17:45:58 | --> kiwi_timezone='UTC'[0m
2026-09-24T17:45:58.326122098Z Stdout: [2;37m[ DEBUG   ]: 17:45:58 | --> kiwi_type='oem'[0m
2026-09-24T17:45:58.326149339Z Stdout: [2;37m[ DEBUG   ]: 17:45:58 | --> kiwi_vga=''[0m
2026-09-24T17:45:58.326174523Z Stdout: [2;37m[ DEBUG   ]: 17:45:58 | --> kiwi_wwid_wait_timeout=''[0m
2026-09-24T17:45:58.326279352Z Stdout: [ INFO    ]: 17:45:58 | Copying user defined files to image tree
2026-09-24T17:45:58.326386442Z Stdout: [2;37m[ DEBUG   ]: 17:45:58 | Looking for rsync in /usr/local/sbin:/usr/local/bin:/usr/sbin:/usr/bin[0m
2026-09-24T17:45:58.326506042Z Stdout: [2;37m[ DEBUG   ]: 17:45:58 | EXEC: [rsync -r -p -t -D -H -X -A --one-file-system --links /usr/share/kiwi-image-descriptions-examples/al2023/attestable-image-example/root/ /tmp/build/image-root][0m
2026-09-24T17:45:58.372529627Z Stdout: [ INFO    ]: 17:45:58 | Setting up keytable: us
2026-09-24T17:45:58.372539251Z Stdout: [2;37m[ DEBUG   ]: 17:45:58 | Looking for chroot in /usr/local/sbin:/usr/local/bin:/usr/sbin:/usr/bin[0m
2026-09-24T17:45:58.372824566Z Stdout: [2;37m[ DEBUG   ]: 17:45:58 | EXEC: [chroot /tmp/build/image-root systemd-firstboot --help][0m
2026-09-24T17:45:58.377940248Z Stdout: [2;37m[ DEBUG   ]: 17:45:58 | Looking for chroot in /usr/local/sbin:/usr/local/bin:/usr/sbin:/usr/bin[0m
2026-09-24T17:45:58.377945448Z Stdout: [2;37m[ DEBUG   ]: 17:45:58 | EXEC: [chroot /tmp/build/image-root systemd-firstboot --keymap=us][0m
2026-09-24T17:45:58.382797130Z Stdout: [ INFO    ]: 17:45:58 | Setting up locale: en_US
2026-09-24T17:45:58.382805561Z Stdout: [2;37m[ DEBUG   ]: 17:45:58 | Looking for chroot in /usr/local/sbin:/usr/local/bin:/usr/sbin:/usr/bin[0m
2026-09-24T17:45:58.383142267Z Stdout: [2;37m[ DEBUG   ]: 17:45:58 | EXEC: [chroot /tmp/build/image-root systemd-firstboot --help][0m
2026-09-24T17:45:58.387375496Z Stdout: [2;37m[ DEBUG   ]: 17:45:58 | Looking for chroot in /usr/local/sbin:/usr/local/bin:/usr/sbin:/usr/bin[0m
2026-09-24T17:45:58.387385472Z Stdout: [2;37m[ DEBUG   ]: 17:45:58 | EXEC: [chroot /tmp/build/image-root systemd-firstboot --locale=en_US.UTF-8][0m
2026-09-24T17:45:58.391454600Z Stdout: [2;37m[ DEBUG   ]: 17:45:58 | Looking for plymouth-set-default-theme in /tmp/build/image-root/usr/local/sbin:/tmp/build/image-root/usr/local/bin:/tmp/build/image-root/usr/sbin:/tmp/build/image-root/usr/bin[0m
2026-09-24T17:45:58.391460159Z Stdout: [ INFO    ]: 17:45:58 | Setting up timezone: UTC
2026-09-24T17:45:58.391463231Z Stdout: [2;37m[ DEBUG   ]: 17:45:58 | Looking for chroot in /usr/local/sbin:/usr/local/bin:/usr/sbin:/usr/bin[0m
2026-09-24T17:45:58.391467020Z Stdout: [2;37m[ DEBUG   ]: 17:45:58 | EXEC: [chroot /tmp/build/image-root systemd-firstboot --help][0m
2026-09-24T17:45:58.395336292Z Stdout: [2;37m[ DEBUG   ]: 17:45:58 | Looking for chroot in /usr/local/sbin:/usr/local/bin:/usr/sbin:/usr/bin[0m
2026-09-24T17:45:58.395341400Z Stdout: [2;37m[ DEBUG   ]: 17:45:58 | EXEC: [chroot /tmp/build/image-root systemd-firstboot --timezone=UTC][0m
2026-09-24T17:45:58.399273803Z Stdout: [2;37m[ DEBUG   ]: 17:45:58 | Looking for chkstat in /tmp/build/image-root/usr/local/sbin:/tmp/build/image-root/usr/local/bin:/tmp/build/image-root/usr/sbin:/tmp/build/image-root/usr/bin[0m
2026-09-24T17:45:58.399282063Z Stdout: [2;37m[ DEBUG   ]: 17:45:58 | chkstat not found in image. File Permissions Check skipped[0m
2026-09-24T17:45:58.399504324Z Stdout: [2;37m[ DEBUG   ]: 17:45:58 | Creating directory /var/cache/kiwi/dnf/repos[0m
2026-09-24T17:45:58.399612076Z Stdout: [2;37m[ DEBUG   ]: 17:45:58 | Creating directory /var/cache/kiwi/dnf/cache[0m
2026-09-24T17:45:58.399655790Z Stdout: [2;37m[ DEBUG   ]: 17:45:58 | Creating directory /var/cache/kiwi/dnf/pluginconf[0m
2026-09-24T17:45:58.399702943Z Stdout: [2;37m[ DEBUG   ]: 17:45:58 | Creating directory /var/cache/kiwi/dnf/vars[0m
2026-09-24T17:45:58.400625656Z Stdout: [2;37m[ DEBUG   ]: 17:45:58 | EXEC: [chroot /tmp/build/image-root bash /image/config.sh][0m
2026-09-24T17:45:58.400674605Z Stdout: [2;37m[ DEBUG   ]: 17:45:58 | Looking for chroot in /usr/local/sbin:/usr/local/bin:/usr/sbin:/usr/bin[0m
2026-09-24T17:45:58.402477432Z Stdout: [ INFO    ]: 17:45:58 | Calling config.sh script
2026-09-24T17:45:58.402485129Z Stdout: [2;37m[ DEBUG   ]: 17:45:58 | --------------out start-------------[0m
2026-09-24T17:45:58.407388966Z Stdout: [2;37m[ DEBUG   ]: 17:45:58 | --------------out stop--------------[0m
2026-09-24T17:45:58.407410407Z Stdout: [2;37m[ DEBUG   ]: 17:45:58 | --------------err start-------------[0m
2026-09-24T17:45:58.407675742Z Stdout: [2;37m[ DEBUG   ]: 17:45:58 | Created symlink /etc/systemd/system/multi-user.target.wants/set-hostname-imds.service → /usr/lib/systemd/system/set-hostname-imds.service.[0m
2026-09-24T17:45:58.407680945Z Stdout: [2;37m[ DEBUG   ]: 17:45:58 | [0m
2026-09-24T17:45:58.407687394Z Stdout: [2;37m[ DEBUG   ]: 17:45:58 | --------------err stop--------------[0m
2026-09-24T17:45:58.407692665Z Stdout: [2;37m[ DEBUG   ]: 17:45:58 | Looking for setfiles in /tmp/build/image-root/usr/local/sbin:/tmp/build/image-root/usr/local/bin:/tmp/build/image-root/usr/sbin:/tmp/build/image-root/usr/bin[0m
2026-09-24T17:45:58.407697270Z Stdout: [ INFO    ]: 17:45:58 | Processing SELinux file security contexts
2026-09-24T17:45:58.407921589Z Stdout: [2;37m[ DEBUG   ]: 17:45:58 | Looking for chroot in /usr/local/sbin:/usr/local/bin:/usr/sbin:/usr/bin[0m
2026-09-24T17:45:58.407926140Z Stdout: [2;37m[ DEBUG   ]: 17:45:58 | EXEC: [chroot /tmp/build/image-root setfiles --help][0m
2026-09-24T17:45:58.410293394Z Stdout: [2;37m[ DEBUG   ]: 17:45:58 | Looking for chroot in /usr/local/sbin:/usr/local/bin:/usr/sbin:/usr/bin[0m
2026-09-24T17:45:58.410395271Z Stdout: [2;37m[ DEBUG   ]: 17:45:58 | EXEC: [chroot /tmp/build/image-root setfiles -T0 -F -p -c /etc/selinux/targeted/policy/policy.33 -e /proc -e /sys -e /dev /etc/selinux/targeted/contexts/files/file_contexts /][0m
2026-09-24T17:46:00.438737944Z Stdout: [2;37m[ DEBUG   ]: 17:46:00 | Looking for setfiles in /tmp/build/image-root/usr/local/sbin:/tmp/build/image-root/usr/local/bin:/tmp/build/image-root/usr/sbin:/tmp/build/image-root/usr/bin[0m
2026-09-24T17:46:00.438844481Z Stdout: [ INFO    ]: 17:46:00 | Processing SELinux file security contexts
2026-09-24T17:46:00.438922642Z Stdout: [2;37m[ DEBUG   ]: 17:46:00 | Looking for chroot in /usr/local/sbin:/usr/local/bin:/usr/sbin:/usr/bin[0m
2026-09-24T17:46:00.438994483Z Stdout: [2;37m[ DEBUG   ]: 17:46:00 | EXEC: [chroot /tmp/build/image-root setfiles --help][0m
2026-09-24T17:46:00.442983055Z Stdout: [2;37m[ DEBUG   ]: 17:46:00 | Looking for chroot in /usr/local/sbin:/usr/local/bin:/usr/sbin:/usr/bin[0m
2026-09-24T17:46:00.442990684Z Stdout: [2;37m[ DEBUG   ]: 17:46:00 | EXEC: [chroot /tmp/build/image-root setfiles -T0 -F -p -c /etc/selinux/targeted/policy/policy.33 -e /proc -e /sys -e /dev /etc/selinux/targeted/contexts/files/file_contexts /][0m
2026-09-24T17:46:02.492212513Z Stdout: [2;37m[ DEBUG   ]: 17:46:02 | Creating directory /var/cache/kiwi/dnf/repos[0m
2026-09-24T17:46:02.492220382Z Stdout: [2;37m[ DEBUG   ]: 17:46:02 | Creating directory /var/cache/kiwi/dnf/cache[0m
2026-09-24T17:46:02.492459737Z Stdout: [2;37m[ DEBUG   ]: 17:46:02 | Creating directory /var/cache/kiwi/dnf/pluginconf[0m
2026-09-24T17:46:02.492463707Z Stdout: [2;37m[ DEBUG   ]: 17:46:02 | Creating directory /var/cache/kiwi/dnf/vars[0m
2026-09-24T17:46:02.492914204Z Stdout: [ INFO    ]: 17:46:02 | Using package manager backend: dnf4
2026-09-24T17:46:02.492920037Z Stdout: [2;37m[ DEBUG   ]: 17:46:02 | Looking for mountpoint in /usr/local/sbin:/usr/local/bin:/usr/sbin:/usr/bin[0m
2026-09-24T17:46:02.492953778Z Stdout: [2;37m[ DEBUG   ]: 17:46:02 | EXEC: [mountpoint -q /tmp/build/image-root/var/cache/kiwi][0m
2026-09-24T17:46:02.496220368Z Stdout: [2;37m[ DEBUG   ]: 17:46:02 | Looking for mountpoint in /usr/local/sbin:/usr/local/bin:/usr/sbin:/usr/bin[0m
2026-09-24T17:46:02.496335271Z Stdout: [2;37m[ DEBUG   ]: 17:46:02 | EXEC: [mountpoint -q /tmp/build/image-root/var/cache/kiwi][0m
2026-09-24T17:46:02.498943181Z Stdout: [2;37m[ DEBUG   ]: 17:46:02 | Looking for umount in /usr/local/sbin:/usr/local/bin:/usr/sbin:/usr/bin[0m
2026-09-24T17:46:02.498948321Z Stdout: [2;37m[ DEBUG   ]: 17:46:02 | EXEC: [umount -l /tmp/build/image-root/var/cache/kiwi][0m
2026-09-24T17:46:02.504401829Z Stdout: [2;37m[ DEBUG   ]: 17:46:02 | Looking for mountpoint in /usr/local/sbin:/usr/local/bin:/usr/sbin:/usr/bin[0m
2026-09-24T17:46:02.504410077Z Stdout: [2;37m[ DEBUG   ]: 17:46:02 | EXEC: [mountpoint -q /tmp/build/image-root/sys][0m
2026-09-24T17:46:02.507297523Z Stdout: [2;37m[ DEBUG   ]: 17:46:02 | Looking for mountpoint in /usr/local/sbin:/usr/local/bin:/usr/sbin:/usr/bin[0m
2026-09-24T17:46:02.507303758Z Stdout: [2;37m[ DEBUG   ]: 17:46:02 | EXEC: [mountpoint -q /tmp/build/image-root/sys][0m
2026-09-24T17:46:02.509835589Z Stdout: [2;37m[ DEBUG   ]: 17:46:02 | Looking for umount in /usr/local/sbin:/usr/local/bin:/usr/sbin:/usr/bin[0m
2026-09-24T17:46:02.509940399Z Stdout: [2;37m[ DEBUG   ]: 17:46:02 | EXEC: [umount -l /tmp/build/image-root/sys][0m
2026-09-24T17:46:02.512948424Z Stdout: [2;37m[ DEBUG   ]: 17:46:02 | Looking for mountpoint in /usr/local/sbin:/usr/local/bin:/usr/sbin:/usr/bin[0m
2026-09-24T17:46:02.512953530Z Stdout: [2;37m[ DEBUG   ]: 17:46:02 | EXEC: [mountpoint -q /tmp/build/image-root/dev][0m
2026-09-24T17:46:02.515400328Z Stdout: [2;37m[ DEBUG   ]: 17:46:02 | Looking for mountpoint in /usr/local/sbin:/usr/local/bin:/usr/sbin:/usr/bin[0m
2026-09-24T17:46:02.515404579Z Stdout: [2;37m[ DEBUG   ]: 17:46:02 | EXEC: [mountpoint -q /tmp/build/image-root/dev][0m
2026-09-24T17:46:02.517838060Z Stdout: [2;37m[ DEBUG   ]: 17:46:02 | Looking for umount in /usr/local/sbin:/usr/local/bin:/usr/sbin:/usr/bin[0m
2026-09-24T17:46:02.517842639Z Stdout: [2;37m[ DEBUG   ]: 17:46:02 | EXEC: [umount -l /tmp/build/image-root/dev][0m
2026-09-24T17:46:02.520115091Z Stdout: [2;37m[ DEBUG   ]: 17:46:02 | Looking for mountpoint in /usr/local/sbin:/usr/local/bin:/usr/sbin:/usr/bin[0m
2026-09-24T17:46:02.520198516Z Stdout: [2;37m[ DEBUG   ]: 17:46:02 | EXEC: [mountpoint -q /tmp/build/image-root/proc][0m
2026-09-24T17:46:02.522604261Z Stdout: [2;37m[ DEBUG   ]: 17:46:02 | Looking for mountpoint in /usr/local/sbin:/usr/local/bin:/usr/sbin:/usr/bin[0m
2026-09-24T17:46:02.522613491Z Stdout: [2;37m[ DEBUG   ]: 17:46:02 | EXEC: [mountpoint -q /tmp/build/image-root/proc][0m
2026-09-24T17:46:02.525065589Z Stdout: [2;37m[ DEBUG   ]: 17:46:02 | Looking for umount in /usr/local/sbin:/usr/local/bin:/usr/sbin:/usr/bin[0m
2026-09-24T17:46:02.525070021Z Stdout: [2;37m[ DEBUG   ]: 17:46:02 | EXEC: [umount -l /tmp/build/image-root/proc][0m
2026-09-24T17:46:02.527497136Z Stdout: [2;37m[ DEBUG   ]: 17:46:02 | Looking for mountpoint in /usr/local/sbin:/usr/local/bin:/usr/sbin:/usr/bin[0m
2026-09-24T17:46:02.527582212Z Stdout: [2;37m[ DEBUG   ]: 17:46:02 | EXEC: [mountpoint -q /tmp/build/image-root][0m
2026-09-24T17:46:02.529730479Z Stdout: [2;37m[ DEBUG   ]: 17:46:02 | Looking for mountpoint in /usr/local/sbin:/usr/local/bin:/usr/sbin:/usr/bin[0m
2026-09-24T17:46:02.529809887Z Stdout: [2;37m[ DEBUG   ]: 17:46:02 | EXEC: [mountpoint -q /tmp/build/image-root][0m
2026-09-24T17:46:02.532416640Z Stdout: [2;37m[ DEBUG   ]: 17:46:02 | Looking for umount in /usr/local/sbin:/usr/local/bin:/usr/sbin:/usr/bin[0m
2026-09-24T17:46:02.532421654Z Stdout: [2;37m[ DEBUG   ]: 17:46:02 | EXEC: [umount -l /tmp/build/image-root][0m
2026-09-24T17:46:02.535269546Z Stdout: [2;37m[ DEBUG   ]: 17:46:02 | Looking for rmdir in /usr/local/sbin:/usr/local/bin:/usr/sbin:/usr/bin[0m
2026-09-24T17:46:02.535274331Z Stdout: [2;37m[ DEBUG   ]: 17:46:02 | EXEC: [rmdir --ignore-fail-on-non-empty /tmp/build/image-root/var/cache/kiwi][0m
2026-09-24T17:46:02.537213444Z Stdout: [2;37m[ DEBUG   ]: 17:46:02 | Looking for rmdir in /usr/local/sbin:/usr/local/bin:/usr/sbin:/usr/bin[0m
2026-09-24T17:46:02.537293257Z Stdout: [2;37m[ DEBUG   ]: 17:46:02 | EXEC: [rmdir --ignore-fail-on-non-empty /tmp/build/image-root/var/cache][0m
2026-09-24T17:46:02.539324950Z Stdout: [2;37m[ DEBUG   ]: 17:46:02 | Looking for rmdir in /usr/local/sbin:/usr/local/bin:/usr/sbin:/usr/bin[0m
2026-09-24T17:46:02.539413073Z Stdout: [2;37m[ DEBUG   ]: 17:46:02 | EXEC: [rmdir --ignore-fail-on-non-empty /tmp/build/image-root/var][0m
2026-09-24T17:46:02.541943965Z Stdout: [2;37m[ DEBUG   ]: 17:46:02 | Looking for rm in /usr/local/sbin:/usr/local/bin:/usr/sbin:/usr/bin[0m
2026-09-24T17:46:02.542031918Z Stdout: [2;37m[ DEBUG   ]: 17:46:02 | EXEC: [rm -f /tmp/build/image-root/etc/resolv.conf][0m
2026-09-24T17:46:02.543990149Z Stdout: [2;37m[ DEBUG   ]: 17:46:02 | Looking for rm in /usr/local/sbin:/usr/local/bin:/usr/sbin:/usr/bin[0m
2026-09-24T17:46:02.544074661Z Stdout: [2;37m[ DEBUG   ]: 17:46:02 | EXEC: [rm -f /tmp/build/image-root/etc/hosts][0m
2026-09-24T17:46:02.546119254Z Stdout: [2;37m[ DEBUG   ]: 17:46:02 | Looking for rm in /usr/local/sbin:/usr/local/bin:/usr/sbin:/usr/bin[0m
2026-09-24T17:46:02.546204933Z Stdout: [2;37m[ DEBUG   ]: 17:46:02 | EXEC: [rm -f /tmp/build/image-root/etc/resolv.conf.kiwi /tmp/build/image-root/etc/resolv.conf.sha /tmp/build/image-root/etc/hosts.kiwi /tmp/build/image-root/etc/hosts.sha][0m
2026-09-24T17:46:02.548480671Z Stdout: [ INFO    ]: 17:46:02 | Creating system image
2026-09-24T17:46:02.548779704Z Stdout: [2;37m[ DEBUG   ]: 17:46:02 | Looking for chroot in /usr/local/sbin:/usr/local/bin:/usr/sbin:/usr/bin[0m
2026-09-24T17:46:02.548853362Z Stdout: [2;37m[ DEBUG   ]: 17:46:02 | EXEC: [chroot /tmp/build/image-root rpm -q --qf %{VERSION} dracut-kiwi-overlay][0m
2026-09-24T17:46:02.556976076Z Stdout: [2;37m[ DEBUG   ]: 17:46:02 | Looking for chroot in /usr/local/sbin:/usr/local/bin:/usr/sbin:/usr/bin[0m
2026-09-24T17:46:02.557243780Z Stdout: [2;37m[ DEBUG   ]: 17:46:02 | EXEC: [chroot /tmp/build/image-root rpm -q --qf %{VERSION} dracut-kiwi-lib][0m
2026-09-24T17:46:02.571696223Z Stdout: [2;37m[ DEBUG   ]: 17:46:02 | Looking for chroot in /usr/local/sbin:/usr/local/bin:/usr/sbin:/usr/bin[0m
2026-09-24T17:46:02.571708542Z Stdout: [2;37m[ DEBUG   ]: 17:46:02 | EXEC: [chroot /tmp/build/image-root dracut --list-modules --no-kernel][0m
2026-09-24T17:46:02.619675331Z Stdout: [2;37m[ DEBUG   ]: 17:46:02 | Looking for chroot in /usr/local/sbin:/usr/local/bin:/usr/sbin:/usr/bin[0m
2026-09-24T17:46:02.619727587Z Stdout: [2;37m[ DEBUG   ]: 17:46:02 | EXEC: [chroot /tmp/build/image-root cat /lib/modules/6.1.186-228.376.amzn2023.x86_64/modules.dep][0m
2026-09-24T17:46:02.624616118Z Stdout: [2;37m[ DEBUG   ]: 17:46:02 | Looking for bash in /usr/local/sbin:/usr/local/bin:/usr/sbin:/usr/bin[0m
2026-09-24T17:46:02.624623153Z Stdout: [2;37m[ DEBUG   ]: 17:46:02 | EXEC: [bash -c rm -f /tmp/build/image-root/recovery.*][0m
2026-09-24T17:46:02.627752268Z Stdout: [ INFO    ]: 17:46:02 | Preparing boot system
2026-09-24T17:46:02.627839002Z Stdout: [ INFO    ]: 17:46:02 | Precalculating required disk size
2026-09-24T17:46:02.627934402Z Stdout: [2;37m[ DEBUG   ]: 17:46:02 | Looking for du in /usr/local/sbin:/usr/local/bin:/usr/sbin:/usr/bin[0m
2026-09-24T17:46:02.628035182Z Stdout: [2;37m[ DEBUG   ]: 17:46:02 | EXEC: [du -s --apparent-size --block-size 1 --exclude /tmp/build/image-root/proc --exclude /tmp/build/image-root/sys --exclude /tmp/build/image-root/dev /tmp/build/image-root][0m
2026-09-24T17:46:02.809240196Z Stdout: [ INFO    ]: 17:46:02 | --> system data with filesystem overhead needs 1437 MB
2026-09-24T17:46:02.809247398Z Stdout: [ INFO    ]: 17:46:02 | --> EFI partition adding 200 MB
2026-09-24T17:46:02.809251871Z Stdout: [ INFO    ]: 17:46:02 | Using configured disk size: 4096 MB
2026-09-24T17:46:02.809255455Z Stdout: [ INFO    ]: 17:46:02 | Creating raw disk image /tmp/al2023-attestable-image-example.x86_64-1.0.0.raw
2026-09-24T17:46:02.809413365Z Stdout: [2;37m[ DEBUG   ]: 17:46:02 | Looking for qemu-img in /usr/local/sbin:/usr/local/bin:/usr/sbin:/usr/bin[0m
2026-09-24T17:46:02.809515711Z Stdout: [2;37m[ DEBUG   ]: 17:46:02 | EXEC: [qemu-img create /tmp/al2023-attestable-image-example.x86_64-1.0.0.raw 4096M][0m
2026-09-24T17:46:02.816346102Z Stdout: [2;37m[ DEBUG   ]: 17:46:02 | Looking for losetup in /usr/local/sbin:/usr/local/bin:/usr/sbin:/usr/bin[0m
2026-09-24T17:46:02.816352252Z Stdout: [2;37m[ DEBUG   ]: 17:46:02 | EXEC: [losetup -f --show /tmp/al2023-attestable-image-example.x86_64-1.0.0.raw][0m
2026-09-24T17:46:02.821289651Z Stdout: [2;37m[ DEBUG   ]: 17:46:02 | Looking for systemd-id128 in /usr/local/sbin:/usr/local/bin:/usr/sbin:/usr/bin[0m
2026-09-24T17:46:02.821411258Z Stdout: [2;37m[ DEBUG   ]: 17:46:02 | EXEC: [systemd-id128 show][0m
2026-09-24T17:46:02.828275497Z Stdout: [2;37m[ DEBUG   ]: 17:46:02 | Initialize gpt disk[0m
2026-09-24T17:46:02.828329740Z Stdout: [2;37m[ DEBUG   ]: 17:46:02 | Looking for sgdisk in /usr/local/sbin:/usr/local/bin:/usr/sbin:/usr/bin[0m
2026-09-24T17:46:02.828409235Z Stdout: [2;37m[ DEBUG   ]: 17:46:02 | EXEC: [sgdisk --zap-all /dev/loop0][0m
2026-09-24T17:46:03.851470500Z Stdout: [ INFO    ]: 17:46:03 | --> creating EFI partition
2026-09-24T17:46:03.851482322Z Stdout: [2;37m[ DEBUG   ]: 17:46:03 | Looking for sgdisk in /usr/local/sbin:/usr/local/bin:/usr/sbin:/usr/bin[0m
2026-09-24T17:46:03.851672260Z Stdout: [2;37m[ DEBUG   ]: 17:46:03 | EXEC: [sgdisk -n 1:2048:+200M -c 1:p.UEFI /dev/loop0][0m
2026-09-24T17:46:04.860357033Z Stdout: [2;37m[ DEBUG   ]: 17:46:04 | Looking for sgdisk in /usr/local/sbin:/usr/local/bin:/usr/sbin:/usr/bin[0m
2026-09-24T17:46:04.860367827Z Stdout: [2;37m[ DEBUG   ]: 17:46:04 | EXEC: [sgdisk -t 1:EF00 /dev/loop0][0m
2026-09-24T17:46:05.872392604Z Stdout: [2;37m[ DEBUG   ]: 17:46:05 | Looking for sgdisk in /usr/local/sbin:/usr/local/bin:/usr/sbin:/usr/bin[0m
2026-09-24T17:46:05.872403580Z Stdout: [2;37m[ DEBUG   ]: 17:46:05 | EXEC: [sgdisk --typecode 1:c12a7328f81f11d2ba4b00a0c93ec93b /dev/loop0][0m
2026-09-24T17:46:06.880502793Z Stdout: [ INFO    ]: 17:46:06 | --> creating readonly root partition
2026-09-24T17:46:06.880525331Z Stdout: [2;37m[ DEBUG   ]: 17:46:06 | Looking for sgdisk in /usr/local/sbin:/usr/local/bin:/usr/sbin:/usr/bin[0m
2026-09-24T17:46:06.880633122Z Stdout: [2;37m[ DEBUG   ]: 17:46:06 | EXEC: [sgdisk -n 2:0:+2048M -c 2:p.lxreadonly /dev/loop0][0m
2026-09-24T17:46:07.889835110Z Stdout: [2;37m[ DEBUG   ]: 17:46:07 | Looking for sgdisk in /usr/local/sbin:/usr/local/bin:/usr/sbin:/usr/bin[0m
2026-09-24T17:46:07.889935817Z Stdout: [2;37m[ DEBUG   ]: 17:46:07 | EXEC: [sgdisk -t 2:8300 /dev/loop0][0m
2026-09-24T17:46:08.898526420Z Stdout: [2;37m[ DEBUG   ]: 17:46:08 | Looking for sgdisk in /usr/local/sbin:/usr/local/bin:/usr/sbin:/usr/bin[0m
2026-09-24T17:46:08.898640841Z Stdout: [2;37m[ DEBUG   ]: 17:46:08 | EXEC: [sgdisk --typecode 2:4f68bce3e8cd4db196e7fbcaf984b709 /dev/loop0][0m
2026-09-24T17:46:09.906243908Z Stdout: [ INFO    ]: 17:46:09 | --> Using all_freeMB for the root(rw) partition if present
2026-09-24T17:46:09.906253845Z Stdout: [3;33m[ WARNING ]: 17:46:09 | --> overlayroot explicitly requested no write partition[0m
2026-09-24T17:46:09.906329444Z Stdout: [2;37m[ DEBUG   ]: 17:46:09 | Looking for partx in /usr/local/sbin:/usr/local/bin:/usr/sbin:/usr/bin[0m
2026-09-24T17:46:09.906455925Z Stdout: [2;37m[ DEBUG   ]: 17:46:09 | EXEC: [partx --add /dev/loop0][0m
2026-09-24T17:46:09.910111390Z Stdout: [ INFO    ]: 17:46:09 | Creating EFI(fat16) filesystem on /dev/loop0p1
2026-09-24T17:46:09.910701381Z Stdout: [2;37m[ DEBUG   ]: 17:46:09 | Looking for mkdosfs in /usr/local/sbin:/usr/local/bin:/usr/sbin:/usr/bin[0m
2026-09-24T17:46:09.910798586Z Stdout: [2;37m[ DEBUG   ]: 17:46:09 | EXEC: [mkdosfs -F16 -I -n EFI -i F9D360A2 /dev/loop0p1][0m
2026-09-24T17:46:09.916848102Z Stdout: [2;37m[ DEBUG   ]: 17:46:09 | Looking for blkid in /usr/local/sbin:/usr/local/bin:/usr/sbin:/usr/bin[0m
2026-09-24T17:46:09.916947386Z Stdout: [2;37m[ DEBUG   ]: 17:46:09 | EXEC: [blkid /dev/loop0p2 -s PARTUUID -o value][0m
2026-09-24T17:46:09.920799390Z Stdout: [2;37m[ DEBUG   ]: 17:46:09 | Looking for blkid in /usr/local/sbin:/usr/local/bin:/usr/sbin:/usr/bin[0m
2026-09-24T17:46:09.920885496Z Stdout: [2;37m[ DEBUG   ]: 17:46:09 | EXEC: [blkid /dev/loop0p2 -s UUID -o value][0m
2026-09-24T17:46:09.924628618Z Stdout: [ INFO    ]: 17:46:09 | Creating config.partids in boot system
2026-09-24T17:46:09.924795295Z Stdout: [ INFO    ]: 17:46:09 | Export modprobe configuration
2026-09-24T17:46:09.924860455Z Stdout: [2;37m[ DEBUG   ]: 17:46:09 | Creating directory /tmp/build/image-root/etc[0m
2026-09-24T17:46:09.925015715Z Stdout: [2;37m[ DEBUG   ]: 17:46:09 | Looking for rsync in /usr/local/sbin:/usr/local/bin:/usr/sbin:/usr/bin[0m
2026-09-24T17:46:09.925129519Z Stdout: [2;37m[ DEBUG   ]: 17:46:09 | EXEC: [rsync -a /tmp/build/image-root/etc/modprobe.d /tmp/build/image-root/etc/][0m
2026-09-24T17:46:09.970296535Z Stdout: [ INFO    ]: 17:46:09 | Creating image identifier: 0xd26e0887
2026-09-24T17:46:09.970424281Z Stdout: [ INFO    ]: 17:46:09 | Creating generic system etc/fstab
2026-09-24T17:46:09.970627681Z Stdout: [2;37m[ DEBUG   ]: 17:46:09 | Looking for blkid in /usr/local/sbin:/usr/local/bin:/usr/sbin:/usr/bin[0m
2026-09-24T17:46:09.970747649Z Stdout: [2;37m[ DEBUG   ]: 17:46:09 | EXEC: [blkid /dev/loop0p2 -s TYPE -o value][0m
2026-09-24T17:46:09.977013410Z Stdout: [2;37m[ DEBUG   ]: 17:46:09 | Looking for blkid in /usr/local/sbin:/usr/local/bin:/usr/sbin:/usr/bin[0m
2026-09-24T17:46:09.977114195Z Stdout: [2;37m[ DEBUG   ]: 17:46:09 | EXEC: [blkid /dev/loop0p2 -s UUID -o value][0m
2026-09-24T17:46:09.980702235Z Stdout: [2;37m[ DEBUG   ]: 17:46:09 | Looking for blkid in /usr/local/sbin:/usr/local/bin:/usr/sbin:/usr/bin[0m
2026-09-24T17:46:09.980779623Z Stdout: [2;37m[ DEBUG   ]: 17:46:09 | EXEC: [blkid /dev/loop0p1 -s TYPE -o value][0m
2026-09-24T17:46:09.985695864Z Stdout: [2;37m[ DEBUG   ]: 17:46:09 | Looking for blkid in /usr/local/sbin:/usr/local/bin:/usr/sbin:/usr/bin[0m
2026-09-24T17:46:09.985766318Z Stdout: [2;37m[ DEBUG   ]: 17:46:09 | EXEC: [blkid /dev/loop0p1 -s UUID -o value][0m
2026-09-24T17:46:09.989236346Z Stdout: [2;37m[ DEBUG   ]: 17:46:09 | EXEC: [chroot /tmp/build/image-root bash /etc/fstab.script][0m
2026-09-24T17:46:09.989272166Z Stdout: [2;37m[ DEBUG   ]: 17:46:09 | Looking for chroot in /usr/local/sbin:/usr/local/bin:/usr/sbin:/usr/bin[0m
2026-09-24T17:46:09.991031625Z Stdout: [ INFO    ]: 17:46:09 | Calling etc/fstab.script script
2026-09-24T17:46:09.991089499Z Stdout: [2;37m[ DEBUG   ]: 17:46:09 | --------------out start-------------[0m
2026-09-24T17:46:09.993641941Z Stdout: [2;37m[ DEBUG   ]: 17:46:09 | --------------out stop--------------[0m
2026-09-24T17:46:09.993914788Z Stdout: [2;37m[ DEBUG   ]: 17:46:09 | Looking for setfiles in /tmp/build/image-root/usr/local/sbin:/tmp/build/image-root/usr/local/bin:/tmp/build/image-root/usr/sbin:/tmp/build/image-root/usr/bin[0m
2026-09-24T17:46:09.993922132Z Stdout: [ INFO    ]: 17:46:09 | Processing SELinux file security contexts
2026-09-24T17:46:09.993925047Z Stdout: [2;37m[ DEBUG   ]: 17:46:09 | Looking for chroot in /usr/local/sbin:/usr/local/bin:/usr/sbin:/usr/bin[0m
2026-09-24T17:46:09.993929121Z Stdout: [2;37m[ DEBUG   ]: 17:46:09 | EXEC: [chroot /tmp/build/image-root setfiles --help][0m
2026-09-24T17:46:09.996681871Z Stdout: [2;37m[ DEBUG   ]: 17:46:09 | Looking for chroot in /usr/local/sbin:/usr/local/bin:/usr/sbin:/usr/bin[0m
2026-09-24T17:46:09.996688700Z Stdout: [2;37m[ DEBUG   ]: 17:46:09 | EXEC: [chroot /tmp/build/image-root setfiles -T0 -F -p -c /etc/selinux/targeted/policy/policy.33 -e /proc -e /sys -e /dev /etc/selinux/targeted/contexts/files/file_contexts /][0m
2026-09-24T17:46:12.018794805Z Stdout: [2;37m[ DEBUG   ]: 17:46:12 | Looking for rm in /usr/local/sbin:/usr/local/bin:/usr/sbin:/usr/bin[0m
2026-09-24T17:46:12.018900621Z Stdout: [2;37m[ DEBUG   ]: 17:46:12 | EXEC: [rm -r -f /tmp/build/image-root/etc/fstab.script][0m
2026-09-24T17:46:12.023770081Z Stdout: [ INFO    ]: 17:46:12 | Creating systemd_boot bootloader configuration
2026-09-24T17:46:12.023834871Z Stdout: [2;37m[ DEBUG   ]: 17:46:12 | Looking for blkid in /usr/local/sbin:/usr/local/bin:/usr/sbin:/usr/bin[0m
2026-09-24T17:46:12.023907158Z Stdout: [2;37m[ DEBUG   ]: 17:46:12 | EXEC: [blkid /dev/loop0p1 -s UUID -o value][0m
2026-09-24T17:46:12.028502871Z Stdout: [2;37m[ DEBUG   ]: 17:46:12 | Looking for blkid in /usr/local/sbin:/usr/local/bin:/usr/sbin:/usr/bin[0m
2026-09-24T17:46:12.028508335Z Stdout: [2;37m[ DEBUG   ]: 17:46:12 | EXEC: [blkid /dev/loop0p2 -s UUID -o value][0m
2026-09-24T17:46:12.032956400Z Stdout: [2;37m[ DEBUG   ]: 17:46:12 | Creating directory /tmp/build/image-root/boot/efi/EFI/BOOT[0m
2026-09-24T17:46:12.032963050Z Stdout: [ INFO    ]: 17:46:12 | Creating config.bootoptions
2026-09-24T17:46:12.034072695Z Stdout: [ INFO    ]: 17:46:12 | Syncing system to image
2026-09-24T17:46:12.034078332Z Stdout: [ INFO    ]: 17:46:12 | --> Syncing EFI boot data to EFI partition
2026-09-24T17:46:12.034265060Z Stdout: [2;37m[ DEBUG   ]: 17:46:12 | Looking for mountpoint in /usr/local/sbin:/usr/local/bin:/usr/sbin:/usr/bin[0m
2026-09-24T17:46:12.034369584Z Stdout: [2;37m[ DEBUG   ]: 17:46:12 | EXEC: [mountpoint -q /var/tmp/kiwi_mount_manager.fc6hsp32][0m
2026-09-24T17:46:12.036781151Z Stdout: [2;37m[ DEBUG   ]: 17:46:12 | Looking for mount in /usr/local/sbin:/usr/local/bin:/usr/sbin:/usr/bin[0m
2026-09-24T17:46:12.036870067Z Stdout: [2;37m[ DEBUG   ]: 17:46:12 | EXEC: [mount /dev/loop0p1 /var/tmp/kiwi_mount_manager.fc6hsp32][0m
2026-09-24T17:46:12.040612902Z Stdout: [3;33m[ WARNING ]: 17:46:12 | Extended attributes not supported for target: /var/tmp/kiwi_mount_manager.fc6hsp32[0m
2026-09-24T17:46:12.040710109Z Stdout: [2;37m[ DEBUG   ]: 17:46:12 | Looking for rsync in /usr/local/sbin:/usr/local/bin:/usr/sbin:/usr/bin[0m
2026-09-24T17:46:12.040809619Z Stdout: [2;37m[ DEBUG   ]: 17:46:12 | EXEC: [rsync --archive --hard-links --one-file-system --inplace /tmp/build/image-root/boot/efi/ /var/tmp/kiwi_mount_manager.fc6hsp32][0m
2026-09-24T17:46:12.085739494Z Stdout: [ INFO    ]: 17:46:12 | --> Syncing root filesystem data
2026-09-24T17:46:12.086392641Z Stdout: [2;37m[ DEBUG   ]: 17:46:12 | Creating directory /tmp/build/image-root/boot[0m
2026-09-24T17:46:12.086558211Z Stdout: [2;37m[ DEBUG   ]: 17:46:12 | Looking for mkfs.erofs in /usr/local/sbin:/usr/local/bin:/usr/sbin:/usr/bin[0m
2026-09-24T17:46:12.086660408Z Stdout: [2;37m[ DEBUG   ]: 17:46:12 | EXEC: [mkfs.erofs --exclude-regex=^.kconfig$ --exclude-regex=^run/.*$ --exclude-regex=^tmp/.*$ --exclude-regex=^.buildenv$ --exclude-regex=^var/cache/kiwi$ --exclude-regex=^boot/efi/.*$ --exclude-regex=^boot/efi/..*$ --exclude-regex=^image/.*$ /var/tmp/kiwi_yw3wn_wa /tmp/build/image-root][0m
2026-09-24T17:46:13.284555158Z Stdout: [2;37m[ DEBUG   ]: 17:46:13 | Looking for mountpoint in /usr/local/sbin:/usr/local/bin:/usr/sbin:/usr/bin[0m
2026-09-24T17:46:13.284563649Z Stdout: [2;37m[ DEBUG   ]: 17:46:13 | EXEC: [mountpoint -q /tmp/build/image-root/boot][0m
2026-09-24T17:46:13.287763117Z Stdout: [ INFO    ]: 17:46:13 | --> Creating dm verity hash (all blocks)...
2026-09-24T17:46:13.287769717Z Stdout: [2;37m[ DEBUG   ]: 17:46:13 | Looking for veritysetup in /usr/local/sbin:/usr/local/bin:/usr/sbin:/usr/bin[0m
2026-09-24T17:46:13.287869052Z Stdout: [2;37m[ DEBUG   ]: 17:46:13 | EXEC: [veritysetup format /var/tmp/kiwi_yw3wn_wa /var/tmp/kiwi_yw3wn_wa --hash-offset=1009901568 --hash-block-size=4096][0m
2026-09-24T17:46:20.896545665Z Stdout: [2;37m[ DEBUG   ]: 17:46:20 | --> dm verity metadata: {'UUID': '4b963d74-2e31-4f79-99ac-8e76d1a05835', 'Hashtype': '1', 'Datablocks': '246558', 'Datablocksize': '4096', 'Hashblocks': '1944', 'Hashblocksize': '4096', 'Hashalgorithm': 'sha256', 'Salt': '20cd4e6d20d1c3b033b3832711e667a309b9717800a5e66af5b6863ad0bc2db6', 'Roothash': 'c32e845265c043755c854f7ebeeab3a43e7655af7f16afac804ab2b6ec3d4790'}[0m
2026-09-24T17:46:20.896557360Z Stdout: [2;37m[ DEBUG   ]: 17:46:20 | Looking for blockdev in /usr/local/sbin:/usr/local/bin:/usr/sbin:/usr/bin[0m
2026-09-24T17:46:20.896805336Z Stdout: [2;37m[ DEBUG   ]: 17:46:20 | EXEC: [blockdev --getsize64 /dev/loop0p2][0m
2026-09-24T17:46:20.901768944Z Stdout: [ INFO    ]: 17:46:20 | --> Dumping rootfs file(1017868288 bytes) -> /dev/loop0p2(2147483648 bytes)
2026-09-24T17:46:20.901774506Z Stdout: [2;37m[ DEBUG   ]: 17:46:20 | Looking for dd in /usr/local/sbin:/usr/local/bin:/usr/sbin:/usr/bin[0m
2026-09-24T17:46:20.902048540Z Stdout: [2;37m[ DEBUG   ]: 17:46:20 | EXEC: [dd if=/var/tmp/kiwi_yw3wn_wa of=/dev/loop0p2][0m
2026-09-24T17:46:25.563572102Z Stdout: [ INFO    ]: 17:46:25 | Creating generic boot image etc/veritytab
2026-09-24T17:46:25.563580099Z Stdout: [2;37m[ DEBUG   ]: 17:46:25 | Looking for blkid in /usr/local/sbin:/usr/local/bin:/usr/sbin:/usr/bin[0m
2026-09-24T17:46:25.563928260Z Stdout: [2;37m[ DEBUG   ]: 17:46:25 | EXEC: [blkid /dev/loop0p2 -s TYPE -o value][0m
2026-09-24T17:46:25.568626161Z Stdout: [2;37m[ DEBUG   ]: 17:46:25 | Looking for blkid in /usr/local/sbin:/usr/local/bin:/usr/sbin:/usr/bin[0m
2026-09-24T17:46:25.568633031Z Stdout: [2;37m[ DEBUG   ]: 17:46:25 | EXEC: [blkid /dev/loop0p2 -s UUID -o value][0m
2026-09-24T17:46:25.571203107Z Stdout: [2;37m[ DEBUG   ]: 17:46:25 | Looking for mountpoint in /usr/local/sbin:/usr/local/bin:/usr/sbin:/usr/bin[0m
2026-09-24T17:46:25.571276312Z Stdout: [2;37m[ DEBUG   ]: 17:46:25 | EXEC: [mountpoint -q /var/tmp/kiwi_mount_manager.q7utou0c][0m
2026-09-24T17:46:25.573749766Z Stdout: [2;37m[ DEBUG   ]: 17:46:25 | Looking for mount in /usr/local/sbin:/usr/local/bin:/usr/sbin:/usr/bin[0m
2026-09-24T17:46:25.573754123Z Stdout: [2;37m[ DEBUG   ]: 17:46:25 | EXEC: [mount /dev/loop0p2 /var/tmp/kiwi_mount_manager.q7utou0c][0m
2026-09-24T17:46:25.591768183Z Stdout: [2;37m[ DEBUG   ]: 17:46:25 | Creating directory /var/tmp/kiwi_mount_manager.q7utou0c/boot[0m
2026-09-24T17:46:25.591829302Z Stdout: [2;37m[ DEBUG   ]: 17:46:25 | Creating directory /var/tmp/kiwi_mount_manager.q7utou0c/boot/efi[0m
2026-09-24T17:46:25.591986183Z Stdout: [2;37m[ DEBUG   ]: 17:46:25 | Looking for mountpoint in /usr/local/sbin:/usr/local/bin:/usr/sbin:/usr/bin[0m
2026-09-24T17:46:25.592093703Z Stdout: [2;37m[ DEBUG   ]: 17:46:25 | EXEC: [mountpoint -q /var/tmp/kiwi_mount_manager.q7utou0c/boot/efi][0m
2026-09-24T17:46:25.594578912Z Stdout: [2;37m[ DEBUG   ]: 17:46:25 | Looking for mount in /usr/local/sbin:/usr/local/bin:/usr/sbin:/usr/bin[0m
2026-09-24T17:46:25.594710781Z Stdout: [2;37m[ DEBUG   ]: 17:46:25 | EXEC: [mount /dev/loop0p1 /var/tmp/kiwi_mount_manager.q7utou0c/boot/efi][0m
2026-09-24T17:46:25.598487226Z Stdout: [2;37m[ DEBUG   ]: 17:46:25 | Creating directory /var/tmp/kiwi_mount_manager.q7utou0c/image[0m
2026-09-24T17:46:25.598812711Z Stdout: [2;37m[ DEBUG   ]: 17:46:25 | Looking for mountpoint in /usr/local/sbin:/usr/local/bin:/usr/sbin:/usr/bin[0m
2026-09-24T17:46:25.598819504Z Stdout: [2;37m[ DEBUG   ]: 17:46:25 | EXEC: [mountpoint -q /var/tmp/kiwi_mount_manager.q7utou0c/image][0m
2026-09-24T17:46:25.601263267Z Stdout: [2;37m[ DEBUG   ]: 17:46:25 | Looking for mount in /usr/local/sbin:/usr/local/bin:/usr/sbin:/usr/bin[0m
2026-09-24T17:46:25.601364294Z Stdout: [2;37m[ DEBUG   ]: 17:46:25 | EXEC: [mount -n --bind /tmp/build/image-root/image /var/tmp/kiwi_mount_manager.q7utou0c/image][0m
2026-09-24T17:46:25.603579658Z Stdout: [2;37m[ DEBUG   ]: 17:46:25 | Creating directory /var/tmp/kiwi_mount_manager.q7utou0c/tmp[0m
2026-09-24T17:46:25.603870130Z Stdout: [2;37m[ DEBUG   ]: 17:46:25 | Looking for mountpoint in /usr/local/sbin:/usr/local/bin:/usr/sbin:/usr/bin[0m
2026-09-24T17:46:25.603986263Z Stdout: [2;37m[ DEBUG   ]: 17:46:25 | EXEC: [mountpoint -q /var/tmp/kiwi_mount_manager.q7utou0c/tmp][0m
2026-09-24T17:46:25.606383376Z Stdout: [2;37m[ DEBUG   ]: 17:46:25 | Looking for mount in /usr/local/sbin:/usr/local/bin:/usr/sbin:/usr/bin[0m
2026-09-24T17:46:25.606519470Z Stdout: [2;37m[ DEBUG   ]: 17:46:25 | EXEC: [mount -t tmpfs tmpfs /var/tmp/kiwi_mount_manager.q7utou0c/tmp][0m
2026-09-24T17:46:25.608859972Z Stdout: [2;37m[ DEBUG   ]: 17:46:25 | Creating directory /var/tmp/kiwi_mount_manager.q7utou0c/var/tmp[0m
2026-09-24T17:46:25.609106457Z Stdout: [2;37m[ DEBUG   ]: 17:46:25 | Looking for mountpoint in /usr/local/sbin:/usr/local/bin:/usr/sbin:/usr/bin[0m
2026-09-24T17:46:25.609223527Z Stdout: [2;37m[ DEBUG   ]: 17:46:25 | EXEC: [mountpoint -q /var/tmp/kiwi_mount_manager.q7utou0c/var/tmp][0m
2026-09-24T17:46:25.612059120Z Stdout: [2;37m[ DEBUG   ]: 17:46:25 | Looking for mount in /usr/local/sbin:/usr/local/bin:/usr/sbin:/usr/bin[0m
2026-09-24T17:46:25.612070360Z Stdout: [2;37m[ DEBUG   ]: 17:46:25 | EXEC: [mount -t tmpfs tmpfs /var/tmp/kiwi_mount_manager.q7utou0c/var/tmp][0m
2026-09-24T17:46:25.614194634Z Stdout: [2;37m[ DEBUG   ]: 17:46:25 | Creating directory /var/tmp/kiwi_mount_manager.q7utou0c/proc[0m
2026-09-24T17:46:25.614474242Z Stdout: [2;37m[ DEBUG   ]: 17:46:25 | Looking for mountpoint in /usr/local/sbin:/usr/local/bin:/usr/sbin:/usr/bin[0m
2026-09-24T17:46:25.614478753Z Stdout: [2;37m[ DEBUG   ]: 17:46:25 | EXEC: [mountpoint -q /var/tmp/kiwi_mount_manager.q7utou0c/proc][0m
2026-09-24T17:46:25.617071248Z Stdout: [2;37m[ DEBUG   ]: 17:46:25 | Looking for mount in /usr/local/sbin:/usr/local/bin:/usr/sbin:/usr/bin[0m
2026-09-24T17:46:25.617075042Z Stdout: [2;37m[ DEBUG   ]: 17:46:25 | EXEC: [mount -n --bind /proc /var/tmp/kiwi_mount_manager.q7utou0c/proc][0m
2026-09-24T17:46:25.619415255Z Stdout: [2;37m[ DEBUG   ]: 17:46:25 | Creating directory /var/tmp/kiwi_mount_manager.q7utou0c/sys[0m
2026-09-24T17:46:25.619491650Z Stdout: [2;37m[ DEBUG   ]: 17:46:25 | Looking for mountpoint in /usr/local/sbin:/usr/local/bin:/usr/sbin:/usr/bin[0m
2026-09-24T17:46:25.619609125Z Stdout: [2;37m[ DEBUG   ]: 17:46:25 | EXEC: [mountpoint -q /var/tmp/kiwi_mount_manager.q7utou0c/sys][0m
2026-09-24T17:46:25.622160268Z Stdout: [2;37m[ DEBUG   ]: 17:46:25 | Looking for mount in /usr/local/sbin:/usr/local/bin:/usr/sbin:/usr/bin[0m
2026-09-24T17:46:25.622270083Z Stdout: [2;37m[ DEBUG   ]: 17:46:25 | EXEC: [mount -n --bind /sys /var/tmp/kiwi_mount_manager.q7utou0c/sys][0m
2026-09-24T17:46:25.624538542Z Stdout: [2;37m[ DEBUG   ]: 17:46:25 | Creating directory /var/tmp/kiwi_mount_manager.q7utou0c/dev[0m
2026-09-24T17:46:25.624741703Z Stdout: [2;37m[ DEBUG   ]: 17:46:25 | Looking for mountpoint in /usr/local/sbin:/usr/local/bin:/usr/sbin:/usr/bin[0m
2026-09-24T17:46:25.624849077Z Stdout: [2;37m[ DEBUG   ]: 17:46:25 | EXEC: [mountpoint -q /var/tmp/kiwi_mount_manager.q7utou0c/dev][0m
2026-09-24T17:46:25.627495797Z Stdout: [2;37m[ DEBUG   ]: 17:46:25 | Looking for mount in /usr/local/sbin:/usr/local/bin:/usr/sbin:/usr/bin[0m
2026-09-24T17:46:25.627499753Z Stdout: [2;37m[ DEBUG   ]: 17:46:25 | EXEC: [mount -n --bind /dev /var/tmp/kiwi_mount_manager.q7utou0c/dev][0m
2026-09-24T17:46:25.630261570Z Stdout: [2;37m[ DEBUG   ]: 17:46:25 | Creating directory /var/tmp/kiwi_mount_manager.avz5l64_/boot[0m
2026-09-24T17:46:25.630432584Z Stdout: [2;37m[ DEBUG   ]: 17:46:25 | Creating directory /var/tmp/kiwi_mount_manager.avz5l64_/boot/efi[0m
2026-09-24T17:46:25.630589339Z Stdout: [2;37m[ DEBUG   ]: 17:46:25 | Looking for mountpoint in /usr/local/sbin:/usr/local/bin:/usr/sbin:/usr/bin[0m
2026-09-24T17:46:25.630704195Z Stdout: [2;37m[ DEBUG   ]: 17:46:25 | EXEC: [mountpoint -q /var/tmp/kiwi_mount_manager.avz5l64_][0m
2026-09-24T17:46:25.633111260Z Stdout: [2;37m[ DEBUG   ]: 17:46:25 | Looking for mount in /usr/local/sbin:/usr/local/bin:/usr/sbin:/usr/bin[0m
2026-09-24T17:46:25.633221800Z Stdout: [2;37m[ DEBUG   ]: 17:46:25 | EXEC: [mount /dev/loop0p2 /var/tmp/kiwi_mount_manager.avz5l64_][0m
2026-09-24T17:46:25.637372780Z Stdout: [2;37m[ DEBUG   ]: 17:46:25 | Looking for mountpoint in /usr/local/sbin:/usr/local/bin:/usr/sbin:/usr/bin[0m
2026-09-24T17:46:25.637532744Z Stdout: [2;37m[ DEBUG   ]: 17:46:25 | EXEC: [mountpoint -q /var/tmp/kiwi_mount_manager.avz5l64_/boot/efi][0m
2026-09-24T17:46:25.639843147Z Stdout: [2;37m[ DEBUG   ]: 17:46:25 | Looking for mount in /usr/local/sbin:/usr/local/bin:/usr/sbin:/usr/bin[0m
2026-09-24T17:46:25.639959093Z Stdout: [2;37m[ DEBUG   ]: 17:46:25 | EXEC: [mount /dev/loop0p1 /var/tmp/kiwi_mount_manager.avz5l64_/boot/efi][0m
2026-09-24T17:46:25.643000213Z Stdout: [2;37m[ DEBUG   ]: 17:46:25 | Creating directory /var/tmp/kiwi_mount_manager.avz5l64_/tmp[0m
2026-09-24T17:46:25.643215507Z Stdout: [2;37m[ DEBUG   ]: 17:46:25 | Looking for mountpoint in /usr/local/sbin:/usr/local/bin:/usr/sbin:/usr/bin[0m
2026-09-24T17:46:25.643343811Z Stdout: [2;37m[ DEBUG   ]: 17:46:25 | EXEC: [mountpoint -q /var/tmp/kiwi_mount_manager.avz5l64_/tmp][0m
2026-09-24T17:46:25.645803701Z Stdout: [2;37m[ DEBUG   ]: 17:46:25 | Looking for mount in /usr/local/sbin:/usr/local/bin:/usr/sbin:/usr/bin[0m
2026-09-24T17:46:25.645808366Z Stdout: [2;37m[ DEBUG   ]: 17:46:25 | EXEC: [mount -n --bind /tmp /var/tmp/kiwi_mount_manager.avz5l64_/tmp][0m
2026-09-24T17:46:25.648267524Z Stdout: [2;37m[ DEBUG   ]: 17:46:25 | Creating directory /var/tmp/kiwi_mount_manager.avz5l64_/etc/kernel[0m
2026-09-24T17:46:25.648449754Z Stdout: [2;37m[ DEBUG   ]: 17:46:25 | Looking for mountpoint in /usr/local/sbin:/usr/local/bin:/usr/sbin:/usr/bin[0m
2026-09-24T17:46:25.648568087Z Stdout: [2;37m[ DEBUG   ]: 17:46:25 | EXEC: [mountpoint -q /var/tmp/kiwi_mount_manager.avz5l64_/etc/kernel][0m
2026-09-24T17:46:25.651108758Z Stdout: [2;37m[ DEBUG   ]: 17:46:25 | Looking for mount in /usr/local/sbin:/usr/local/bin:/usr/sbin:/usr/bin[0m
2026-09-24T17:46:25.651230204Z Stdout: [2;37m[ DEBUG   ]: 17:46:25 | EXEC: [mount /dev/loop0p1 /var/tmp/kiwi_mount_manager.avz5l64_/etc/kernel][0m
2026-09-24T17:46:25.653966910Z Stdout: [2;37m[ DEBUG   ]: 17:46:25 | Creating directory /var/tmp/kiwi_mount_manager.avz5l64_/dev[0m
2026-09-24T17:46:25.654145063Z Stdout: [2;37m[ DEBUG   ]: 17:46:25 | Creating directory /var/tmp/kiwi_mount_manager.avz5l64_/proc[0m
2026-09-24T17:46:25.654227533Z Stdout: [2;37m[ DEBUG   ]: 17:46:25 | Creating directory /var/tmp/kiwi_mount_manager.avz5l64_/sys[0m
2026-09-24T17:46:25.654342415Z Stdout: [2;37m[ DEBUG   ]: 17:46:25 | Looking for mountpoint in /usr/local/sbin:/usr/local/bin:/usr/sbin:/usr/bin[0m
2026-09-24T17:46:25.654455230Z Stdout: [2;37m[ DEBUG   ]: 17:46:25 | EXEC: [mountpoint -q /var/tmp/kiwi_mount_manager.avz5l64_/dev][0m
2026-09-24T17:46:25.656736805Z Stdout: [2;37m[ DEBUG   ]: 17:46:25 | Looking for mount in /usr/local/sbin:/usr/local/bin:/usr/sbin:/usr/bin[0m
2026-09-24T17:46:25.656856985Z Stdout: [2;37m[ DEBUG   ]: 17:46:25 | EXEC: [mount -n --bind /dev /var/tmp/kiwi_mount_manager.avz5l64_/dev][0m
2026-09-24T17:46:25.659384258Z Stdout: [2;37m[ DEBUG   ]: 17:46:25 | Looking for mountpoint in /usr/local/sbin:/usr/local/bin:/usr/sbin:/usr/bin[0m
2026-09-24T17:46:25.659389584Z Stdout: [2;37m[ DEBUG   ]: 17:46:25 | EXEC: [mountpoint -q /var/tmp/kiwi_mount_manager.avz5l64_/proc][0m
2026-09-24T17:46:25.662023256Z Stdout: [2;37m[ DEBUG   ]: 17:46:25 | Looking for mount in /usr/local/sbin:/usr/local/bin:/usr/sbin:/usr/bin[0m
2026-09-24T17:46:25.662135347Z Stdout: [2;37m[ DEBUG   ]: 17:46:25 | EXEC: [mount -n --bind /proc /var/tmp/kiwi_mount_manager.avz5l64_/proc][0m
2026-09-24T17:46:25.664365587Z Stdout: [2;37m[ DEBUG   ]: 17:46:25 | Looking for mountpoint in /usr/local/sbin:/usr/local/bin:/usr/sbin:/usr/bin[0m
2026-09-24T17:46:25.664529164Z Stdout: [2;37m[ DEBUG   ]: 17:46:25 | EXEC: [mountpoint -q /var/tmp/kiwi_mount_manager.avz5l64_/sys][0m
2026-09-24T17:46:25.666857508Z Stdout: [2;37m[ DEBUG   ]: 17:46:25 | Looking for mount in /usr/local/sbin:/usr/local/bin:/usr/sbin:/usr/bin[0m
2026-09-24T17:46:25.666982689Z Stdout: [2;37m[ DEBUG   ]: 17:46:25 | EXEC: [mount -n --bind /sys /var/tmp/kiwi_mount_manager.avz5l64_/sys][0m
2026-09-24T17:46:25.669925463Z Stdout: [2;37m[ DEBUG   ]: 17:46:25 | Looking for chroot in /usr/local/sbin:/usr/local/bin:/usr/sbin:/usr/bin[0m
2026-09-24T17:46:25.670063681Z Stdout: [2;37m[ DEBUG   ]: 17:46:25 | EXEC: [chroot /var/tmp/kiwi_mount_manager.avz5l64_ bootctl install --esp-path=/boot/efi --no-variables --entry-token os-id][0m
2026-09-24T17:46:25.683948099Z Stdout: [2;37m[ DEBUG   ]: 17:46:25 | Creating directory /var/tmp/kiwi_mount_manager.avz5l64_/etc/kernel[0m
2026-09-24T17:46:25.684443110Z Stdout: [2;37m[ DEBUG   ]: 17:46:25 | Creating directory /var/tmp/kiwi_mount_manager.avz5l64_/boot/efi/loader[0m
2026-09-24T17:46:25.684534715Z Stdout: [ INFO    ]: 17:46:25 | Creating UKI EFI binary
2026-09-24T17:46:25.684587809Z Stdout: [ INFO    ]: 17:46:25 | Creating generic UKI EFI binary
2026-09-24T17:46:25.685122740Z Stdout: [2;37m[ DEBUG   ]: 17:46:25 | Looking for cp in /usr/local/sbin:/usr/local/bin:/usr/sbin:/usr/bin[0m
2026-09-24T17:46:25.685196070Z Stdout: [2;37m[ DEBUG   ]: 17:46:25 | EXEC: [cp /var/tmp/kiwi_pw2pdog7 /var/tmp/kiwi_16o8l6w2][0m
2026-09-24T17:46:25.688342466Z Stdout: [2;37m[ DEBUG   ]: 17:46:25 | Looking for bash in /usr/local/sbin:/usr/local/bin:/usr/sbin:/usr/bin[0m
2026-09-24T17:46:25.688458496Z Stdout: [2;37m[ DEBUG   ]: 17:46:25 | EXEC: [bash -c source /usr/lib/python3.9/site-packages/kiwi/config/functions.sh; baseQuoteFile /var/tmp/kiwi_16o8l6w2][0m
2026-09-24T17:46:25.698957758Z Stdout: [2;37m[ DEBUG   ]: 17:46:25 | --> kiwi_align='1048576'[0m
2026-09-24T17:46:25.698990831Z Stdout: [2;37m[ DEBUG   ]: 17:46:25 | --> kiwi_boot_timeout='0'[0m
2026-09-24T17:46:25.699021745Z Stdout: [2;37m[ DEBUG   ]: 17:46:25 | --> kiwi_bootkernel=''[0m
2026-09-24T17:46:25.699053259Z Stdout: [2;37m[ DEBUG   ]: 17:46:25 | --> kiwi_bootloader='systemd_boot'[0m
2026-09-24T17:46:25.699078996Z Stdout: [2;37m[ DEBUG   ]: 17:46:25 | --> kiwi_bootloader_console='default:default'[0m
2026-09-24T17:46:25.699105291Z Stdout: [2;37m[ DEBUG   ]: 17:46:25 | --> kiwi_bootprofile=''[0m
2026-09-24T17:46:25.699132614Z Stdout: [2;37m[ DEBUG   ]: 17:46:25 | --> kiwi_btrfs_root_is_snapper_snapshot=''[0m
2026-09-24T17:46:25.699158920Z Stdout: [2;37m[ DEBUG   ]: 17:46:25 | --> kiwi_btrfs_root_is_snapshot=''[0m
2026-09-24T17:46:25.699185960Z Stdout: [2;37m[ DEBUG   ]: 17:46:25 | --> kiwi_cmdline='console=ttyS0 rd.shell=0 systemd.getty_auto=false rd.kiwi.verity_options=panic-on-corruption'[0m
2026-09-24T17:46:25.699210745Z Stdout: [2;37m[ DEBUG   ]: 17:46:25 | --> kiwi_compressed=''[0m
2026-09-24T17:46:25.699238729Z Stdout: [2;37m[ DEBUG   ]: 17:46:25 | --> kiwi_delete=''[0m
2026-09-24T17:46:25.699266360Z Stdout: [2;37m[ DEBUG   ]: 17:46:25 | --> kiwi_devicepersistency=''[0m
2026-09-24T17:46:25.699295944Z Stdout: [2;37m[ DEBUG   ]: 17:46:25 | --> kiwi_displayname='al2023-attestable-image-example'[0m
2026-09-24T17:46:25.699324322Z Stdout: [2;37m[ DEBUG   ]: 17:46:25 | --> kiwi_drivers=''[0m
2026-09-24T17:46:25.699351092Z Stdout: [2;37m[ DEBUG   ]: 17:46:25 | --> kiwi_firmware='uefi'[0m
2026-09-24T17:46:25.699378677Z Stdout: [2;37m[ DEBUG   ]: 17:46:25 | --> kiwi_fsmountoptions=''[0m
2026-09-24T17:46:25.699404629Z Stdout: [2;37m[ DEBUG   ]: 17:46:25 | --> kiwi_gpt_hybrid_mbr=''[0m
2026-09-24T17:46:25.699431169Z Stdout: [2;37m[ DEBUG   ]: 17:46:25 | --> kiwi_hybridpersistent=''[0m
2026-09-24T17:46:25.699459185Z Stdout: [2;37m[ DEBUG   ]: 17:46:25 | --> kiwi_hybridpersistent_filesystem=''[0m
2026-09-24T17:46:25.699485260Z Stdout: [2;37m[ DEBUG   ]: 17:46:25 | --> kiwi_iname='al2023-attestable-image-example'[0m
2026-09-24T17:46:25.699512558Z Stdout: [2;37m[ DEBUG   ]: 17:46:25 | --> kiwi_initrd_system='dracut'[0m
2026-09-24T17:46:25.699540994Z Stdout: [2;37m[ DEBUG   ]: 17:46:25 | --> kiwi_install_volid='INSTALL'[0m
2026-09-24T17:46:25.699565728Z Stdout: [2;37m[ DEBUG   ]: 17:46:25 | --> kiwi_installboot=''[0m
2026-09-24T17:46:25.699591033Z Stdout: [2;37m[ DEBUG   ]: 17:46:25 | --> kiwi_iversion='1.0.0'[0m
2026-09-24T17:46:25.699616257Z Stdout: [2;37m[ DEBUG   ]: 17:46:25 | --> kiwi_keytable='us'[0m
2026-09-24T17:46:25.699640379Z Stdout: [2;37m[ DEBUG   ]: 17:46:25 | --> kiwi_language='en_US'[0m
2026-09-24T17:46:25.699664617Z Stdout: [2;37m[ DEBUG   ]: 17:46:25 | --> kiwi_luks_empty_passphrase='false'[0m
2026-09-24T17:46:25.699688840Z Stdout: [2;37m[ DEBUG   ]: 17:46:25 | --> kiwi_oembootwait=''[0m
2026-09-24T17:46:25.699713796Z Stdout: [2;37m[ DEBUG   ]: 17:46:25 | --> kiwi_oemdevicefilter=''[0m
2026-09-24T17:46:25.699738139Z Stdout: [2;37m[ DEBUG   ]: 17:46:25 | --> kiwi_oemkboot=''[0m
2026-09-24T17:46:25.699762055Z Stdout: [2;37m[ DEBUG   ]: 17:46:25 | --> kiwi_oemmultipath_scan=''[0m
2026-09-24T17:46:25.699786871Z Stdout: [2;37m[ DEBUG   ]: 17:46:25 | --> kiwi_oemnicfilter=''[0m
2026-09-24T17:46:25.699811269Z Stdout: [2;37m[ DEBUG   ]: 17:46:25 | --> kiwi_oempartition_install=''[0m
2026-09-24T17:46:25.699834917Z Stdout: [2;37m[ DEBUG   ]: 17:46:25 | --> kiwi_oemramdisksize=''[0m
2026-09-24T17:46:25.699862673Z Stdout: [2;37m[ DEBUG   ]: 17:46:25 | --> kiwi_oemreboot=''[0m
2026-09-24T17:46:25.699881375Z Stdout: [2;37m[ DEBUG   ]: 17:46:25 | --> kiwi_oemrebootinteractive=''[0m
2026-09-24T17:46:25.699908180Z Stdout: [2;37m[ DEBUG   ]: 17:46:25 | --> kiwi_oemrecovery=''[0m
2026-09-24T17:46:25.699932888Z Stdout: [2;37m[ DEBUG   ]: 17:46:25 | --> kiwi_oemrecoveryID=''[0m
2026-09-24T17:46:25.699959399Z Stdout: [2;37m[ DEBUG   ]: 17:46:25 | --> kiwi_oemrecoveryInPlace=''[0m
2026-09-24T17:46:25.699982098Z Stdout: [2;37m[ DEBUG   ]: 17:46:25 | --> kiwi_oemrecoveryPartSize=''[0m
2026-09-24T17:46:25.700005540Z Stdout: [2;37m[ DEBUG   ]: 17:46:25 | --> kiwi_oemresizeonce=''[0m
2026-09-24T17:46:25.700029849Z Stdout: [2;37m[ DEBUG   ]: 17:46:25 | --> kiwi_oemrootMB=''[0m
2026-09-24T17:46:25.700055733Z Stdout: [2;37m[ DEBUG   ]: 17:46:25 | --> kiwi_oemshutdown=''[0m
2026-09-24T17:46:25.700078700Z Stdout: [2;37m[ DEBUG   ]: 17:46:25 | --> kiwi_oemshutdowninteractive=''[0m
2026-09-24T17:46:25.700102583Z Stdout: [2;37m[ DEBUG   ]: 17:46:25 | --> kiwi_oemsilentboot=''[0m
2026-09-24T17:46:25.700129277Z Stdout: [2;37m[ DEBUG   ]: 17:46:25 | --> kiwi_oemsilentinstall=''[0m
2026-09-24T17:46:25.700155804Z Stdout: [2;37m[ DEBUG   ]: 17:46:25 | --> kiwi_oemsilentverify=''[0m
2026-09-24T17:46:25.700179343Z Stdout: [2;37m[ DEBUG   ]: 17:46:25 | --> kiwi_oemskipverify=''[0m
2026-09-24T17:46:25.700203389Z Stdout: [2;37m[ DEBUG   ]: 17:46:25 | --> kiwi_oemswapMB=''[0m
2026-09-24T17:46:25.700227883Z Stdout: [2;37m[ DEBUG   ]: 17:46:25 | --> kiwi_oemtitle=''[0m
2026-09-24T17:46:25.700252948Z Stdout: [2;37m[ DEBUG   ]: 17:46:25 | --> kiwi_oemunattended=''[0m
2026-09-24T17:46:25.700276119Z Stdout: [2;37m[ DEBUG   ]: 17:46:25 | --> kiwi_oemunattended_id=''[0m
2026-09-24T17:46:25.700300376Z Stdout: [2;37m[ DEBUG   ]: 17:46:25 | --> kiwi_oemvmcp_parmfile=''[0m
2026-09-24T17:46:25.700324424Z Stdout: [2;37m[ DEBUG   ]: 17:46:25 | --> kiwi_profiles=''[0m
2026-09-24T17:46:25.700350709Z Stdout: [2;37m[ DEBUG   ]: 17:46:25 | --> kiwi_ramonly=''[0m
2026-09-24T17:46:25.700373961Z Stdout: [2;37m[ DEBUG   ]: 17:46:25 | --> kiwi_revision='$Format:%H$'[0m
2026-09-24T17:46:25.700399468Z Stdout: [2;37m[ DEBUG   ]: 17:46:25 | --> kiwi_rootpartuuid='55aab937-0bbb-410f-9ab9-21c16d645d34'[0m
2026-09-24T17:46:25.700424878Z Stdout: [2;37m[ DEBUG   ]: 17:46:25 | --> kiwi_sectorsize='512'[0m
2026-09-24T17:46:25.700451168Z Stdout: [2;37m[ DEBUG   ]: 17:46:25 | --> kiwi_showlicense=''[0m
2026-09-24T17:46:25.700473984Z Stdout: [2;37m[ DEBUG   ]: 17:46:25 | --> kiwi_startsector='2048'[0m
2026-09-24T17:46:25.700493236Z Stdout: [2;37m[ DEBUG   ]: 17:46:25 | --> kiwi_strip_delete=''[0m
2026-09-24T17:46:25.700521763Z Stdout: [2;37m[ DEBUG   ]: 17:46:25 | --> kiwi_strip_libs=''[0m
2026-09-24T17:46:25.700548032Z Stdout: [2;37m[ DEBUG   ]: 17:46:25 | --> kiwi_strip_tools=''[0m
2026-09-24T17:46:25.700568296Z Stdout: [2;37m[ DEBUG   ]: 17:46:25 | --> kiwi_target_blocksize=''[0m
2026-09-24T17:46:25.700596598Z Stdout: [2;37m[ DEBUG   ]: 17:46:25 | --> kiwi_target_removable=''[0m
2026-09-24T17:46:25.700619142Z Stdout: [2;37m[ DEBUG   ]: 17:46:25 | --> kiwi_timezone='UTC'[0m
2026-09-24T17:46:25.700645593Z Stdout: [2;37m[ DEBUG   ]: 17:46:25 | --> kiwi_type='oem'[0m
2026-09-24T17:46:25.700665479Z Stdout: [2;37m[ DEBUG   ]: 17:46:25 | --> kiwi_vga=''[0m
2026-09-24T17:46:25.700692125Z Stdout: [2;37m[ DEBUG   ]: 17:46:25 | --> kiwi_wwid_wait_timeout=''[0m
2026-09-24T17:46:25.701165502Z Stdout: [2;37m[ DEBUG   ]: 17:46:25 | Creating directory /tmp/build/image-root/dev[0m
2026-09-24T17:46:25.701280212Z Stdout: [2;37m[ DEBUG   ]: 17:46:25 | Looking for mountpoint in /usr/local/sbin:/usr/local/bin:/usr/sbin:/usr/bin[0m
2026-09-24T17:46:25.701341846Z Stdout: [2;37m[ DEBUG   ]: 17:46:25 | EXEC: [mountpoint -q /tmp/build/image-root/dev][0m
2026-09-24T17:46:25.703555142Z Stdout: [2;37m[ DEBUG   ]: 17:46:25 | Looking for mount in /usr/local/sbin:/usr/local/bin:/usr/sbin:/usr/bin[0m
2026-09-24T17:46:25.703693610Z Stdout: [2;37m[ DEBUG   ]: 17:46:25 | EXEC: [mount -n --bind /dev /tmp/build/image-root/dev][0m
2026-09-24T17:46:25.705833149Z Stdout: [2;37m[ DEBUG   ]: 17:46:25 | Creating directory /tmp/build/image-root/proc[0m
2026-09-24T17:46:25.706001731Z Stdout: [2;37m[ DEBUG   ]: 17:46:25 | Looking for mountpoint in /usr/local/sbin:/usr/local/bin:/usr/sbin:/usr/bin[0m
2026-09-24T17:46:25.706078396Z Stdout: [2;37m[ DEBUG   ]: 17:46:25 | EXEC: [mountpoint -q /tmp/build/image-root/proc][0m
2026-09-24T17:46:25.708335044Z Stdout: [2;37m[ DEBUG   ]: 17:46:25 | Looking for mount in /usr/local/sbin:/usr/local/bin:/usr/sbin:/usr/bin[0m
2026-09-24T17:46:25.708457176Z Stdout: [2;37m[ DEBUG   ]: 17:46:25 | EXEC: [mount -n --bind /proc /tmp/build/image-root/proc][0m
2026-09-24T17:46:25.710919228Z Stdout: [2;37m[ DEBUG   ]: 17:46:25 | Looking for chroot in /usr/local/sbin:/usr/local/bin:/usr/sbin:/usr/bin[0m
2026-09-24T17:46:25.711280978Z Stdout: [2;37m[ DEBUG   ]: 17:46:25 | EXEC: [chroot /tmp/build/image-root dracut --no-hostonly --no-hostonly-cmdline --force --verbose --reproducible --kver 6.1.186-228.376.amzn2023.x86_64 --uefi --kernel-cmdline console=ttyS0 rd.shell=0 systemd.getty_auto=false rd.kiwi.verity_options=panic-on-corruption root=overlay:MAPPER=verityroot --install /.profile --add  kiwi-overlay  --omit  multipath  --install /config.partids --install /etc/veritytab initramfs-6.1.186-228.376.amzn2023.x86_64.img.efi][0m
2026-09-24T17:46:33.001570201Z Stdout: [2;37m[ DEBUG   ]: 17:46:33 | Looking for mountpoint in /usr/local/sbin:/usr/local/bin:/usr/sbin:/usr/bin[0m
2026-09-24T17:46:33.001586121Z Stdout: [2;37m[ DEBUG   ]: 17:46:33 | EXEC: [mountpoint -q /tmp/build/image-root/proc][0m
2026-09-24T17:46:33.005234461Z Stdout: [2;37m[ DEBUG   ]: 17:46:33 | Looking for umount in /usr/local/sbin:/usr/local/bin:/usr/sbin:/usr/bin[0m
2026-09-24T17:46:33.005240491Z Stdout: [2;37m[ DEBUG   ]: 17:46:33 | EXEC: [umount /tmp/build/image-root/proc][0m
2026-09-24T17:46:33.008082581Z Stdout: [2;37m[ DEBUG   ]: 17:46:33 | Looking for mountpoint in /usr/local/sbin:/usr/local/bin:/usr/sbin:/usr/bin[0m
2026-09-24T17:46:33.008109178Z Stdout: [2;37m[ DEBUG   ]: 17:46:33 | EXEC: [mountpoint -q /tmp/build/image-root/dev][0m
2026-09-24T17:46:33.010748660Z Stdout: [2;37m[ DEBUG   ]: 17:46:33 | Looking for umount in /usr/local/sbin:/usr/local/bin:/usr/sbin:/usr/bin[0m
2026-09-24T17:46:33.010858323Z Stdout: [2;37m[ DEBUG   ]: 17:46:33 | EXEC: [umount /tmp/build/image-root/dev][0m
2026-09-24T17:46:33.013725331Z Stdout: [2;37m[ DEBUG   ]: 17:46:33 | /usr/bin/dracut: line 1066: /sys/module/firmware_class/parameters/path: No such file or directory
2026-09-24T17:46:33.013732517Z Stdout: dracut[E]: No '/dev/log' or 'logger' included for syslog logging
2026-09-24T17:46:33.013741570Z Stdout: dracut[I]: Executing: /usr/bin/dracut --no-hostonly --no-hostonly-cmdline --force --verbose --reproducible --kver 6.1.186-228.376.amzn2023.x86_64 --uefi --kernel-cmdline "console=ttyS0 rd.shell=0 systemd.getty_auto=false rd.kiwi.verity_options=panic-on-corruption root=overlay:MAPPER=verityroot" --install /.profile --add " kiwi-overlay " --omit " multipath " --install /config.partids --install /etc/veritytab initramfs-6.1.186-228.376.amzn2023.x86_64.img.efi
2026-09-24T17:46:33.013744890Z Stdout: dracut[I]: 62bluetooth: Could not find any command of '/usr/lib/bluetooth/bluetoothd /usr/libexec/bluetooth/bluetoothd'!
2026-09-24T17:46:33.013750049Z Stdout: dracut[I]: *** Including module: bash ***
2026-09-24T17:46:33.013753498Z Stdout: dracut[I]: *** Including module: systemd ***
2026-09-24T17:46:33.013755942Z Stdout: dracut[I]: *** Including module: systemd-ask-password ***
2026-09-24T17:46:33.013758694Z Stdout: dracut[I]: *** Including module: systemd-initrd ***
2026-09-24T17:46:33.013761660Z Stdout: dracut[I]: *** Including module: systemd-journald ***
2026-09-24T17:46:33.013765135Z Stdout: dracut[I]: *** Including module: systemd-modules-load ***
2026-09-24T17:46:33.013769094Z Stdout: dracut[I]: *** Including module: systemd-sysctl ***
2026-09-24T17:46:33.013773259Z Stdout: dracut[I]: *** Including module: systemd-sysusers ***
2026-09-24T17:46:33.013776949Z Stdout: dracut[I]: *** Including module: systemd-tmpfiles ***
2026-09-24T17:46:33.013787250Z Stdout: dracut[I]: *** Including module: systemd-udevd ***
2026-09-24T17:46:33.013791437Z Stdout: dracut[I]: *** Including module: rngd ***
2026-09-24T17:46:33.013794070Z Stdout: dracut[I]: *** Including module: kiwi-verity ***
2026-09-24T17:46:33.013796610Z Stdout: dracut[I]: *** Including module: kiwi-overlay ***
2026-09-24T17:46:33.013799210Z Stdout: dracut[I]: *** Including module: kiwi-lib ***
2026-09-24T17:46:33.013801614Z Stdout: dracut[I]: *** Including module: dm ***
2026-09-24T17:46:33.013804063Z Stdout: dracut[I]: *** Including module: lvm ***
2026-09-24T17:46:33.013806473Z Stdout: dracut[I]: *** Including module: mdraid ***
2026-09-24T17:46:33.013808943Z Stdout: dracut[I]: *** Including module: lunmask ***
2026-09-24T17:46:33.013811387Z Stdout: dracut[I]: *** Including module: resume ***
2026-09-24T17:46:33.013813888Z Stdout: dracut[I]: *** Including module: rootfs-block ***
2026-09-24T17:46:33.013816264Z Stdout: dracut[I]: *** Including module: udev-rules ***
2026-09-24T17:46:33.013818656Z Stdout: dracut[I]: *** Including module: virtfs ***
2026-09-24T17:46:33.013822253Z Stdout: dracut[I]: *** Including module: dracut-systemd ***
2026-09-24T17:46:33.013824765Z Stdout: dracut[I]: *** Including module: usrmount ***
2026-09-24T17:46:33.013827235Z Stdout: dracut[I]: *** Including module: base ***
2026-09-24T17:46:33.013829574Z Stdout: dracut[I]: *** Including module: fs-lib ***
2026-09-24T17:46:33.013833235Z Stdout: dracut[I]: *** Including module: shutdown ***
2026-09-24T17:46:33.013835674Z Stdout: dracut[I]: *** Including modules done ***
2026-09-24T17:46:33.013838005Z Stdout: dracut[I]: *** Installing kernel module dependencies ***
2026-09-24T17:46:33.013840403Z Stdout: dracut[I]: *** Installing kernel module dependencies done ***
2026-09-24T17:46:33.013842773Z Stdout: dracut[I]: *** Resolving executable dependencies ***
2026-09-24T17:46:33.013846162Z Stdout: dracut[I]: *** Resolving executable dependencies done ***
2026-09-24T17:46:33.013849886Z Stdout: dracut[I]: *** Hardlinking files ***
2026-09-24T17:46:33.013854042Z Stdout: dracut[I]: *** Hardlinking files done ***
2026-09-24T17:46:33.013859035Z Stdout: dracut[I]: *** Generating early-microcode cpio image ***
2026-09-24T17:46:33.013861573Z Stdout: dracut[I]: *** Constructing AuthenticAMD.bin ***
2026-09-24T17:46:33.013863962Z Stdout: dracut[I]: *** Constructing GenuineIntel.bin ***
2026-09-24T17:46:33.013866300Z Stdout: dracut[I]: *** Store current command line parameters ***
2026-09-24T17:46:33.013868657Z Stdout: dracut[I]: *** Stripping files ***
2026-09-24T17:46:33.013871061Z Stdout: dracut[I]: *** Stripping files done ***
2026-09-24T17:46:33.013873982Z Stdout: dracut[I]: *** Creating image file '/initramfs-6.1.186-228.376.amzn2023.x86_64.img.efi' ***
2026-09-24T17:46:33.013876375Z Stdout: dracut[I]: Using UEFI kernel cmdline:
2026-09-24T17:46:33.013879467Z Stdout: dracut[I]:  console=ttyS0 rd.shell=0 systemd.getty_auto=false rd.kiwi.verity_options=panic-on-corruption root=overlay:MAPPER=verityroot 
2026-09-24T17:46:33.013882032Z Stdout: dracut[I]: *** Creating UEFI image file '/initramfs-6.1.186-228.376.amzn2023.x86_64.img.efi' done ***
2026-09-24T17:46:33.013885403Z Stdout: [0m
2026-09-24T17:46:33.013889179Z Stdout: [2;37m[ DEBUG   ]: 17:46:33 | Looking for mv in /usr/local/sbin:/usr/local/bin:/usr/sbin:/usr/bin[0m
2026-09-24T17:46:33.013891747Z Stdout: [2;37m[ DEBUG   ]: 17:46:33 | EXEC: [mv /tmp/build/image-root/initramfs-6.1.186-228.376.amzn2023.x86_64.img.efi /tmp/kiwi.efi][0m
2026-09-24T17:46:33.016566085Z Stdout: [2;37m[ DEBUG   ]: 17:46:33 | Looking for mv in /usr/local/sbin:/usr/local/bin:/usr/sbin:/usr/bin[0m
2026-09-24T17:46:33.016660408Z Stdout: [2;37m[ DEBUG   ]: 17:46:33 | EXEC: [mv /tmp/kiwi.efi /var/tmp/kiwi_mount_manager.avz5l64_/boot/efi/EFI/Linux/][0m
2026-09-24T17:46:33.051636395Z Stdout: [3;33m[ WARNING ]: 17:46:33 | No install of bootcode on read-only root possible[0m
2026-09-24T17:46:33.051645473Z Stdout: [2;37m[ DEBUG   ]: 17:46:33 | Looking for mountpoint in /usr/local/sbin:/usr/local/bin:/usr/sbin:/usr/bin[0m
2026-09-24T17:46:33.051991794Z Stdout: [2;37m[ DEBUG   ]: 17:46:33 | EXEC: [mountpoint -q /var/tmp/kiwi_mount_manager.q7utou0c/dev][0m
2026-09-24T17:46:33.055206585Z Stdout: [2;37m[ DEBUG   ]: 17:46:33 | Looking for mountpoint in /usr/local/sbin:/usr/local/bin:/usr/sbin:/usr/bin[0m
2026-09-24T17:46:33.055211281Z Stdout: [2;37m[ DEBUG   ]: 17:46:33 | EXEC: [mountpoint -q /var/tmp/kiwi_mount_manager.q7utou0c/dev][0m
2026-09-24T17:46:33.057778410Z Stdout: [2;37m[ DEBUG   ]: 17:46:33 | Looking for umount in /usr/local/sbin:/usr/local/bin:/usr/sbin:/usr/bin[0m
2026-09-24T17:46:33.057784039Z Stdout: [2;37m[ DEBUG   ]: 17:46:33 | EXEC: [umount /var/tmp/kiwi_mount_manager.q7utou0c/dev][0m
2026-09-24T17:46:33.060187645Z Stdout: [2;37m[ DEBUG   ]: 17:46:33 | Looking for mountpoint in /usr/local/sbin:/usr/local/bin:/usr/sbin:/usr/bin[0m
2026-09-24T17:46:33.060305789Z Stdout: [2;37m[ DEBUG   ]: 17:46:33 | EXEC: [mountpoint -q /var/tmp/kiwi_mount_manager.q7utou0c/sys][0m
2026-09-24T17:46:33.063456109Z Stdout: [2;37m[ DEBUG   ]: 17:46:33 | Looking for mountpoint in /usr/local/sbin:/usr/local/bin:/usr/sbin:/usr/bin[0m
2026-09-24T17:46:33.063467974Z Stdout: [2;37m[ DEBUG   ]: 17:46:33 | EXEC: [mountpoint -q /var/tmp/kiwi_mount_manager.q7utou0c/sys][0m
2026-09-24T17:46:33.065811758Z Stdout: [2;37m[ DEBUG   ]: 17:46:33 | Looking for umount in /usr/local/sbin:/usr/local/bin:/usr/sbin:/usr/bin[0m
2026-09-24T17:46:33.065825010Z Stdout: [2;37m[ DEBUG   ]: 17:46:33 | EXEC: [umount /var/tmp/kiwi_mount_manager.q7utou0c/sys][0m
2026-09-24T17:46:33.068109422Z Stdout: [2;37m[ DEBUG   ]: 17:46:33 | Looking for mountpoint in /usr/local/sbin:/usr/local/bin:/usr/sbin:/usr/bin[0m
2026-09-24T17:46:33.068223241Z Stdout: [2;37m[ DEBUG   ]: 17:46:33 | EXEC: [mountpoint -q /var/tmp/kiwi_mount_manager.q7utou0c/proc][0m
2026-09-24T17:46:33.070930177Z Stdout: [2;37m[ DEBUG   ]: 17:46:33 | Looking for mountpoint in /usr/local/sbin:/usr/local/bin:/usr/sbin:/usr/bin[0m
2026-09-24T17:46:33.071337660Z Stdout: [2;37m[ DEBUG   ]: 17:46:33 | EXEC: [mountpoint -q /var/tmp/kiwi_mount_manager.q7utou0c/proc][0m
2026-09-24T17:46:33.073491956Z Stdout: [2;37m[ DEBUG   ]: 17:46:33 | Looking for umount in /usr/local/sbin:/usr/local/bin:/usr/sbin:/usr/bin[0m
2026-09-24T17:46:33.073497479Z Stdout: [2;37m[ DEBUG   ]: 17:46:33 | EXEC: [umount /var/tmp/kiwi_mount_manager.q7utou0c/proc][0m
2026-09-24T17:46:33.076117546Z Stdout: [2;37m[ DEBUG   ]: 17:46:33 | Looking for mountpoint in /usr/local/sbin:/usr/local/bin:/usr/sbin:/usr/bin[0m
2026-09-24T17:46:33.076148858Z Stdout: [2;37m[ DEBUG   ]: 17:46:33 | EXEC: [mountpoint -q /var/tmp/kiwi_mount_manager.q7utou0c/var/tmp][0m
2026-09-24T17:46:33.078824615Z Stdout: [2;37m[ DEBUG   ]: 17:46:33 | Looking for mountpoint in /usr/local/sbin:/usr/local/bin:/usr/sbin:/usr/bin[0m
2026-09-24T17:46:33.078924887Z Stdout: [2;37m[ DEBUG   ]: 17:46:33 | EXEC: [mountpoint -q /var/tmp/kiwi_mount_manager.q7utou0c/var/tmp][0m
2026-09-24T17:46:33.081802196Z Stdout: [2;37m[ DEBUG   ]: 17:46:33 | Looking for umount in /usr/local/sbin:/usr/local/bin:/usr/sbin:/usr/bin[0m
2026-09-24T17:46:33.081808197Z Stdout: [2;37m[ DEBUG   ]: 17:46:33 | EXEC: [umount /var/tmp/kiwi_mount_manager.q7utou0c/var/tmp][0m
2026-09-24T17:46:33.084727147Z Stdout: [2;37m[ DEBUG   ]: 17:46:33 | Looking for mountpoint in /usr/local/sbin:/usr/local/bin:/usr/sbin:/usr/bin[0m
2026-09-24T17:46:33.084732870Z Stdout: [2;37m[ DEBUG   ]: 17:46:33 | EXEC: [mountpoint -q /var/tmp/kiwi_mount_manager.q7utou0c/tmp][0m
2026-09-24T17:46:33.087139966Z Stdout: [2;37m[ DEBUG   ]: 17:46:33 | Looking for mountpoint in /usr/local/sbin:/usr/local/bin:/usr/sbin:/usr/bin[0m
2026-09-24T17:46:33.087144722Z Stdout: [2;37m[ DEBUG   ]: 17:46:33 | EXEC: [mountpoint -q /var/tmp/kiwi_mount_manager.q7utou0c/tmp][0m
2026-09-24T17:46:33.089385608Z Stdout: [2;37m[ DEBUG   ]: 17:46:33 | Looking for umount in /usr/local/sbin:/usr/local/bin:/usr/sbin:/usr/bin[0m
2026-09-24T17:46:33.089481917Z Stdout: [2;37m[ DEBUG   ]: 17:46:33 | EXEC: [umount /var/tmp/kiwi_mount_manager.q7utou0c/tmp][0m
2026-09-24T17:46:33.092014724Z Stdout: [2;37m[ DEBUG   ]: 17:46:33 | Looking for mountpoint in /usr/local/sbin:/usr/local/bin:/usr/sbin:/usr/bin[0m
2026-09-24T17:46:33.092025358Z Stdout: [2;37m[ DEBUG   ]: 17:46:33 | EXEC: [mountpoint -q /var/tmp/kiwi_mount_manager.q7utou0c/image][0m
2026-09-24T17:46:33.094522961Z Stdout: [2;37m[ DEBUG   ]: 17:46:33 | Looking for mountpoint in /usr/local/sbin:/usr/local/bin:/usr/sbin:/usr/bin[0m
2026-09-24T17:46:33.094531777Z Stdout: [2;37m[ DEBUG   ]: 17:46:33 | EXEC: [mountpoint -q /var/tmp/kiwi_mount_manager.q7utou0c/image][0m
2026-09-24T17:46:33.096925477Z Stdout: [2;37m[ DEBUG   ]: 17:46:33 | Looking for umount in /usr/local/sbin:/usr/local/bin:/usr/sbin:/usr/bin[0m
2026-09-24T17:46:33.096929618Z Stdout: [2;37m[ DEBUG   ]: 17:46:33 | EXEC: [umount /var/tmp/kiwi_mount_manager.q7utou0c/image][0m
2026-09-24T17:46:33.099447783Z Stdout: [2;37m[ DEBUG   ]: 17:46:33 | Looking for mountpoint in /usr/local/sbin:/usr/local/bin:/usr/sbin:/usr/bin[0m
2026-09-24T17:46:33.099451713Z Stdout: [2;37m[ DEBUG   ]: 17:46:33 | EXEC: [mountpoint -q /var/tmp/kiwi_mount_manager.q7utou0c/boot/efi][0m
2026-09-24T17:46:33.102058864Z Stdout: [2;37m[ DEBUG   ]: 17:46:33 | Looking for mountpoint in /usr/local/sbin:/usr/local/bin:/usr/sbin:/usr/bin[0m
2026-09-24T17:46:33.102063227Z Stdout: [2;37m[ DEBUG   ]: 17:46:33 | EXEC: [mountpoint -q /var/tmp/kiwi_mount_manager.q7utou0c/boot/efi][0m
2026-09-24T17:46:33.104303373Z Stdout: [2;37m[ DEBUG   ]: 17:46:33 | Looking for umount in /usr/local/sbin:/usr/local/bin:/usr/sbin:/usr/bin[0m
2026-09-24T17:46:33.104308276Z Stdout: [2;37m[ DEBUG   ]: 17:46:33 | EXEC: [umount /var/tmp/kiwi_mount_manager.q7utou0c/boot/efi][0m
2026-09-24T17:46:33.106806463Z Stdout: [2;37m[ DEBUG   ]: 17:46:33 | Looking for mountpoint in /usr/local/sbin:/usr/local/bin:/usr/sbin:/usr/bin[0m
2026-09-24T17:46:33.107083134Z Stdout: [2;37m[ DEBUG   ]: 17:46:33 | EXEC: [mountpoint -q /var/tmp/kiwi_mount_manager.q7utou0c][0m
2026-09-24T17:46:33.109186183Z Stdout: [2;37m[ DEBUG   ]: 17:46:33 | Looking for mountpoint in /usr/local/sbin:/usr/local/bin:/usr/sbin:/usr/bin[0m
2026-09-24T17:46:33.109190752Z Stdout: [2;37m[ DEBUG   ]: 17:46:33 | EXEC: [mountpoint -q /var/tmp/kiwi_mount_manager.q7utou0c][0m
2026-09-24T17:46:33.111883368Z Stdout: [2;37m[ DEBUG   ]: 17:46:33 | Looking for umount in /usr/local/sbin:/usr/local/bin:/usr/sbin:/usr/bin[0m
2026-09-24T17:46:33.111888359Z Stdout: [2;37m[ DEBUG   ]: 17:46:33 | EXEC: [umount /var/tmp/kiwi_mount_manager.q7utou0c][0m
2026-09-24T17:46:33.115193572Z Stdout: [2;37m[ DEBUG   ]: 17:46:33 | EXEC: [bash -c cd /tmp/build/image-root && bash --norc /tmp/build/image-root/image/edit_boot_install.sh /tmp/al2023-attestable-image-example.x86_64-1.0.0.raw /dev/loop0p2][0m
2026-09-24T17:46:33.115198326Z Stdout: [2;37m[ DEBUG   ]: 17:46:33 | Looking for bash in /usr/local/sbin:/usr/local/bin:/usr/sbin:/usr/bin[0m
2026-09-24T17:46:33.117009559Z Stdout: [ INFO    ]: 17:46:33 | Calling edit_boot_install.sh script
2026-09-24T17:46:33.117014362Z Stdout: [2;37m[ DEBUG   ]: 17:46:33 | --------------out start-------------[0m
2026-09-24T17:46:33.140374748Z Stdout: [2;37m[ DEBUG   ]: 17:46:33 | INFO: Root partition (/dev/loop0p2) mounted at: /var/tmp/kiwi_mount_manager.avz5l64_[0m
2026-09-24T17:46:33.153136957Z Stdout: [2;37m[ DEBUG   ]: 17:46:33 | INFO: Checking EFI partition at: /var/tmp/kiwi_mount_manager.avz5l64_/boot/efi[0m
2026-09-24T17:46:33.169200642Z Stdout: [2;37m[ DEBUG   ]: 17:46:33 | INFO: Found kiwi.efi at: /var/tmp/kiwi_mount_manager.avz5l64_/boot/efi/EFI/Linux/kiwi.efi[0m
2026-09-24T17:46:33.175038572Z Stdout: [2;37m[ DEBUG   ]: 17:46:33 | INFO: Removing existing BOOTX64.EFI[0m
2026-09-24T17:46:33.182989366Z Stdout: [2;37m[ DEBUG   ]: 17:46:33 | INFO: Moving kiwi.efi to BOOTX64.EFI location[0m
2026-09-24T17:46:33.471374722Z Stdout: [2;37m[ DEBUG   ]: 17:46:33 | INFO: Removing /EFI/Linux directory[0m
2026-09-24T17:46:33.471382464Z Stdout: [2;37m[ DEBUG   ]: 17:46:33 | INFO: Removing /EFI/systemd directory[0m
2026-09-24T17:46:33.471430058Z Stdout: [2;37m[ DEBUG   ]: 17:46:33 | {[0m
2026-09-24T17:46:33.471756618Z Stdout: [2;37m[ DEBUG   ]: 17:46:33 |   "Measurements": {[0m
2026-09-24T17:46:33.471763578Z Stdout: [2;37m[ DEBUG   ]: 17:46:33 |     "HashAlgorithm": "SHA384",[0m
2026-09-24T17:46:33.472048939Z Stdout: [2;37m[ DEBUG   ]: 17:46:33 |     "PCR4": "5e7402435c737c4886f399ae4e60bc67d553a86535b2b3306777768b1f4d3780321ff143fc388352762dd4133233640b",[0m
2026-09-24T17:46:33.472561370Z Stdout: [2;37m[ DEBUG   ]: 17:46:33 |     "PCR7": "98441c7f7625d10058c47683aec486ce311c633235eb555593a7ee791121e3578ae72d04ecef661f272d59058b77af35",[0m
2026-09-24T17:46:33.472965924Z Stdout: [2;37m[ DEBUG   ]: 17:46:33 |     "PCR12": "000000000000000000000000000000000000000000000000000000000000000000000000000000000000000000000000"[0m
2026-09-24T17:46:33.472971970Z Stdout: [2;37m[ DEBUG   ]: 17:46:33 |   }[0m
2026-09-24T17:46:33.472975872Z Stdout: [2;37m[ DEBUG   ]: 17:46:33 | }[0m
2026-09-24T17:46:33.473319767Z Stdout: [2;37m[ DEBUG   ]: 17:46:33 | SUCCESS: PCR measurements computed and saved to: /tmp/pcr_measurements.json[0m
2026-09-24T17:46:33.473323804Z Stdout: [2;37m[ DEBUG   ]: 17:46:33 | --------------out stop--------------[0m
2026-09-24T17:46:33.473900427Z Stdout: [2;37m[ DEBUG   ]: 17:46:33 | Looking for setfiles in /var/tmp/kiwi_mount_manager.avz5l64_/usr/local/sbin:/var/tmp/kiwi_mount_manager.avz5l64_/usr/local/bin:/var/tmp/kiwi_mount_manager.avz5l64_/usr/sbin:/var/tmp/kiwi_mount_manager.avz5l64_/usr/bin[0m
2026-09-24T17:46:33.474054925Z Stdout: [ INFO    ]: 17:46:33 | Processing SELinux file security contexts
2026-09-24T17:46:33.474076687Z Stdout: [ INFO    ]: 17:46:33 | System is read-only, security context unchanged
2026-09-24T17:46:33.474140431Z Stdout: [2;37m[ DEBUG   ]: 17:46:33 | Looking for mountpoint in /usr/local/sbin:/usr/local/bin:/usr/sbin:/usr/bin[0m
2026-09-24T17:46:33.474211337Z Stdout: [2;37m[ DEBUG   ]: 17:46:33 | EXEC: [mountpoint -q /var/tmp/kiwi_mount_manager.avz5l64_/boot/efi][0m
2026-09-24T17:46:33.477751194Z Stdout: [2;37m[ DEBUG   ]: 17:46:33 | Looking for umount in /usr/local/sbin:/usr/local/bin:/usr/sbin:/usr/bin[0m
2026-09-24T17:46:33.477897214Z Stdout: [2;37m[ DEBUG   ]: 17:46:33 | EXEC: [umount /var/tmp/kiwi_mount_manager.avz5l64_/boot/efi][0m
2026-09-24T17:46:33.480901427Z Stdout: [2;37m[ DEBUG   ]: 17:46:33 | Looking for mountpoint in /usr/local/sbin:/usr/local/bin:/usr/sbin:/usr/bin[0m
2026-09-24T17:46:33.480906172Z Stdout: [2;37m[ DEBUG   ]: 17:46:33 | EXEC: [mountpoint -q /var/tmp/kiwi_mount_manager.avz5l64_/boot][0m
2026-09-24T17:46:33.483503295Z Stdout: [2;37m[ DEBUG   ]: 17:46:33 | Looking for mountpoint in /usr/local/sbin:/usr/local/bin:/usr/sbin:/usr/bin[0m
2026-09-24T17:46:33.483508215Z Stdout: [2;37m[ DEBUG   ]: 17:46:33 | EXEC: [mountpoint -q /var/tmp/kiwi_mount_manager.avz5l64_/dev][0m
2026-09-24T17:46:33.485795736Z Stdout: [2;37m[ DEBUG   ]: 17:46:33 | Looking for umount in /usr/local/sbin:/usr/local/bin:/usr/sbin:/usr/bin[0m
2026-09-24T17:46:33.485800308Z Stdout: [2;37m[ DEBUG   ]: 17:46:33 | EXEC: [umount /var/tmp/kiwi_mount_manager.avz5l64_/dev][0m
2026-09-24T17:46:33.488145915Z Stdout: [2;37m[ DEBUG   ]: 17:46:33 | Looking for mountpoint in /usr/local/sbin:/usr/local/bin:/usr/sbin:/usr/bin[0m
2026-09-24T17:46:33.488149884Z Stdout: [2;37m[ DEBUG   ]: 17:46:33 | EXEC: [mountpoint -q /var/tmp/kiwi_mount_manager.avz5l64_/proc][0m
2026-09-24T17:46:33.490402684Z Stdout: [2;37m[ DEBUG   ]: 17:46:33 | Looking for umount in /usr/local/sbin:/usr/local/bin:/usr/sbin:/usr/bin[0m
2026-09-24T17:46:33.490514520Z Stdout: [2;37m[ DEBUG   ]: 17:46:33 | EXEC: [umount /var/tmp/kiwi_mount_manager.avz5l64_/proc][0m
2026-09-24T17:46:33.493283625Z Stdout: [2;37m[ DEBUG   ]: 17:46:33 | Looking for mountpoint in /usr/local/sbin:/usr/local/bin:/usr/sbin:/usr/bin[0m
2026-09-24T17:46:33.493396637Z Stdout: [2;37m[ DEBUG   ]: 17:46:33 | EXEC: [mountpoint -q /var/tmp/kiwi_mount_manager.avz5l64_/sys][0m
2026-09-24T17:46:33.495880836Z Stdout: [2;37m[ DEBUG   ]: 17:46:33 | Looking for umount in /usr/local/sbin:/usr/local/bin:/usr/sbin:/usr/bin[0m
2026-09-24T17:46:33.495985350Z Stdout: [2;37m[ DEBUG   ]: 17:46:33 | EXEC: [umount /var/tmp/kiwi_mount_manager.avz5l64_/sys][0m
2026-09-24T17:46:33.498182921Z Stdout: [2;37m[ DEBUG   ]: 17:46:33 | Looking for mountpoint in /usr/local/sbin:/usr/local/bin:/usr/sbin:/usr/bin[0m
2026-09-24T17:46:33.498290334Z Stdout: [2;37m[ DEBUG   ]: 17:46:33 | EXEC: [mountpoint -q /var/tmp/kiwi_mount_manager.avz5l64_/tmp][0m
2026-09-24T17:46:33.500505102Z Stdout: [2;37m[ DEBUG   ]: 17:46:33 | Looking for umount in /usr/local/sbin:/usr/local/bin:/usr/sbin:/usr/bin[0m
2026-09-24T17:46:33.500601848Z Stdout: [2;37m[ DEBUG   ]: 17:46:33 | EXEC: [umount /var/tmp/kiwi_mount_manager.avz5l64_/tmp][0m
2026-09-24T17:46:33.503159876Z Stdout: [2;37m[ DEBUG   ]: 17:46:33 | Looking for mountpoint in /usr/local/sbin:/usr/local/bin:/usr/sbin:/usr/bin[0m
2026-09-24T17:46:33.503286940Z Stdout: [2;37m[ DEBUG   ]: 17:46:33 | EXEC: [mountpoint -q /var/tmp/kiwi_mount_manager.avz5l64_/etc/kernel][0m
2026-09-24T17:46:33.505547816Z Stdout: [2;37m[ DEBUG   ]: 17:46:33 | Looking for umount in /usr/local/sbin:/usr/local/bin:/usr/sbin:/usr/bin[0m
2026-09-24T17:46:33.505657764Z Stdout: [2;37m[ DEBUG   ]: 17:46:33 | EXEC: [umount /var/tmp/kiwi_mount_manager.avz5l64_/etc/kernel][0m
2026-09-24T17:46:33.507763585Z Stdout: [2;37m[ DEBUG   ]: 17:46:33 | Looking for mountpoint in /usr/local/sbin:/usr/local/bin:/usr/sbin:/usr/bin[0m
2026-09-24T17:46:33.507870907Z Stdout: [2;37m[ DEBUG   ]: 17:46:33 | EXEC: [mountpoint -q /var/tmp/kiwi_mount_manager.avz5l64_][0m
2026-09-24T17:46:33.510095998Z Stdout: [2;37m[ DEBUG   ]: 17:46:33 | Looking for umount in /usr/local/sbin:/usr/local/bin:/usr/sbin:/usr/bin[0m
2026-09-24T17:46:33.510198653Z Stdout: [2;37m[ DEBUG   ]: 17:46:33 | EXEC: [umount /var/tmp/kiwi_mount_manager.avz5l64_][0m
2026-09-24T17:46:33.515352554Z Stdout: [2;37m[ DEBUG   ]: 17:46:33 | Looking for mountpoint in /usr/local/sbin:/usr/local/bin:/usr/sbin:/usr/bin[0m
2026-09-24T17:46:33.515449197Z Stdout: [2;37m[ DEBUG   ]: 17:46:33 | EXEC: [mountpoint -q /var/tmp/kiwi_mount_manager.fc6hsp32][0m
2026-09-24T17:46:33.517788103Z Stdout: [2;37m[ DEBUG   ]: 17:46:33 | Looking for umount in /usr/local/sbin:/usr/local/bin:/usr/sbin:/usr/bin[0m
2026-09-24T17:46:33.517882964Z Stdout: [2;37m[ DEBUG   ]: 17:46:33 | EXEC: [umount /var/tmp/kiwi_mount_manager.fc6hsp32][0m
2026-09-24T17:46:33.545886241Z Stdout: [ INFO    ]: 17:46:33 | Cleaning up Disk instance
2026-09-24T17:46:33.545992117Z Stdout: [2;37m[ DEBUG   ]: 17:46:33 | Looking for partx in /usr/local/sbin:/usr/local/bin:/usr/sbin:/usr/bin[0m
2026-09-24T17:46:33.546161267Z Stdout: [2;37m[ DEBUG   ]: 17:46:33 | EXEC: [partx --delete /dev/loop0][0m
2026-09-24T17:46:33.549204936Z Stdout: [2;37m[ DEBUG   ]: 17:46:33 | Looking for losetup in /usr/local/sbin:/usr/local/bin:/usr/sbin:/usr/bin[0m
2026-09-24T17:46:33.549290023Z Stdout: [2;37m[ DEBUG   ]: 17:46:33 | EXEC: [losetup -d /dev/loop0][0m
2026-09-24T17:46:33.551898732Z Stdout: [ INFO    ]: 17:46:33 | Export rpm packages metadata
2026-09-24T17:46:33.552006516Z Stdout: [2;37m[ DEBUG   ]: 17:46:33 | Creating directory /tmp/build/image-root/dev[0m
2026-09-24T17:46:33.552315318Z Stdout: [2;37m[ DEBUG   ]: 17:46:33 | Looking for mountpoint in /usr/local/sbin:/usr/local/bin:/usr/sbin:/usr/bin[0m
2026-09-24T17:46:33.552326170Z Stdout: [2;37m[ DEBUG   ]: 17:46:33 | EXEC: [mountpoint -q /tmp/build/image-root/dev][0m
2026-09-24T17:46:33.554716241Z Stdout: [2;37m[ DEBUG   ]: 17:46:33 | Looking for mountpoint in /usr/local/sbin:/usr/local/bin:/usr/sbin:/usr/bin[0m
2026-09-24T17:46:33.554830452Z Stdout: [2;37m[ DEBUG   ]: 17:46:33 | EXEC: [mountpoint -q /tmp/build/image-root/dev][0m
2026-09-24T17:46:33.557169985Z Stdout: [2;37m[ DEBUG   ]: 17:46:33 | Looking for mount in /usr/local/sbin:/usr/local/bin:/usr/sbin:/usr/bin[0m
2026-09-24T17:46:33.557263895Z Stdout: [2;37m[ DEBUG   ]: 17:46:33 | EXEC: [mount -n --bind /dev /tmp/build/image-root/dev][0m
2026-09-24T17:46:33.559652073Z Stdout: [2;37m[ DEBUG   ]: 17:46:33 | Looking for rpmdb in /tmp/build/image-root/usr/local/sbin:/tmp/build/image-root/usr/local/bin:/tmp/build/image-root/usr/sbin:/tmp/build/image-root/usr/bin[0m
2026-09-24T17:46:33.559797944Z Stdout: [2;37m[ DEBUG   ]: 17:46:33 | Looking for chroot in /usr/local/sbin:/usr/local/bin:/usr/sbin:/usr/bin[0m
2026-09-24T17:46:33.559861565Z Stdout: [2;37m[ DEBUG   ]: 17:46:33 | EXEC: [chroot /tmp/build/image-root rpm -E %_dbpath][0m
2026-09-24T17:46:33.566045012Z Stdout: [2;37m[ DEBUG   ]: 17:46:33 | Looking for mountpoint in /usr/local/sbin:/usr/local/bin:/usr/sbin:/usr/bin[0m
2026-09-24T17:46:33.566050764Z Stdout: [2;37m[ DEBUG   ]: 17:46:33 | EXEC: [mountpoint -q /tmp/build/image-root/dev][0m
2026-09-24T17:46:33.568562460Z Stdout: [2;37m[ DEBUG   ]: 17:46:33 | Looking for mountpoint in /usr/local/sbin:/usr/local/bin:/usr/sbin:/usr/bin[0m
2026-09-24T17:46:33.568655343Z Stdout: [2;37m[ DEBUG   ]: 17:46:33 | EXEC: [mountpoint -q /tmp/build/image-root/dev][0m
2026-09-24T17:46:33.570881344Z Stdout: [2;37m[ DEBUG   ]: 17:46:33 | Looking for umount in /usr/local/sbin:/usr/local/bin:/usr/sbin:/usr/bin[0m
2026-09-24T17:46:33.570980241Z Stdout: [2;37m[ DEBUG   ]: 17:46:33 | EXEC: [umount -l /tmp/build/image-root/dev][0m
2026-09-24T17:46:33.573617833Z Stdout: [2;37m[ DEBUG   ]: 17:46:33 | Looking for rpm in /usr/local/sbin:/usr/local/bin:/usr/sbin:/usr/bin[0m
2026-09-24T17:46:33.573734943Z Stdout: [2;37m[ DEBUG   ]: 17:46:33 | EXEC: [rpm --root /tmp/build/image-root -qa --qf %{NAME}|%{EPOCH}|%{VERSION}|%{RELEASE}|%{ARCH}|%{DISTURL}|%{LICENSE}\n --dbpath /var/lib/rpm][0m
2026-09-24T17:46:33.637615416Z Stdout: [ INFO    ]: 17:46:33 | Export rpm packages changelog metadata
2026-09-24T17:46:33.637686910Z Stdout: [2;37m[ DEBUG   ]: 17:46:33 | Creating directory /tmp/build/image-root/dev[0m
2026-09-24T17:46:33.637860188Z Stdout: [2;37m[ DEBUG   ]: 17:46:33 | Looking for mountpoint in /usr/local/sbin:/usr/local/bin:/usr/sbin:/usr/bin[0m
2026-09-24T17:46:33.637961488Z Stdout: [2;37m[ DEBUG   ]: 17:46:33 | EXEC: [mountpoint -q /tmp/build/image-root/dev][0m
2026-09-24T17:46:33.641491973Z Stdout: [2;37m[ DEBUG   ]: 17:46:33 | Looking for mountpoint in /usr/local/sbin:/usr/local/bin:/usr/sbin:/usr/bin[0m
2026-09-24T17:46:33.641496682Z Stdout: [2;37m[ DEBUG   ]: 17:46:33 | EXEC: [mountpoint -q /tmp/build/image-root/dev][0m
2026-09-24T17:46:33.643789314Z Stdout: [2;37m[ DEBUG   ]: 17:46:33 | Looking for mount in /usr/local/sbin:/usr/local/bin:/usr/sbin:/usr/bin[0m
2026-09-24T17:46:33.643907350Z Stdout: [2;37m[ DEBUG   ]: 17:46:33 | EXEC: [mount -n --bind /dev /tmp/build/image-root/dev][0m
2026-09-24T17:46:33.646204863Z Stdout: [2;37m[ DEBUG   ]: 17:46:33 | Looking for rpmdb in /tmp/build/image-root/usr/local/sbin:/tmp/build/image-root/usr/local/bin:/tmp/build/image-root/usr/sbin:/tmp/build/image-root/usr/bin[0m
2026-09-24T17:46:33.646317887Z Stdout: [2;37m[ DEBUG   ]: 17:46:33 | Looking for chroot in /usr/local/sbin:/usr/local/bin:/usr/sbin:/usr/bin[0m
2026-09-24T17:46:33.646379969Z Stdout: [2;37m[ DEBUG   ]: 17:46:33 | EXEC: [chroot /tmp/build/image-root rpm -E %_dbpath][0m
2026-09-24T17:46:33.652231670Z Stdout: [2;37m[ DEBUG   ]: 17:46:33 | Looking for mountpoint in /usr/local/sbin:/usr/local/bin:/usr/sbin:/usr/bin[0m
2026-09-24T17:46:33.652341350Z Stdout: [2;37m[ DEBUG   ]: 17:46:33 | EXEC: [mountpoint -q /tmp/build/image-root/dev][0m
2026-09-24T17:46:33.654491290Z Stdout: [2;37m[ DEBUG   ]: 17:46:33 | Looking for mountpoint in /usr/local/sbin:/usr/local/bin:/usr/sbin:/usr/bin[0m
2026-09-24T17:46:33.654628573Z Stdout: [2;37m[ DEBUG   ]: 17:46:33 | EXEC: [mountpoint -q /tmp/build/image-root/dev][0m
2026-09-24T17:46:33.656770831Z Stdout: [2;37m[ DEBUG   ]: 17:46:33 | Looking for umount in /usr/local/sbin:/usr/local/bin:/usr/sbin:/usr/bin[0m
2026-09-24T17:46:33.656888184Z Stdout: [2;37m[ DEBUG   ]: 17:46:33 | EXEC: [umount -l /tmp/build/image-root/dev][0m
2026-09-24T17:46:33.659356810Z Stdout: [2;37m[ DEBUG   ]: 17:46:33 | Looking for rpm in /usr/local/sbin:/usr/local/bin:/usr/sbin:/usr/bin[0m
2026-09-24T17:46:33.659457750Z Stdout: [2;37m[ DEBUG   ]: 17:46:33 | EXEC: [rpm --root /tmp/build/image-root -qa --qf %{NAME}|\n --changelog --dbpath /var/lib/rpm][0m
2026-09-24T17:46:33.726577558Z Stdout: [ INFO    ]: 17:46:33 | Export rpm verification metadata
2026-09-24T17:46:33.726584054Z Stdout: [2;37m[ DEBUG   ]: 17:46:33 | Creating directory /tmp/build/image-root/dev[0m
2026-09-24T17:46:33.726923651Z Stdout: [2;37m[ DEBUG   ]: 17:46:33 | Looking for mountpoint in /usr/local/sbin:/usr/local/bin:/usr/sbin:/usr/bin[0m
2026-09-24T17:46:33.726928091Z Stdout: [2;37m[ DEBUG   ]: 17:46:33 | EXEC: [mountpoint -q /tmp/build/image-root/dev][0m
2026-09-24T17:46:33.729823131Z Stdout: [2;37m[ DEBUG   ]: 17:46:33 | Looking for mountpoint in /usr/local/sbin:/usr/local/bin:/usr/sbin:/usr/bin[0m
2026-09-24T17:46:33.729827556Z Stdout: [2;37m[ DEBUG   ]: 17:46:33 | EXEC: [mountpoint -q /tmp/build/image-root/dev][0m
2026-09-24T17:46:33.732600455Z Stdout: [2;37m[ DEBUG   ]: 17:46:33 | Looking for mount in /usr/local/sbin:/usr/local/bin:/usr/sbin:/usr/bin[0m
2026-09-24T17:46:33.732606586Z Stdout: [2;37m[ DEBUG   ]: 17:46:33 | EXEC: [mount -n --bind /dev /tmp/build/image-root/dev][0m
2026-09-24T17:46:33.734938094Z Stdout: [2;37m[ DEBUG   ]: 17:46:33 | Looking for rpmdb in /tmp/build/image-root/usr/local/sbin:/tmp/build/image-root/usr/local/bin:/tmp/build/image-root/usr/sbin:/tmp/build/image-root/usr/bin[0m
2026-09-24T17:46:33.734949894Z Stdout: [2;37m[ DEBUG   ]: 17:46:33 | Looking for chroot in /usr/local/sbin:/usr/local/bin:/usr/sbin:/usr/bin[0m
2026-09-24T17:46:33.735166525Z Stdout: [2;37m[ DEBUG   ]: 17:46:33 | EXEC: [chroot /tmp/build/image-root rpm -E %_dbpath][0m
2026-09-24T17:46:33.740790712Z Stdout: [2;37m[ DEBUG   ]: 17:46:33 | Looking for mountpoint in /usr/local/sbin:/usr/local/bin:/usr/sbin:/usr/bin[0m
2026-09-24T17:46:33.740883215Z Stdout: [2;37m[ DEBUG   ]: 17:46:33 | EXEC: [mountpoint -q /tmp/build/image-root/dev][0m
2026-09-24T17:46:33.743330600Z Stdout: [2;37m[ DEBUG   ]: 17:46:33 | Looking for mountpoint in /usr/local/sbin:/usr/local/bin:/usr/sbin:/usr/bin[0m
2026-09-24T17:46:33.743335809Z Stdout: [2;37m[ DEBUG   ]: 17:46:33 | EXEC: [mountpoint -q /tmp/build/image-root/dev][0m
2026-09-24T17:46:33.745445472Z Stdout: [2;37m[ DEBUG   ]: 17:46:33 | Looking for umount in /usr/local/sbin:/usr/local/bin:/usr/sbin:/usr/bin[0m
2026-09-24T17:46:33.745565261Z Stdout: [2;37m[ DEBUG   ]: 17:46:33 | EXEC: [umount -l /tmp/build/image-root/dev][0m
2026-09-24T17:46:33.747904081Z Stdout: [2;37m[ DEBUG   ]: 17:46:33 | Looking for rpm in /usr/local/sbin:/usr/local/bin:/usr/sbin:/usr/bin[0m
2026-09-24T17:46:33.748004761Z Stdout: [2;37m[ DEBUG   ]: 17:46:33 | EXEC: [rpm --root /tmp/build/image-root -Va --dbpath /var/lib/rpm][0m
2026-09-24T17:46:35.135574302Z Stdout: [ INFO    ]: 17:46:35 | Result files:
2026-09-24T17:46:35.135582927Z Stdout: [ INFO    ]: 17:46:35 | --> disk_image: /tmp/al2023-attestable-image-example.x86_64-1.0.0.raw
2026-09-24T17:46:35.135585605Z Stdout: [ INFO    ]: 17:46:35 | --> image_changes: /tmp/al2023-attestable-image-example.x86_64-1.0.0.changes
2026-09-24T17:46:35.135588447Z Stdout: [ INFO    ]: 17:46:35 | --> image_packages: /tmp/al2023-attestable-image-example.x86_64-1.0.0.packages
2026-09-24T17:46:35.135591362Z Stdout: [ INFO    ]: 17:46:35 | --> image_verified: /tmp/al2023-attestable-image-example.x86_64-1.0.0.verified
2026-09-24T17:46:35.550096158Z CmdExecution: Command execution has been completed
2026-09-24T17:46:35.550102906Z CmdExecution: Command execution was completed successfully
2026-09-24T17:46:35.550108458Z CmdExecution: Stderr: 
2026-09-24T17:46:35.550113277Z CmdExecution: ExitCode 0
2026-09-24T17:46:35.550192075Z ExecuteBash: FINISHED EXECUTION
2026-09-24T17:46:35.583862859Z Step CreateTagSpecificationsJson
2026-09-24T17:46:35.583991071Z If: StringEquals: Is 'yes' equal to 'yes'? true
2026-09-24T17:46:35.583996172Z If: condition evaluated to 'true' and 'Then' defines the action as Execute
2026-09-24T17:46:35.610030425Z ExecuteBash: STARTED EXECUTION
2026-09-24T17:46:35.617976688Z Stdout: Created tag specification file at /tag_specification.json
2026-09-24T17:46:35.618007170Z CmdExecution: Command execution has been completed
2026-09-24T17:46:35.618011249Z CmdExecution: Command execution was completed successfully
2026-09-24T17:46:35.618016176Z CmdExecution: Stderr: 
2026-09-24T17:46:35.618020467Z CmdExecution: ExitCode 0
2026-09-24T17:46:35.618071060Z ExecuteBash: FINISHED EXECUTION
2026-09-24T17:46:35.678696088Z Executor: FINISHED EXECUTION OF ALL DOCUMENTS
2026-09-24T17:46:35.682517638Z TOE has completed execution successfully
